[0710月2026 02:11:59.667] [main/INFO] [net.neoforged.fml.startup.Entrypoint/]: JVM Uptime at startup: 129ms
[0710月2026 02:11:59.967] [main/INFO] [net.neoforged.fml.loading.FMLLoader/]: Starting FancyModLoader version 11.0.16 (CLIENT in PROD)
[0710月2026 02:11:59.968] [main/INFO] [net.neoforged.fml.loading.FMLLoader/]: Game directory: D:\mcmodDemo\NekoJS-mult\build\ticket48-autonomous
[0710月2026 02:12:00.051] [main/INFO] [net.neoforged.fml.loading.EarlyServiceDiscovery/]: Found 2 early service jars (out of 118) in 48ms
[0710月2026 02:12:00.054] [main/INFO] [net.neoforged.fml.loading.FMLLoader/]: Loading FML Early Services:
[0710月2026 02:12:00.055] [main/INFO] [net.neoforged.fml.loading.FMLLoader/]:  - C:/Users/11515/AppData/Roaming/.minecraft/libraries/net/neoforged/fancymodloader/loader/11.0.16/loader-11.0.16.jar
[0710月2026 02:12:00.056] [main/INFO] [net.neoforged.fml.loading.FMLLoader/]:  - C:/Users/11515/AppData/Roaming/.minecraft/libraries/net/neoforged/fancymodloader/earlydisplay/11.0.16/earlydisplay-11.0.16.jar
[0710月2026 02:12:00.064] [main/INFO] [net.neoforged.fml.loading.ImmediateWindowHandler/]: Loading ImmediateWindowProvider fmlearlywindow
[0710月2026 02:12:00.743] [ForkJoinPool.commonPool-worker-12/INFO] [net.neoforged.fml.loading.moddiscovery.locators.GameLocator/]: Marking unmodified client jar as claimed to prevent loading: C:\Users\11515\AppData\Roaming\.minecraft\versions\26.2\26.2.jar
[0710月2026 02:12:00.751] [ForkJoinPool.commonPool-worker-12/INFO] [net.neoforged.fml.loading.moddiscovery.locators.GameLocator/]: Failed to find common Minecraft classes and resources on the classpath. Assuming we're launching production.
[0710月2026 02:12:00.802] [fml-loadingscreen/INFO] [net.neoforged.fml.earlydisplay.render.LoadingScreenRenderer/]: GL info: NVIDIA GeForce RTX 3060 Laptop GPU/PCIe/SSE2 GL version 3.3.0 NVIDIA 610.88, NVIDIA Corporation
[0710月2026 02:12:01.282] [ForkJoinPool.commonPool-worker-12/INFO] [net.neoforged.fml.loading.moddiscovery.locators.JarInJarDependencyLocator/]: Found 3 dependencies adding them to mods collection
[0710月2026 02:12:01.286] [ForkJoinPool.commonPool-worker-12/INFO] [net.neoforged.fml.loading.moddiscovery.ModDiscoverer/]: 
     Mod List:
		Name Version (Mod Id)

		GraalMC 25.1.3.7 (graalmc)
		Minecraft 26.2 (minecraft)
		ModDev MCP 0.4.2 (mcpmod)
		NekoJS 1.1.0-preview3 (nekojs)
		NeoForge 26.2.0.75 (neoforge)
[0710月2026 02:12:01.502] [main/INFO] [mixin/]: SpongePowered MIXIN Subsystem Version=0.8.7 Source=file:/C:/Users/11515/AppData/Roaming/.minecraft/libraries/net/fabricmc/sponge-mixin/0.17.3+mixin.0.8.7/sponge-mixin-0.17.3+mixin.0.8.7.jar Service=FML Env=CLIENT
[0710月2026 02:12:01.539] [main/INFO] [net.neoforged.fml.loading.FMLLoader/]: Loading FML Plugins:
[0710月2026 02:12:01.540] [main/INFO] [net.neoforged.fml.loading.FMLLoader/]:  - mods/nekojs-neoforge-26.2.0-1.1.0-preview3.jar > icu4j-78.3.jar
[0710月2026 02:12:01.541] [main/INFO] [net.neoforged.fml.loading.FMLLoader/]:  - ~libraries/net/neoforged/neoforge/26.2.0.75/neoforge-26.2.0.75-universal.jar > net.neoforged.neoforge-coremods-26.2.0.75.jar
[0710月2026 02:12:01.660] [main/INFO] [net.neoforged.fml.loading.FMLLoader/]: Building game content classloader:
 - graalmc (jar(mods/graal-1504336-8762962.jar))
 - mcpmod (jar(mods/minecraft-mcp-26.2-neoforge.jar))
 - minecraft (jar(~libraries/net/neoforged/minecraft-client-patched/26.2.0.75/minecraft-client-patched-26.2.0.75.jar))
 - mixinextras.neoforge (jar(~libraries/net/neoforged/neoforge/26.2.0.75/neoforge-26.2.0.75-universal.jar > mixinextras-neoforge-0.5.4.jar))
 - nekojs (jar(mods/nekojs-neoforge-26.2.0-1.1.0-preview3.jar))
 - neoforge (jar(~libraries/net/neoforged/neoforge/26.2.0.75/neoforge-26.2.0.75-universal.jar))
 - net.neoforged.fml.generated (empty(VirtualJar/net.neoforged.fml.generated))
[0710月2026 02:12:01.682] [main/INFO] [net.neoforged.fml.loading.FMLLoader/]: Built game content classloader in 39ms
[0710月2026 02:12:02.270] [main/INFO] [MixinExtras|Service/]: Initializing MixinExtras via com.llamalad7.mixinextras.service.MixinExtrasServiceImpl(version=0.5.4).
[0710月2026 02:12:03.656] [Datafixer Bootstrap #0/INFO] [com.mojang.datafixers.DataFixerBuilder/]: 298 Datafixer optimizations took 398 milliseconds
[0710月2026 02:12:08.889] [modloading-worker-0/INFO] [net.neoforged.neoforge.common.NeoForgeMod/NEOFORGE-MOD]: NeoForge mod loading, version 26.2.0.75, for MC 26.2
[0710月2026 02:12:08.907] [modloading-worker-0/INFO] [NekoJS/]: Engine config loaded. Unsafe features enabled: false
[0710月2026 02:12:09.280] [modloading-worker-0/ERROR] [NekoJS/]: Failed to create or backup log file for script: D:\mcmodDemo\NekoJS-mult\build\ticket48-autonomous\logs\nekojs\NekoJS.log
java.nio.file.FileSystemException: D:\mcmodDemo\NekoJS-mult\build\ticket48-autonomous\logs\nekojs\NekoJS.log -> D:\mcmodDemo\NekoJS-mult\build\ticket48-autonomous\logs\nekojs\old\NekoJS.log: 另一个程序正在使用此文件，进程无法访问。
	at java.base/sun.nio.fs.WindowsException.translateToIOException(WindowsException.java:92) ~[?:?]
	at java.base/sun.nio.fs.WindowsException.rethrowAsIOException(WindowsException.java:103) ~[?:?]
	at java.base/sun.nio.fs.WindowsFileCopy.move(WindowsFileCopy.java:400) ~[?:?]
	at java.base/sun.nio.fs.WindowsFileSystemProvider.move(WindowsFileSystemProvider.java:287) ~[?:?]
	at java.base/java.nio.file.Files.move(Files.java:1319) ~[?:?]
	at TRANSFORMER/nekojs@1.1.0-preview3/com.tkisor.nekojs.core.log.NekoJSLoggers.createLogger(NekoJSLoggers.java:104) ~[nekojs-neoforge-26.2.0-1.1.0-preview3.jar:?]
	at java.base/java.util.concurrent.ConcurrentHashMap.computeIfAbsent(ConcurrentHashMap.java:1724) ~[?:?]
	at TRANSFORMER/nekojs@1.1.0-preview3/com.tkisor.nekojs.core.log.NekoJSLoggers.get(NekoJSLoggers.java:68) ~[nekojs-neoforge-26.2.0-1.1.0-preview3.jar:?]
	at TRANSFORMER/nekojs@1.1.0-preview3/com.tkisor.nekojs.core.lifecycle.NekoRuntimeAssembly.assemble(NekoRuntimeAssembly.java:96) ~[nekojs-neoforge-26.2.0-1.1.0-preview3.jar:?]
	at TRANSFORMER/nekojs@1.1.0-preview3/com.tkisor.nekojs.core.lifecycle.NekoRuntimeAssembly.assemble(NekoRuntimeAssembly.java:76) ~[nekojs-neoforge-26.2.0-1.1.0-preview3.jar:?]
	at TRANSFORMER/nekojs@1.1.0-preview3/com.tkisor.nekojs.NekoJSMod.initializeScripts(NekoJSMod.java:169) ~[nekojs-neoforge-26.2.0-1.1.0-preview3.jar:?]
	at TRANSFORMER/nekojs@1.1.0-preview3/com.tkisor.nekojs.NekoJSMod.<init>(NekoJSMod.java:70) ~[nekojs-neoforge-26.2.0-1.1.0-preview3.jar:?]
	at TRANSFORMER/nekojs@1.1.0-preview3/com.tkisor.nekojs.NekoJSMod.<init>(NekoJSMod.java:52) ~[nekojs-neoforge-26.2.0-1.1.0-preview3.jar:?]
	at java.base/jdk.internal.reflect.DirectConstructorHandleAccessor.newInstance(DirectConstructorHandleAccessor.java:62) ~[?:?]
	at java.base/java.lang.reflect.Constructor.newInstanceWithCaller(Constructor.java:499) ~[?:?]
	at java.base/java.lang.reflect.Constructor.newInstance(Constructor.java:483) ~[?:?]
	at net.neoforged.fml.javafmlmod.FMLModContainer.constructMod(FMLModContainer.java:124) ~[loader-11.0.16.jar:11.0]
	at net.neoforged.fml.ModLoader.lambda$constructMods$0(ModLoader.java:125) [loader-11.0.16.jar:11.0]
	at net.neoforged.fml.ModLoader.lambda$dispatchParallelTask$3(ModLoader.java:203) [loader-11.0.16.jar:11.0]
	at java.base/java.util.concurrent.CompletableFuture.uniHandle(CompletableFuture.java:955) [?:?]
	at java.base/java.util.concurrent.CompletableFuture$UniHandle.tryFire(CompletableFuture.java:932) [?:?]
	at java.base/java.util.concurrent.CompletableFuture$Completion.exec(CompletableFuture.java:504) [?:?]
	at java.base/java.util.concurrent.ForkJoinTask.doExec(ForkJoinTask.java:511) [?:?]
	at java.base/java.util.concurrent.ForkJoinPool$WorkQueue.topLevelExec(ForkJoinPool.java:1450) [?:?]
	at java.base/java.util.concurrent.ForkJoinPool.runWorker(ForkJoinPool.java:2019) [?:?]
	at java.base/java.util.concurrent.ForkJoinWorkerThread.run(ForkJoinWorkerThread.java:187) [?:?]
[0710月2026 02:12:09.293] [modloading-worker-0/INFO] [NekoJS/]: Engine config loaded. Unsafe features enabled: false
[0710月2026 02:12:09.491] [modloading-worker-0/ERROR] [NekoJS/]: Failed to create or backup log file for script: D:\mcmodDemo\NekoJS-mult\build\ticket48-autonomous\logs\nekojs\startup.log
java.nio.file.FileSystemException: D:\mcmodDemo\NekoJS-mult\build\ticket48-autonomous\logs\nekojs\startup.log -> D:\mcmodDemo\NekoJS-mult\build\ticket48-autonomous\logs\nekojs\old\startup.log: 另一个程序正在使用此文件，进程无法访问。
	at java.base/sun.nio.fs.WindowsException.translateToIOException(WindowsException.java:92) ~[?:?]
	at java.base/sun.nio.fs.WindowsException.rethrowAsIOException(WindowsException.java:103) ~[?:?]
	at java.base/sun.nio.fs.WindowsFileCopy.move(WindowsFileCopy.java:400) ~[?:?]
	at java.base/sun.nio.fs.WindowsFileSystemProvider.move(WindowsFileSystemProvider.java:287) ~[?:?]
	at java.base/java.nio.file.Files.move(Files.java:1319) ~[?:?]
	at TRANSFORMER/nekojs@1.1.0-preview3/com.tkisor.nekojs.core.log.NekoJSLoggers.createLogger(NekoJSLoggers.java:104) ~[nekojs-neoforge-26.2.0-1.1.0-preview3.jar:?]
	at TRANSFORMER/nekojs@1.1.0-preview3/com.tkisor.nekojs.script.ScriptTypeEnv.logger(ScriptTypeEnv.java:38) ~[nekojs-neoforge-26.2.0-1.1.0-preview3.jar:?]
	at TRANSFORMER/nekojs@1.1.0-preview3/com.tkisor.nekojs.core.ScriptLocator.discover(ScriptLocator.java:56) ~[nekojs-neoforge-26.2.0-1.1.0-preview3.jar:?]
	at TRANSFORMER/nekojs@1.1.0-preview3/com.tkisor.nekojs.core.ScriptLocator.discover(ScriptLocator.java:38) ~[nekojs-neoforge-26.2.0-1.1.0-preview3.jar:?]
	at TRANSFORMER/nekojs@1.1.0-preview3/com.tkisor.nekojs.core.ScriptLocator.discover(ScriptLocator.java:34) ~[nekojs-neoforge-26.2.0-1.1.0-preview3.jar:?]
	at TRANSFORMER/nekojs@1.1.0-preview3/com.tkisor.nekojs.script.ScriptManager.discoverWithPacks(ScriptManager.java:601) ~[nekojs-neoforge-26.2.0-1.1.0-preview3.jar:?]
	at TRANSFORMER/nekojs@1.1.0-preview3/com.tkisor.nekojs.script.ScriptManager.discoverScripts(ScriptManager.java:590) ~[nekojs-neoforge-26.2.0-1.1.0-preview3.jar:?]
	at TRANSFORMER/nekojs@1.1.0-preview3/com.tkisor.nekojs.core.lifecycle.NekoRuntimeAssembly.assemble(NekoRuntimeAssembly.java:131) ~[nekojs-neoforge-26.2.0-1.1.0-preview3.jar:?]
	at TRANSFORMER/nekojs@1.1.0-preview3/com.tkisor.nekojs.core.lifecycle.NekoRuntimeAssembly.assemble(NekoRuntimeAssembly.java:76) ~[nekojs-neoforge-26.2.0-1.1.0-preview3.jar:?]
	at TRANSFORMER/nekojs@1.1.0-preview3/com.tkisor.nekojs.NekoJSMod.initializeScripts(NekoJSMod.java:169) ~[nekojs-neoforge-26.2.0-1.1.0-preview3.jar:?]
	at TRANSFORMER/nekojs@1.1.0-preview3/com.tkisor.nekojs.NekoJSMod.<init>(NekoJSMod.java:70) ~[nekojs-neoforge-26.2.0-1.1.0-preview3.jar:?]
	at TRANSFORMER/nekojs@1.1.0-preview3/com.tkisor.nekojs.NekoJSMod.<init>(NekoJSMod.java:52) ~[nekojs-neoforge-26.2.0-1.1.0-preview3.jar:?]
	at java.base/jdk.internal.reflect.DirectConstructorHandleAccessor.newInstance(DirectConstructorHandleAccessor.java:62) ~[?:?]
	at java.base/java.lang.reflect.Constructor.newInstanceWithCaller(Constructor.java:499) ~[?:?]
	at java.base/java.lang.reflect.Constructor.newInstance(Constructor.java:483) ~[?:?]
	at net.neoforged.fml.javafmlmod.FMLModContainer.constructMod(FMLModContainer.java:124) ~[loader-11.0.16.jar:11.0]
	at net.neoforged.fml.ModLoader.lambda$constructMods$0(ModLoader.java:125) [loader-11.0.16.jar:11.0]
	at net.neoforged.fml.ModLoader.lambda$dispatchParallelTask$3(ModLoader.java:203) [loader-11.0.16.jar:11.0]
	at java.base/java.util.concurrent.CompletableFuture.uniHandle(CompletableFuture.java:955) [?:?]
	at java.base/java.util.concurrent.CompletableFuture$UniHandle.tryFire(CompletableFuture.java:932) [?:?]
	at java.base/java.util.concurrent.CompletableFuture$Completion.exec(CompletableFuture.java:504) [?:?]
	at java.base/java.util.concurrent.ForkJoinTask.doExec(ForkJoinTask.java:511) [?:?]
	at java.base/java.util.concurrent.ForkJoinPool$WorkQueue.topLevelExec(ForkJoinPool.java:1450) [?:?]
	at java.base/java.util.concurrent.ForkJoinPool.runWorker(ForkJoinPool.java:2019) [?:?]
	at java.base/java.util.concurrent.ForkJoinWorkerThread.run(ForkJoinWorkerThread.java:187) [?:?]
[0710月2026 02:12:09.501] [modloading-worker-0/ERROR] [NekoJS/]: Failed to create or backup log file for script: D:\mcmodDemo\NekoJS-mult\build\ticket48-autonomous\logs\nekojs\server.log
java.nio.file.FileSystemException: D:\mcmodDemo\NekoJS-mult\build\ticket48-autonomous\logs\nekojs\server.log -> D:\mcmodDemo\NekoJS-mult\build\ticket48-autonomous\logs\nekojs\old\server.log: 另一个程序正在使用此文件，进程无法访问。
	at java.base/sun.nio.fs.WindowsException.translateToIOException(WindowsException.java:92) ~[?:?]
	at java.base/sun.nio.fs.WindowsException.rethrowAsIOException(WindowsException.java:103) ~[?:?]
	at java.base/sun.nio.fs.WindowsFileCopy.move(WindowsFileCopy.java:400) ~[?:?]
	at java.base/sun.nio.fs.WindowsFileSystemProvider.move(WindowsFileSystemProvider.java:287) ~[?:?]
	at java.base/java.nio.file.Files.move(Files.java:1319) ~[?:?]
	at TRANSFORMER/nekojs@1.1.0-preview3/com.tkisor.nekojs.core.log.NekoJSLoggers.createLogger(NekoJSLoggers.java:104) ~[nekojs-neoforge-26.2.0-1.1.0-preview3.jar:?]
	at TRANSFORMER/nekojs@1.1.0-preview3/com.tkisor.nekojs.script.ScriptTypeEnv.logger(ScriptTypeEnv.java:38) ~[nekojs-neoforge-26.2.0-1.1.0-preview3.jar:?]
	at TRANSFORMER/nekojs@1.1.0-preview3/com.tkisor.nekojs.core.ScriptLocator.discover(ScriptLocator.java:56) ~[nekojs-neoforge-26.2.0-1.1.0-preview3.jar:?]
	at TRANSFORMER/nekojs@1.1.0-preview3/com.tkisor.nekojs.core.ScriptLocator.discover(ScriptLocator.java:38) ~[nekojs-neoforge-26.2.0-1.1.0-preview3.jar:?]
	at TRANSFORMER/nekojs@1.1.0-preview3/com.tkisor.nekojs.core.ScriptLocator.discover(ScriptLocator.java:34) ~[nekojs-neoforge-26.2.0-1.1.0-preview3.jar:?]
	at TRANSFORMER/nekojs@1.1.0-preview3/com.tkisor.nekojs.script.ScriptManager.discoverWithPacks(ScriptManager.java:601) ~[nekojs-neoforge-26.2.0-1.1.0-preview3.jar:?]
	at TRANSFORMER/nekojs@1.1.0-preview3/com.tkisor.nekojs.script.ScriptManager.discoverScripts(ScriptManager.java:590) ~[nekojs-neoforge-26.2.0-1.1.0-preview3.jar:?]
	at TRANSFORMER/nekojs@1.1.0-preview3/com.tkisor.nekojs.core.lifecycle.NekoRuntimeAssembly.assemble(NekoRuntimeAssembly.java:131) ~[nekojs-neoforge-26.2.0-1.1.0-preview3.jar:?]
	at TRANSFORMER/nekojs@1.1.0-preview3/com.tkisor.nekojs.core.lifecycle.NekoRuntimeAssembly.assemble(NekoRuntimeAssembly.java:76) ~[nekojs-neoforge-26.2.0-1.1.0-preview3.jar:?]
	at TRANSFORMER/nekojs@1.1.0-preview3/com.tkisor.nekojs.NekoJSMod.initializeScripts(NekoJSMod.java:169) ~[nekojs-neoforge-26.2.0-1.1.0-preview3.jar:?]
	at TRANSFORMER/nekojs@1.1.0-preview3/com.tkisor.nekojs.NekoJSMod.<init>(NekoJSMod.java:70) ~[nekojs-neoforge-26.2.0-1.1.0-preview3.jar:?]
	at TRANSFORMER/nekojs@1.1.0-preview3/com.tkisor.nekojs.NekoJSMod.<init>(NekoJSMod.java:52) ~[nekojs-neoforge-26.2.0-1.1.0-preview3.jar:?]
	at java.base/jdk.internal.reflect.DirectConstructorHandleAccessor.newInstance(DirectConstructorHandleAccessor.java:62) ~[?:?]
	at java.base/java.lang.reflect.Constructor.newInstanceWithCaller(Constructor.java:499) ~[?:?]
	at java.base/java.lang.reflect.Constructor.newInstance(Constructor.java:483) ~[?:?]
	at net.neoforged.fml.javafmlmod.FMLModContainer.constructMod(FMLModContainer.java:124) ~[loader-11.0.16.jar:11.0]
	at net.neoforged.fml.ModLoader.lambda$constructMods$0(ModLoader.java:125) [loader-11.0.16.jar:11.0]
	at net.neoforged.fml.ModLoader.lambda$dispatchParallelTask$3(ModLoader.java:203) [loader-11.0.16.jar:11.0]
	at java.base/java.util.concurrent.CompletableFuture.uniHandle(CompletableFuture.java:955) [?:?]
	at java.base/java.util.concurrent.CompletableFuture$UniHandle.tryFire(CompletableFuture.java:932) [?:?]
	at java.base/java.util.concurrent.CompletableFuture$Completion.exec(CompletableFuture.java:504) [?:?]
	at java.base/java.util.concurrent.ForkJoinTask.doExec(ForkJoinTask.java:511) [?:?]
	at java.base/java.util.concurrent.ForkJoinPool$WorkQueue.topLevelExec(ForkJoinPool.java:1450) [?:?]
	at java.base/java.util.concurrent.ForkJoinPool.runWorker(ForkJoinPool.java:2019) [?:?]
	at java.base/java.util.concurrent.ForkJoinWorkerThread.run(ForkJoinWorkerThread.java:187) [?:?]
[0710月2026 02:12:09.507] [modloading-worker-0/ERROR] [NekoJS/]: Failed to create or backup log file for script: D:\mcmodDemo\NekoJS-mult\build\ticket48-autonomous\logs\nekojs\client.log
java.nio.file.FileSystemException: D:\mcmodDemo\NekoJS-mult\build\ticket48-autonomous\logs\nekojs\client.log -> D:\mcmodDemo\NekoJS-mult\build\ticket48-autonomous\logs\nekojs\old\client.log: 另一个程序正在使用此文件，进程无法访问。
	at java.base/sun.nio.fs.WindowsException.translateToIOException(WindowsException.java:92) ~[?:?]
	at java.base/sun.nio.fs.WindowsException.rethrowAsIOException(WindowsException.java:103) ~[?:?]
	at java.base/sun.nio.fs.WindowsFileCopy.move(WindowsFileCopy.java:400) ~[?:?]
	at java.base/sun.nio.fs.WindowsFileSystemProvider.move(WindowsFileSystemProvider.java:287) ~[?:?]
	at java.base/java.nio.file.Files.move(Files.java:1319) ~[?:?]
	at TRANSFORMER/nekojs@1.1.0-preview3/com.tkisor.nekojs.core.log.NekoJSLoggers.createLogger(NekoJSLoggers.java:104) ~[nekojs-neoforge-26.2.0-1.1.0-preview3.jar:?]
	at TRANSFORMER/nekojs@1.1.0-preview3/com.tkisor.nekojs.script.ScriptTypeEnv.logger(ScriptTypeEnv.java:38) ~[nekojs-neoforge-26.2.0-1.1.0-preview3.jar:?]
	at TRANSFORMER/nekojs@1.1.0-preview3/com.tkisor.nekojs.core.ScriptLocator.discover(ScriptLocator.java:56) ~[nekojs-neoforge-26.2.0-1.1.0-preview3.jar:?]
	at TRANSFORMER/nekojs@1.1.0-preview3/com.tkisor.nekojs.core.ScriptLocator.discover(ScriptLocator.java:38) ~[nekojs-neoforge-26.2.0-1.1.0-preview3.jar:?]
	at TRANSFORMER/nekojs@1.1.0-preview3/com.tkisor.nekojs.core.ScriptLocator.discover(ScriptLocator.java:34) ~[nekojs-neoforge-26.2.0-1.1.0-preview3.jar:?]
	at TRANSFORMER/nekojs@1.1.0-preview3/com.tkisor.nekojs.script.ScriptManager.discoverWithPacks(ScriptManager.java:601) ~[nekojs-neoforge-26.2.0-1.1.0-preview3.jar:?]
	at TRANSFORMER/nekojs@1.1.0-preview3/com.tkisor.nekojs.script.ScriptManager.discoverScripts(ScriptManager.java:590) ~[nekojs-neoforge-26.2.0-1.1.0-preview3.jar:?]
	at TRANSFORMER/nekojs@1.1.0-preview3/com.tkisor.nekojs.core.lifecycle.NekoRuntimeAssembly.assemble(NekoRuntimeAssembly.java:131) ~[nekojs-neoforge-26.2.0-1.1.0-preview3.jar:?]
	at TRANSFORMER/nekojs@1.1.0-preview3/com.tkisor.nekojs.core.lifecycle.NekoRuntimeAssembly.assemble(NekoRuntimeAssembly.java:76) ~[nekojs-neoforge-26.2.0-1.1.0-preview3.jar:?]
	at TRANSFORMER/nekojs@1.1.0-preview3/com.tkisor.nekojs.NekoJSMod.initializeScripts(NekoJSMod.java:169) ~[nekojs-neoforge-26.2.0-1.1.0-preview3.jar:?]
	at TRANSFORMER/nekojs@1.1.0-preview3/com.tkisor.nekojs.NekoJSMod.<init>(NekoJSMod.java:70) ~[nekojs-neoforge-26.2.0-1.1.0-preview3.jar:?]
	at TRANSFORMER/nekojs@1.1.0-preview3/com.tkisor.nekojs.NekoJSMod.<init>(NekoJSMod.java:52) ~[nekojs-neoforge-26.2.0-1.1.0-preview3.jar:?]
	at java.base/jdk.internal.reflect.DirectConstructorHandleAccessor.newInstance(DirectConstructorHandleAccessor.java:62) ~[?:?]
	at java.base/java.lang.reflect.Constructor.newInstanceWithCaller(Constructor.java:499) ~[?:?]
	at java.base/java.lang.reflect.Constructor.newInstance(Constructor.java:483) ~[?:?]
	at net.neoforged.fml.javafmlmod.FMLModContainer.constructMod(FMLModContainer.java:124) ~[loader-11.0.16.jar:11.0]
	at net.neoforged.fml.ModLoader.lambda$constructMods$0(ModLoader.java:125) [loader-11.0.16.jar:11.0]
	at net.neoforged.fml.ModLoader.lambda$dispatchParallelTask$3(ModLoader.java:203) [loader-11.0.16.jar:11.0]
	at java.base/java.util.concurrent.CompletableFuture.uniHandle(CompletableFuture.java:955) [?:?]
	at java.base/java.util.concurrent.CompletableFuture$UniHandle.tryFire(CompletableFuture.java:932) [?:?]
	at java.base/java.util.concurrent.CompletableFuture$Completion.exec(CompletableFuture.java:504) [?:?]
	at java.base/java.util.concurrent.ForkJoinTask.doExec(ForkJoinTask.java:511) [?:?]
	at java.base/java.util.concurrent.ForkJoinPool$WorkQueue.topLevelExec(ForkJoinPool.java:1450) [?:?]
	at java.base/java.util.concurrent.ForkJoinPool.runWorker(ForkJoinPool.java:2019) [?:?]
	at java.base/java.util.concurrent.ForkJoinWorkerThread.run(ForkJoinWorkerThread.java:187) [?:?]
[0710月2026 02:12:10.281] [NekoJS-Log-Flusher/INFO] [NekoJS/]: [NekoJS] NekoJS plugin runtime bootstrapped once (assembly)
[0710月2026 02:12:10.282] [NekoJS-Log-Flusher/INFO] [NekoJS/]: [startup] 发现了 1 个 STARTUP 脚本 — scripts discovered
[0710月2026 02:12:10.282] [NekoJS-Log-Flusher/INFO] [NekoJS/]: [server] 发现了 1 个 SERVER 脚本 — scripts discovered
[0710月2026 02:12:10.282] [NekoJS-Log-Flusher/INFO] [NekoJS/]: [client] 发现了 4 个 CLIENT 脚本 — scripts discovered
[0710月2026 02:12:11.282] [modloading-worker-0/INFO] [NekoJS/]: 正在为 STARTUP 注册 16 个事件组... — registering event groups
[0710月2026 02:12:11.603] [modloading-sync-worker/INFO] [NekoJS/]: 正在为 CLIENT 注册 16 个事件组... — registering event groups
[0710月2026 02:12:11.775] [modloading-sync-worker/ERROR] [NekoJS/]: [client] Script binding-preflight unknown-identifier flatMap callback exception:
环境: CLIENT
位置: client_scripts/src/combined-session.tsx:71:55
原因: Unknown identifier 'flatMap'. Did you mean 'DataMap'?

   69 |     renderFault: renderFault.get(), recoveryCount: recoveryCount.get(),
   70 |     listValues: listItems.get(),
 > 71 |     listNodes: layout ? ['list-first', 'list-second'].flatMap(id => {
     |                                                       ^
   72 |       const node = find(layout.nodes, id);
   73 |       return node ? [{ id: node.id, text: node.text ?? node.style?.text ?? null, rect: node.rect }] : [];
script-diagnostic id=nekojs:rt/CLIENT/binding-preflight unknown-identifier flatMap/5d31c64e type=client phase=RESOLVE_LINK owner=Module Resolution/Cache generation=1 candidate=false source=client_scripts/src/combined-session.tsx:71:55 module=D:/mcmodDemo/NekoJS-mult/build/ticket48-autonomous/nekojs/client_scripts/src/combined-session.tsx cause=NekoEsmLinkException: Unknown identifier 'flatMap'. Did you mean 'DataMap'? at D:\mcmodDemo\NekoJS-mult\build\ticket48-autonomous\nekojs\client_scripts\src\combined-session.tsx:71:55
[0710月2026 02:12:12.017] [modloading-sync-worker/ERROR] [NekoJS/]: [client] Script binding-preflight unknown-identifier flatMap callback exception:
环境: CLIENT
位置: client_scripts/src/combined-session.tsx:71:55
原因: Unknown identifier 'flatMap'. Did you mean 'DataMap'?
频次: 连续发生了 2 次

   69 |     renderFault: renderFault.get(), recoveryCount: recoveryCount.get(),
   70 |     listValues: listItems.get(),
 > 71 |     listNodes: layout ? ['list-first', 'list-second'].flatMap(id => {
     |                                                       ^
   72 |       const node = find(layout.nodes, id);
   73 |       return node ? [{ id: node.id, text: node.text ?? node.style?.text ?? null, rect: node.rect }] : [];
script-diagnostic id=nekojs:rt/CLIENT/binding-preflight unknown-identifier flatMap/5d31c64e type=client phase=RESOLVE_LINK owner=Module Resolution/Cache generation=1 candidate=false source=client_scripts/src/combined-session.tsx:71:55 module=D:/mcmodDemo/NekoJS-mult/build/ticket48-autonomous/nekojs/client_scripts/src/combined-session.tsx cause=NekoEsmLinkException: Unknown identifier 'flatMap'. Did you mean 'DataMap'? at D:\mcmodDemo\NekoJS-mult\build\ticket48-autonomous\nekojs\client_scripts\src\combined-session.tsx:71:55
[0710月2026 02:12:12.021] [modloading-sync-worker/INFO] [com.tkisor.nekojs.client.posteffect.PostEffectManager/]: Installed client post-effect generation 0 (0 definition(s), 0 removed, 0 re-declared)
[0710月2026 02:12:12.279] [NekoJS-Log-Flusher/INFO] [NekoJS/]: [startup] Hello, World! (Loaded startup example script)
[0710月2026 02:12:12.279] [NekoJS-Log-Flusher/INFO] [NekoJS/]: [client] Hello, World! (Loaded client example script)
[0710月2026 02:12:12.466] [Render thread/INFO] [com.mojang.authlib.yggdrasil.YggdrasilAuthenticationService/]: Environment: Environment[sessionHost=https://sessionserver.mojang.com, servicesHost=https://api.minecraftservices.com, profilesHost=https://api.mojang.com, name=PROD]
[0710月2026 02:12:12.484] [Render thread/INFO] [net.minecraft.client.Minecraft/]: Setting user: NekoDev
[0710月2026 02:12:12.612] [Render thread/INFO] [net.minecraft.client.Minecraft/]: Backend library: LWJGL version 3.4.1+2
[0710月2026 02:12:12.803] [Render thread/INFO] [net.minecraft.client.Minecraft/]: Using graphics backend OpenGL, using drivers: 3.3.0 NVIDIA 610.88
[0710月2026 02:12:12.803] [Render thread/INFO] [net.minecraft.client.Minecraft/]: Using graphics device: NVIDIA GeForce RTX 3060 Laptop GPU/PCIe/SSE2 (NVIDIA Corporation)
[0710月2026 02:12:12.803] [Render thread/INFO] [net.minecraft.client.Minecraft/]: Using graphics device extensions: GL_ARB_multi_draw_indirect, GL_ARB_buffer_storage, GL_ARB_shader_draw_parameters, GL_ARB_base_instance, GL_KHR_debug, GL_ARB_draw_indirect, GL_ARB_clip_control, GL_ARB_vertex_attrib_binding, GL_ARB_direct_state_access, GL_EXT_texture_filter_anisotropic
[0710月2026 02:12:13.012] [Render thread/WARN] [net.neoforged.neoforge.resource.ResourcePackLoader/]: Error reading optional pack metadata for mod/mcpmod, attempting fallback type
com.google.gson.JsonParseException: Pack declares support for version newer than 64, but is missing mandatory fields min_format and max_format
	at com.mojang.serialization.DataResult$Error.getOrThrow(DataResult.java:287) ~[datafixerupper-10.0.21.jar:?]
	at TRANSFORMER/minecraft@26.2/net.minecraft.server.packs.resources.ResourceMetadata$2.getSection(ResourceMetadata.java:38) ~[minecraft-client-patched-26.2.0.75.jar:?]
	at TRANSFORMER/minecraft@26.2/net.minecraft.server.packs.AbstractPackResources.getMetadataSection(AbstractPackResources.java:24) ~[minecraft-client-patched-26.2.0.75.jar:?]
	at TRANSFORMER/neoforge@26.2.0.75/net.neoforged.neoforge.resource.ResourcePackLoader.readMeta(ResourcePackLoader.java:202) ~[neoforge-26.2.0.75-universal.jar:?]
	at TRANSFORMER/neoforge@26.2.0.75/net.neoforged.neoforge.resource.ResourcePackLoader.readWithOptionalMeta(ResourcePackLoader.java:193) ~[neoforge-26.2.0.75-universal.jar:?]
	at TRANSFORMER/neoforge@26.2.0.75/net.neoforged.neoforge.resource.ResourcePackLoader.packFinder(ResourcePackLoader.java:134) ~[neoforge-26.2.0.75-universal.jar:?]
	at TRANSFORMER/neoforge@26.2.0.75/net.neoforged.neoforge.resource.ResourcePackLoader.lambda$buildPackFinder$0(ResourcePackLoader.java:97) ~[neoforge-26.2.0.75-universal.jar:?]
	at TRANSFORMER/minecraft@26.2/net.minecraft.server.packs.repository.PackRepository.discoverAvailable(PackRepository.java:45) [minecraft-client-patched-26.2.0.75.jar:?]
	at TRANSFORMER/minecraft@26.2/net.minecraft.server.packs.repository.PackRepository.reload(PackRepository.java:35) [minecraft-client-patched-26.2.0.75.jar:?]
	at TRANSFORMER/minecraft@26.2/net.minecraft.client.Minecraft.<init>(Minecraft.java:563) [minecraft-client-patched-26.2.0.75.jar:?]
	at TRANSFORMER/minecraft@26.2/net.minecraft.client.main.Main.main(Main.java:280) [minecraft-client-patched-26.2.0.75.jar:?]
	at net.neoforged.fml.startup.Client.main(Client.java:19) [loader-11.0.16.jar:11.0]
[0710月2026 02:12:13.669] [Download-2/ERROR] [net.minecraft.client.Minecraft/]: Failed to fetch user properties
com.mojang.authlib.exceptions.InvalidCredentialsException: Status: 401
	at com.mojang.authlib.exceptions.MinecraftClientHttpException.toAuthenticationException(MinecraftClientHttpException.java:70) ~[authlib-9.0.75.jar:?]
	at com.mojang.authlib.yggdrasil.YggdrasilUserApiService.fetchProperties(YggdrasilUserApiService.java:173) ~[authlib-9.0.75.jar:?]
	at TRANSFORMER/minecraft@26.2/net.minecraft.client.Minecraft.lambda$new$1(Minecraft.java:409) [minecraft-client-patched-26.2.0.75.jar:?]
	at java.base/java.util.concurrent.CompletableFuture$AsyncSupply.run(CompletableFuture.java:1789) [?:?]
	at java.base/java.util.concurrent.ThreadPoolExecutor.runWorker(ThreadPoolExecutor.java:1090) [?:?]
	at java.base/java.util.concurrent.ThreadPoolExecutor$Worker.run(ThreadPoolExecutor.java:614) [?:?]
	at java.base/java.lang.Thread.run(Thread.java:1474) [?:?]
Caused by: MinecraftClientHttpException[type=HTTP_ERROR, status=401, response=ErrorResponse[path=/player/attributes, error=null, errorMessage=null, details=null]]
	at com.mojang.authlib.minecraft.client.MinecraftClient.buildHttpException(MinecraftClient.java:170) ~[authlib-9.0.75.jar:?]
	at com.mojang.authlib.minecraft.client.MinecraftClient.readServiceResponse(MinecraftClient.java:147) ~[authlib-9.0.75.jar:?]
	at com.mojang.authlib.minecraft.client.MinecraftClient.getWithEtag(MinecraftClient.java:81) ~[authlib-9.0.75.jar:?]
	at com.mojang.authlib.minecraft.client.MinecraftClient.get(MinecraftClient.java:65) ~[authlib-9.0.75.jar:?]
	at com.mojang.authlib.yggdrasil.YggdrasilUserApiService.fetchProperties(YggdrasilUserApiService.java:123) ~[authlib-9.0.75.jar:?]
	... 5 more
[0710月2026 02:12:14.091] [Render thread/INFO] [net.minecraft.server.packs.resources.ReloadableResourceManager/]: Reloading ResourceManager: vanilla, mod_resources, mod/nekojs, mod/graalmc, mod/neoforge, mod/mcpmod, nekojs
[0710月2026 02:12:14.189] [Worker-Main-17/INFO] [net.minecraft.client.gui.font.providers.UnihexProvider/]: Found unifont_all_no_pua-17.0.01.hex, loading
[0710月2026 02:12:14.191] [Worker-Main-11/INFO] [net.minecraft.client.gui.font.providers.UnihexProvider/]: Found unifont_pua-17.0.01.hex, loading
[0710月2026 02:12:14.335] [Worker-Main-7/INFO] [net.minecraft.client.gui.font.providers.UnihexProvider/]: Found unifont_jp_patch-17.0.01.hex, loading
[0710月2026 02:12:14.348] [Download-2/INFO] [com.mojang.realmsclient.client.RealmsClient/]: Could not authorize you against Realms server: javax.ws.rs.BadRequestException: Invalid session
[0710月2026 02:12:14.349] [Download-2/ERROR] [com.mojang.realmsclient.client.RealmsClient/]: Failed to fetch Realms feature flags
com.mojang.realmsclient.exception.RealmsServiceException: Realms authentication error with message 'javax.ws.rs.BadRequestException: Invalid session'
	at TRANSFORMER/minecraft@26.2/com.mojang.realmsclient.client.RealmsClient.execute(RealmsClient.java:517) [minecraft-client-patched-26.2.0.75.jar:?]
	at TRANSFORMER/minecraft@26.2/com.mojang.realmsclient.client.RealmsClient.fetchFeatureFlags(RealmsClient.java:162) [minecraft-client-patched-26.2.0.75.jar:?]
	at java.base/java.util.concurrent.CompletableFuture$AsyncSupply.run(CompletableFuture.java:1789) [?:?]
	at java.base/java.util.concurrent.ThreadPoolExecutor.runWorker(ThreadPoolExecutor.java:1090) [?:?]
	at java.base/java.util.concurrent.ThreadPoolExecutor$Worker.run(ThreadPoolExecutor.java:614) [?:?]
	at java.base/java.lang.Thread.run(Thread.java:1474) [?:?]
[0710月2026 02:12:15.382] [Render thread/WARN] [com.mojang.blaze3d.opengl.GlProgram/]: neoforge:pipeline/item_translucent_unlit shader program does not use sampler Sampler2 defined in the pipeline. This might be a bug.
[0710月2026 02:12:15.400] [Render thread/WARN] [com.mojang.blaze3d.opengl.GlProgram/]: neoforge:pipeline/item_cutout_unlit shader program does not use sampler Sampler2 defined in the pipeline. This might be a bug.
[0710月2026 02:12:15.467] [Render thread/INFO] [com.mojang.blaze3d.audio.Library/]: OpenAL initialized on device OpenAL Soft on 扬声器 (Razer Barracuda X)
[0710月2026 02:12:15.468] [Render thread/INFO] [net.minecraft.client.sounds.SoundEngine/SOUNDS]: Sound engine started
[0710月2026 02:12:15.469] [Render thread/INFO] [net.minecraft.client.renderer.texture.TextureAtlas/]: Created: 512x256x0 minecraft:textures/atlas/particles.png-atlas
[0710月2026 02:12:15.504] [Render thread/INFO] [net.minecraft.client.renderer.texture.TextureAtlas/]: Created: 128x128x0 minecraft:textures/atlas/decorated_pot.png-atlas
[0710月2026 02:12:15.508] [Render thread/INFO] [net.minecraft.client.renderer.texture.TextureAtlas/]: Created: 2048x1024x0 minecraft:textures/atlas/armor_trims.png-atlas
[0710月2026 02:12:15.541] [Render thread/INFO] [net.minecraft.client.renderer.texture.TextureAtlas/]: Created: 512x256x0 minecraft:textures/atlas/paintings.png-atlas
[0710月2026 02:12:15.569] [Render thread/INFO] [net.minecraft.client.renderer.texture.TextureAtlas/]: Created: 1024x512x0 minecraft:textures/atlas/shield_patterns.png-atlas
[0710月2026 02:12:15.572] [Render thread/INFO] [net.minecraft.client.renderer.texture.TextureAtlas/]: Created: 2048x2048x4 minecraft:textures/atlas/blocks.png-atlas
[0710月2026 02:12:15.702] [Render thread/INFO] [net.minecraft.client.renderer.texture.TextureAtlas/]: Created: 512x512x0 minecraft:textures/atlas/chest.png-atlas
[0710月2026 02:12:15.730] [Render thread/INFO] [net.minecraft.client.renderer.texture.TextureAtlas/]: Created: 256x128x0 minecraft:textures/atlas/celestials.png-atlas
[0710月2026 02:12:15.736] [Render thread/INFO] [net.minecraft.client.renderer.texture.TextureAtlas/]: Created: 1024x512x0 minecraft:textures/atlas/banner_patterns.png-atlas
[0710月2026 02:12:15.740] [Render thread/INFO] [net.minecraft.client.renderer.texture.TextureAtlas/]: Created: 1024x512x0 minecraft:textures/atlas/items.png-atlas
[0710月2026 02:12:15.762] [Render thread/INFO] [net.minecraft.client.renderer.texture.TextureAtlas/]: Created: 1024x1024x0 minecraft:textures/atlas/gui.png-atlas
[0710月2026 02:12:15.796] [Render thread/INFO] [net.minecraft.client.renderer.texture.TextureAtlas/]: Created: 128x64x0 minecraft:textures/atlas/map_decorations.png-atlas
[0710月2026 02:12:15.817] [Render thread/INFO] [net.minecraft.client.renderer.texture.TextureAtlas/]: Created: 512x512x0 minecraft:textures/atlas/shulker_boxes.png-atlas
[0710月2026 02:12:15.964] [Render thread/INFO] [net.neoforged.neoforge.client.entity.animation.json.AnimationLoader/]: Loaded 0 entity animations
[0710月2026 02:12:16.279] [Render thread/INFO] [NekoJS/]: 正在为 CLIENT 注册 16 个事件组... — registering event groups
[0710月2026 02:12:16.281] [NekoJS-Log-Flusher/INFO] [NekoJS/]: [client] 正在重载 CLIENT 脚本... — reloading scripts (x2)
[0710月2026 02:12:16.296] [Render thread/INFO] [NekoJS/]: [client] 发现了 4 个 CLIENT 脚本 — scripts discovered
[0710月2026 02:12:16.309] [Render thread/ERROR] [NekoJS/]: [client] Script binding-preflight unknown-identifier flatMap callback exception:
环境: CLIENT
位置: client_scripts/src/combined-session.tsx:71:55
原因: Unknown identifier 'flatMap'. Did you mean 'DataMap'?

   69 |     renderFault: renderFault.get(), recoveryCount: recoveryCount.get(),
   70 |     listValues: listItems.get(),
 > 71 |     listNodes: layout ? ['list-first', 'list-second'].flatMap(id => {
     |                                                       ^
   72 |       const node = find(layout.nodes, id);
   73 |       return node ? [{ id: node.id, text: node.text ?? node.style?.text ?? null, rect: node.rect }] : [];
script-diagnostic id=nekojs:rt/CLIENT/binding-preflight unknown-identifier flatMap/5d31c64e type=client phase=RESOLVE_LINK owner=Module Resolution/Cache generation=2 candidate=true source=client_scripts/src/combined-session.tsx:71:55 module=D:/mcmodDemo/NekoJS-mult/build/ticket48-autonomous/nekojs/client_scripts/src/combined-session.tsx cause=NekoEsmLinkException: Unknown identifier 'flatMap'. Did you mean 'DataMap'? at D:\mcmodDemo\NekoJS-mult\build\ticket48-autonomous\nekojs\client_scripts\src\combined-session.tsx:71:55
[0710月2026 02:12:16.367] [Render thread/ERROR] [NekoJS/]: [client] Script binding-preflight unknown-identifier flatMap callback exception:
环境: CLIENT
位置: client_scripts/src/combined-session.tsx:71:55
原因: Unknown identifier 'flatMap'. Did you mean 'DataMap'?
频次: 连续发生了 2 次

   69 |     renderFault: renderFault.get(), recoveryCount: recoveryCount.get(),
   70 |     listValues: listItems.get(),
 > 71 |     listNodes: layout ? ['list-first', 'list-second'].flatMap(id => {
     |                                                       ^
   72 |       const node = find(layout.nodes, id);
   73 |       return node ? [{ id: node.id, text: node.text ?? node.style?.text ?? null, rect: node.rect }] : [];
script-diagnostic id=nekojs:rt/CLIENT/binding-preflight unknown-identifier flatMap/5d31c64e type=client phase=RESOLVE_LINK owner=Module Resolution/Cache generation=2 candidate=true source=client_scripts/src/combined-session.tsx:71:55 module=D:/mcmodDemo/NekoJS-mult/build/ticket48-autonomous/nekojs/client_scripts/src/combined-session.tsx cause=NekoEsmLinkException: Unknown identifier 'flatMap'. Did you mean 'DataMap'? at D:\mcmodDemo\NekoJS-mult\build\ticket48-autonomous\nekojs\client_scripts\src\combined-session.tsx:71:55
[0710月2026 02:12:16.373] [Render thread/INFO] [com.tkisor.nekojs.client.posteffect.PostEffectManager/]: Installed client post-effect generation 1 (0 definition(s), 0 removed, 0 re-declared)
[0710月2026 02:12:16.379] [Render thread/INFO] [NekoJS/]: [client] Hello, World! (Loaded client example script)
[0710月2026 02:12:16.657] [Download-2/INFO] [com.mojang.realmsclient.client.RealmsClient/]: Could not authorize you against Realms server: javax.ws.rs.BadRequestException: Invalid session
[0710月2026 02:12:16.657] [Download-2/ERROR] [com.mojang.realmsclient.RealmsAvailability/]: Couldn't connect to realms
com.mojang.realmsclient.exception.RealmsServiceException: Realms authentication error with message 'javax.ws.rs.BadRequestException: Invalid session'
	at TRANSFORMER/minecraft@26.2/com.mojang.realmsclient.client.RealmsClient.execute(RealmsClient.java:517) ~[minecraft-client-patched-26.2.0.75.jar:?]
	at TRANSFORMER/minecraft@26.2/com.mojang.realmsclient.client.RealmsClient.clientCompatible(RealmsClient.java:284) ~[minecraft-client-patched-26.2.0.75.jar:?]
	at TRANSFORMER/minecraft@26.2/com.mojang.realmsclient.RealmsAvailability.lambda$check$0(RealmsAvailability.java:50) [minecraft-client-patched-26.2.0.75.jar:?]
	at java.base/java.util.concurrent.CompletableFuture$AsyncSupply.run(CompletableFuture.java:1789) [?:?]
	at java.base/java.util.concurrent.ThreadPoolExecutor.runWorker(ThreadPoolExecutor.java:1090) [?:?]
	at java.base/java.util.concurrent.ThreadPoolExecutor$Worker.run(ThreadPoolExecutor.java:614) [?:?]
	at java.base/java.lang.Thread.run(Thread.java:1474) [?:?]
[0710月2026 02:12:17.279] [NekoJS-Log-Flusher/INFO] [NekoJS/]: [client] CLIENT 脚本重载完毕 — script reload finished (x2)
[0710月2026 02:12:22.267] [Render thread/ERROR] [NekoJS/]: [client] Script ui-visual callback exception:
环境: CLIENT
位置: ui-visual/abb041f3
原因: ticket48_auto:probe — root=ticket48-auto-root node=label#pack-font resource=ticket48_auto:probe generation=2
script-diagnostic id=nekojs:rt/CLIENT/ui-visual/abb041f3 type=client phase=EXECUTION owner=Script Execution Environment generation=2 candidate=false cause=IllegalStateException: [NEKO-6004] UI font resource missing: ticket48_auto:probe — root=ticket48-auto-root node=label#pack-font resource=ticket48_auto:probe generation=2
[0710月2026 02:12:22.280] [NekoJS-Log-Flusher/ERROR] [NekoJS/]: [client] Script ui-visual callback exception:
环境: CLIENT
位置: ui-visual/abb041f3
原因: ticket48_auto:probe — root=ticket48-auto-root node=label#pack-font resource=ticket48_auto:probe generation=2
频次: 连续发生了 2 次
script-diagnostic id=nekojs:rt/CLIENT/ui-visual/abb041f3 type=client phase=EXECUTION owner=Script Execution Environment generation=2 candidate=false cause=IllegalStateException: [NEKO-6004] UI font resource missing: ticket48_auto:probe — root=ticket48-auto-root node=label#pack-font resource=ticket48_auto:probe generation=2
[0710月2026 02:12:22.337] [Render thread/INFO] [NekoJS/]: [client] [ticket48-auto] {"stage":"open","ticks":120,"elapsedMs":5929,"statistics":{"initialBuild":1,"layout":2,"reconcile":0,"resize":1,"paint":0,"diagnostics":0,"cleanup":0},"disposed":false,"username":"","passwordLength":0,"error":"","submitting":false,"lastSubmitted":"","renderFault":false,"recoveryCount":0,"listValues":[{"id":"first","text":"A"}],"listNodes":[{"id":"list-first","text":"A","rect":{"x":0,"y":230,"width":30,"height":10}}],"profile":2,"packFontWidth":24,"usernameRect":{"x":12,"y":57,"width":196,"height":20},"passwordRect":{"x":12,"y":96,"width":196,"height":20},"submitRect":{"x":12,"y":124,"width":92,"height":20}}
[0710月2026 02:12:22.379] [Render thread/INFO] [NekoJS/]: [client] [ticket48-auto] {"stage":"profile-1-result-true","ticks":120,"elapsedMs":5994,"statistics":{"initialBuild":1,"layout":3,"reconcile":0,"resize":1,"paint":0,"diagnostics":0,"cleanup":0},"disposed":false,"username":"","passwordLength":0,"error":"","submitting":false,"lastSubmitted":"","renderFault":false,"recoveryCount":0,"listValues":[{"id":"first","text":"A"}],"listNodes":[{"id":"list-first","text":"A","rect":{"x":0,"y":230,"width":30,"height":10}}],"profile":1,"packFontWidth":24,"usernameRect":{"x":12,"y":57,"width":196,"height":20},"passwordRect":{"x":12,"y":96,"width":196,"height":20},"submitRect":{"x":12,"y":124,"width":92,"height":20}}
[0710月2026 02:12:22.410] [Render thread/INFO] [NekoJS/]: [client] [ticket48-auto] {"stage":"profile-2-result-true","ticks":120,"elapsedMs":6036,"statistics":{"initialBuild":1,"layout":4,"reconcile":0,"resize":1,"paint":0,"diagnostics":0,"cleanup":0},"disposed":false,"username":"","passwordLength":0,"error":"","submitting":false,"lastSubmitted":"","renderFault":false,"recoveryCount":0,"listValues":[{"id":"first","text":"A"}],"listNodes":[{"id":"list-first","text":"A","rect":{"x":0,"y":230,"width":30,"height":10}}],"profile":2,"packFontWidth":24,"usernameRect":{"x":12,"y":57,"width":196,"height":20},"passwordRect":{"x":12,"y":96,"width":196,"height":20},"submitRect":{"x":12,"y":124,"width":92,"height":20}}
[0710月2026 02:12:22.412] [Render thread/ERROR] [NekoJS/]: [client] Script ui-visual callback exception:
环境: CLIENT
位置: ui-visual/abb041f3
原因: ticket48_auto:probe — root=ticket48-auto-root node=label#pack-font resource=ticket48_auto:probe generation=2
频次: 连续发生了 5 次
script-diagnostic id=nekojs:rt/CLIENT/ui-visual/abb041f3 type=client phase=EXECUTION owner=Script Execution Environment generation=2 candidate=false cause=IllegalStateException: [NEKO-6004] UI font resource missing: ticket48_auto:probe — root=ticket48-auto-root node=label#pack-font resource=ticket48_auto:probe generation=2
[0710月2026 02:12:22.437] [Render thread/INFO] [NekoJS/]: [client] [ticket48-auto] {"stage":"profile-3-result-true","ticks":120,"elapsedMs":6070,"statistics":{"initialBuild":1,"layout":5,"reconcile":0,"resize":1,"paint":0,"diagnostics":0,"cleanup":0},"disposed":false,"username":"","passwordLength":0,"error":"","submitting":false,"lastSubmitted":"","renderFault":false,"recoveryCount":0,"listValues":[{"id":"first","text":"A"}],"listNodes":[{"id":"list-first","text":"A","rect":{"x":0,"y":230,"width":30,"height":10}}],"profile":3,"packFontWidth":24,"usernameRect":{"x":12,"y":57,"width":196,"height":20},"passwordRect":{"x":12,"y":96,"width":196,"height":20},"submitRect":{"x":12,"y":124,"width":92,"height":20}}
[0710月2026 02:12:22.469] [Render thread/INFO] [NekoJS/]: [client] [ticket48-auto] {"stage":"profile-4-result-true","ticks":120,"elapsedMs":6094,"statistics":{"initialBuild":1,"layout":6,"reconcile":0,"resize":1,"paint":0,"diagnostics":0,"cleanup":0},"disposed":false,"username":"","passwordLength":0,"error":"","submitting":false,"lastSubmitted":"","renderFault":false,"recoveryCount":0,"listValues":[{"id":"first","text":"A"}],"listNodes":[{"id":"list-first","text":"A","rect":{"x":0,"y":230,"width":30,"height":10}}],"profile":4,"packFontWidth":24,"usernameRect":{"x":12,"y":57,"width":196,"height":20},"passwordRect":{"x":12,"y":96,"width":196,"height":20},"submitRect":{"x":12,"y":124,"width":92,"height":20}}
[0710月2026 02:12:22.498] [Render thread/INFO] [NekoJS/]: [client] [ticket48-auto] {"stage":"profile-5-result-true","ticks":120,"elapsedMs":6126,"statistics":{"initialBuild":1,"layout":7,"reconcile":0,"resize":1,"paint":0,"diagnostics":0,"cleanup":0},"disposed":false,"username":"","passwordLength":0,"error":"","submitting":false,"lastSubmitted":"","renderFault":false,"recoveryCount":0,"listValues":[{"id":"first","text":"A"}],"listNodes":[{"id":"list-first","text":"A","rect":{"x":0,"y":230,"width":30,"height":10}}],"profile":5,"packFontWidth":24,"usernameRect":{"x":12,"y":57,"width":196,"height":20},"passwordRect":{"x":12,"y":96,"width":196,"height":20},"submitRect":{"x":12,"y":124,"width":92,"height":20}}
[0710月2026 02:12:22.526] [Render thread/INFO] [NekoJS/]: [client] [ticket48-auto] {"stage":"profile-6-result-true","ticks":120,"elapsedMs":6155,"statistics":{"initialBuild":1,"layout":8,"reconcile":0,"resize":1,"paint":0,"diagnostics":0,"cleanup":0},"disposed":false,"username":"","passwordLength":0,"error":"","submitting":false,"lastSubmitted":"","renderFault":false,"recoveryCount":0,"listValues":[{"id":"first","text":"A"}],"listNodes":[{"id":"list-first","text":"A","rect":{"x":0,"y":230,"width":30,"height":10}}],"profile":6,"packFontWidth":24,"usernameRect":{"x":12,"y":59,"width":196,"height":20},"passwordRect":{"x":12,"y":98,"width":196,"height":20},"submitRect":{"x":12,"y":126,"width":92,"height":20}}
[0710月2026 02:12:23.280] [NekoJS-Log-Flusher/INFO] [NekoJS/]: [client] [ticket48-auto] {"stage":"physical-window-restored","ticks":120,"elapsedMs":6184,"statistics":{"initialBuild":1,"layout":9,"reconcile":0,"resize":1,"paint":0,"diagnostics":0,"cleanup":0},"disposed":false,"username":"","passwordLength":0,"error":"","submitting":false,"lastSubmitted":"","renderFault":false,"recoveryCount":0,"listValues":[{"id":"first","text":"A"}],"listNodes":[{"id":"list-first","text":"A","rect":{"x":0,"y":230,"width":30,"height":10}}],"profile":2,"packFontWidth":24,"usernameRect":{"x":12,"y":57,"width":196,"height":20},"passwordRect":{"x":12,"y":96,"width":196,"height":20},"submitRect":{"x":12,"y":124,"width":92,"height":20}}
[0710月2026 02:12:26.280] [NekoJS-Log-Flusher/INFO] [NekoJS/]: [client] [ticket48-auto] {"stage":"sample","ticks":200,"elapsedMs":9685,"statistics":{"initialBuild":1,"layout":9,"reconcile":0,"resize":1,"paint":208,"diagnostics":0,"cleanup":0},"disposed":false,"username":"","passwordLength":0,"error":"","submitting":false,"lastSubmitted":"","renderFault":false,"recoveryCount":0,"listValues":[{"id":"first","text":"A"}],"listNodes":[{"id":"list-first","text":"A","rect":{"x":0,"y":230,"width":30,"height":10}}],"profile":2,"packFontWidth":24,"usernameRect":{"x":12,"y":57,"width":196,"height":20},"passwordRect":{"x":12,"y":96,"width":196,"height":20},"submitRect":{"x":12,"y":124,"width":92,"height":20}}
[0710月2026 02:12:31.281] [NekoJS-Log-Flusher/INFO] [NekoJS/]: [client] [ticket48-auto] {"stage":"sample","ticks":300,"elapsedMs":14690,"statistics":{"initialBuild":1,"layout":9,"reconcile":0,"resize":1,"paint":507,"diagnostics":0,"cleanup":0},"disposed":false,"username":"","passwordLength":0,"error":"","submitting":false,"lastSubmitted":"","renderFault":false,"recoveryCount":0,"listValues":[{"id":"first","text":"A"}],"listNodes":[{"id":"list-first","text":"A","rect":{"x":0,"y":230,"width":30,"height":10}}],"profile":2,"packFontWidth":24,"usernameRect":{"x":12,"y":57,"width":196,"height":20},"passwordRect":{"x":12,"y":96,"width":196,"height":20},"submitRect":{"x":12,"y":124,"width":92,"height":20}}
[0710月2026 02:12:36.280] [NekoJS-Log-Flusher/INFO] [NekoJS/]: [client] [ticket48-auto] {"stage":"sample","ticks":400,"elapsedMs":19694,"statistics":{"initialBuild":1,"layout":9,"reconcile":0,"resize":1,"paint":806,"diagnostics":0,"cleanup":0},"disposed":false,"username":"","passwordLength":0,"error":"","submitting":false,"lastSubmitted":"","renderFault":false,"recoveryCount":0,"listValues":[{"id":"first","text":"A"}],"listNodes":[{"id":"list-first","text":"A","rect":{"x":0,"y":230,"width":30,"height":10}}],"profile":2,"packFontWidth":24,"usernameRect":{"x":12,"y":57,"width":196,"height":20},"passwordRect":{"x":12,"y":96,"width":196,"height":20},"submitRect":{"x":12,"y":124,"width":92,"height":20}}
[0710月2026 02:12:41.279] [NekoJS-Log-Flusher/INFO] [NekoJS/]: [client] [ticket48-auto] {"stage":"sample","ticks":500,"elapsedMs":24687,"statistics":{"initialBuild":1,"layout":9,"reconcile":0,"resize":1,"paint":1104,"diagnostics":0,"cleanup":0},"disposed":false,"username":"","passwordLength":0,"error":"","submitting":false,"lastSubmitted":"","renderFault":false,"recoveryCount":0,"listValues":[{"id":"first","text":"A"}],"listNodes":[{"id":"list-first","text":"A","rect":{"x":0,"y":230,"width":30,"height":10}}],"profile":2,"packFontWidth":24,"usernameRect":{"x":12,"y":57,"width":196,"height":20},"passwordRect":{"x":12,"y":96,"width":196,"height":20},"submitRect":{"x":12,"y":124,"width":92,"height":20}}
[0710月2026 02:12:46.280] [NekoJS-Log-Flusher/INFO] [NekoJS/]: [client] [ticket48-auto] {"stage":"sample","ticks":600,"elapsedMs":29697,"statistics":{"initialBuild":1,"layout":9,"reconcile":0,"resize":1,"paint":1403,"diagnostics":0,"cleanup":0},"disposed":false,"username":"","passwordLength":0,"error":"","submitting":false,"lastSubmitted":"","renderFault":false,"recoveryCount":0,"listValues":[{"id":"first","text":"A"}],"listNodes":[{"id":"list-first","text":"A","rect":{"x":0,"y":230,"width":30,"height":10}}],"profile":2,"packFontWidth":24,"usernameRect":{"x":12,"y":57,"width":196,"height":20},"passwordRect":{"x":12,"y":96,"width":196,"height":20},"submitRect":{"x":12,"y":124,"width":92,"height":20}}
[0710月2026 02:12:51.281] [NekoJS-Log-Flusher/INFO] [NekoJS/]: [client] [ticket48-auto] {"stage":"sample","ticks":700,"elapsedMs":34691,"statistics":{"initialBuild":1,"layout":9,"reconcile":0,"resize":1,"paint":1701,"diagnostics":0,"cleanup":0},"disposed":false,"username":"","passwordLength":0,"error":"","submitting":false,"lastSubmitted":"","renderFault":false,"recoveryCount":0,"listValues":[{"id":"first","text":"A"}],"listNodes":[{"id":"list-first","text":"A","rect":{"x":0,"y":230,"width":30,"height":10}}],"profile":2,"packFontWidth":24,"usernameRect":{"x":12,"y":57,"width":196,"height":20},"passwordRect":{"x":12,"y":96,"width":196,"height":20},"submitRect":{"x":12,"y":124,"width":92,"height":20}}
[0710月2026 02:12:56.281] [NekoJS-Log-Flusher/INFO] [NekoJS/]: [client] [ticket48-auto] {"stage":"sample","ticks":800,"elapsedMs":39685,"statistics":{"initialBuild":1,"layout":9,"reconcile":0,"resize":1,"paint":1999,"diagnostics":0,"cleanup":0},"disposed":false,"username":"","passwordLength":0,"error":"","submitting":false,"lastSubmitted":"","renderFault":false,"recoveryCount":0,"listValues":[{"id":"first","text":"A"}],"listNodes":[{"id":"list-first","text":"A","rect":{"x":0,"y":230,"width":30,"height":10}}],"profile":2,"packFontWidth":24,"usernameRect":{"x":12,"y":57,"width":196,"height":20},"passwordRect":{"x":12,"y":96,"width":196,"height":20},"submitRect":{"x":12,"y":124,"width":92,"height":20}}
[0710月2026 02:13:01.280] [NekoJS-Log-Flusher/INFO] [NekoJS/]: [client] [ticket48-auto] {"stage":"sample","ticks":900,"elapsedMs":44695,"statistics":{"initialBuild":1,"layout":9,"reconcile":0,"resize":1,"paint":2274,"diagnostics":0,"cleanup":0},"disposed":false,"username":"","passwordLength":0,"error":"","submitting":false,"lastSubmitted":"","renderFault":false,"recoveryCount":0,"listValues":[{"id":"first","text":"A"}],"listNodes":[{"id":"list-first","text":"A","rect":{"x":0,"y":230,"width":30,"height":10}}],"profile":2,"packFontWidth":24,"usernameRect":{"x":12,"y":57,"width":196,"height":20},"passwordRect":{"x":12,"y":96,"width":196,"height":20},"submitRect":{"x":12,"y":124,"width":92,"height":20}}
[0710月2026 02:13:06.280] [NekoJS-Log-Flusher/INFO] [NekoJS/]: [client] [ticket48-auto] {"stage":"sample","ticks":1000,"elapsedMs":49703,"statistics":{"initialBuild":1,"layout":9,"reconcile":0,"resize":1,"paint":2424,"diagnostics":0,"cleanup":0},"disposed":false,"username":"","passwordLength":0,"error":"","submitting":false,"lastSubmitted":"","renderFault":false,"recoveryCount":0,"listValues":[{"id":"first","text":"A"}],"listNodes":[{"id":"list-first","text":"A","rect":{"x":0,"y":230,"width":30,"height":10}}],"profile":2,"packFontWidth":24,"usernameRect":{"x":12,"y":57,"width":196,"height":20},"passwordRect":{"x":12,"y":96,"width":196,"height":20},"submitRect":{"x":12,"y":124,"width":92,"height":20}}
[0710月2026 02:13:11.280] [NekoJS-Log-Flusher/INFO] [NekoJS/]: [client] [ticket48-auto] {"stage":"sample","ticks":1100,"elapsedMs":54685,"statistics":{"initialBuild":1,"layout":9,"reconcile":0,"resize":1,"paint":2573,"diagnostics":0,"cleanup":0},"disposed":false,"username":"","passwordLength":0,"error":"","submitting":false,"lastSubmitted":"","renderFault":false,"recoveryCount":0,"listValues":[{"id":"first","text":"A"}],"listNodes":[{"id":"list-first","text":"A","rect":{"x":0,"y":230,"width":30,"height":10}}],"profile":2,"packFontWidth":24,"usernameRect":{"x":12,"y":57,"width":196,"height":20},"passwordRect":{"x":12,"y":96,"width":196,"height":20},"submitRect":{"x":12,"y":124,"width":92,"height":20}}
[0710月2026 02:13:16.282] [NekoJS-Log-Flusher/INFO] [NekoJS/]: [client] [ticket48-auto] {"stage":"sample","ticks":1200,"elapsedMs":59698,"statistics":{"initialBuild":1,"layout":9,"reconcile":0,"resize":1,"paint":2723,"diagnostics":0,"cleanup":0},"disposed":false,"username":"","passwordLength":0,"error":"","submitting":false,"lastSubmitted":"","renderFault":false,"recoveryCount":0,"listValues":[{"id":"first","text":"A"}],"listNodes":[{"id":"list-first","text":"A","rect":{"x":0,"y":230,"width":30,"height":10}}],"profile":2,"packFontWidth":24,"usernameRect":{"x":12,"y":57,"width":196,"height":20},"passwordRect":{"x":12,"y":96,"width":196,"height":20},"submitRect":{"x":12,"y":124,"width":92,"height":20}}
[0710月2026 02:13:21.280] [NekoJS-Log-Flusher/INFO] [NekoJS/]: [client] [ticket48-auto] {"stage":"sample","ticks":1300,"elapsedMs":64710,"statistics":{"initialBuild":1,"layout":9,"reconcile":0,"resize":1,"paint":2873,"diagnostics":0,"cleanup":0},"disposed":false,"username":"","passwordLength":0,"error":"","submitting":false,"lastSubmitted":"","renderFault":false,"recoveryCount":0,"listValues":[{"id":"first","text":"A"}],"listNodes":[{"id":"list-first","text":"A","rect":{"x":0,"y":230,"width":30,"height":10}}],"profile":2,"packFontWidth":24,"usernameRect":{"x":12,"y":57,"width":196,"height":20},"passwordRect":{"x":12,"y":96,"width":196,"height":20},"submitRect":{"x":12,"y":124,"width":92,"height":20}}
[0710月2026 02:13:26.280] [NekoJS-Log-Flusher/INFO] [NekoJS/]: [client] [ticket48-auto] {"stage":"sample","ticks":1400,"elapsedMs":69688,"statistics":{"initialBuild":1,"layout":9,"reconcile":0,"resize":1,"paint":3022,"diagnostics":0,"cleanup":0},"disposed":false,"username":"","passwordLength":0,"error":"","submitting":false,"lastSubmitted":"","renderFault":false,"recoveryCount":0,"listValues":[{"id":"first","text":"A"}],"listNodes":[{"id":"list-first","text":"A","rect":{"x":0,"y":230,"width":30,"height":10}}],"profile":2,"packFontWidth":24,"usernameRect":{"x":12,"y":57,"width":196,"height":20},"passwordRect":{"x":12,"y":96,"width":196,"height":20},"submitRect":{"x":12,"y":124,"width":92,"height":20}}
[0710月2026 02:13:31.281] [NekoJS-Log-Flusher/INFO] [NekoJS/]: [client] [ticket48-auto] {"stage":"sample","ticks":1500,"elapsedMs":74702,"statistics":{"initialBuild":1,"layout":9,"reconcile":0,"resize":1,"paint":3172,"diagnostics":0,"cleanup":0},"disposed":false,"username":"","passwordLength":0,"error":"","submitting":false,"lastSubmitted":"","renderFault":false,"recoveryCount":0,"listValues":[{"id":"first","text":"A"}],"listNodes":[{"id":"list-first","text":"A","rect":{"x":0,"y":230,"width":30,"height":10}}],"profile":2,"packFontWidth":24,"usernameRect":{"x":12,"y":57,"width":196,"height":20},"passwordRect":{"x":12,"y":96,"width":196,"height":20},"submitRect":{"x":12,"y":124,"width":92,"height":20}}
[0710月2026 02:13:36.281] [NekoJS-Log-Flusher/INFO] [NekoJS/]: [client] [ticket48-auto] {"stage":"sample","ticks":1600,"elapsedMs":79686,"statistics":{"initialBuild":1,"layout":9,"reconcile":0,"resize":1,"paint":3321,"diagnostics":0,"cleanup":0},"disposed":false,"username":"","passwordLength":0,"error":"","submitting":false,"lastSubmitted":"","renderFault":false,"recoveryCount":0,"listValues":[{"id":"first","text":"A"}],"listNodes":[{"id":"list-first","text":"A","rect":{"x":0,"y":230,"width":30,"height":10}}],"profile":2,"packFontWidth":24,"usernameRect":{"x":12,"y":57,"width":196,"height":20},"passwordRect":{"x":12,"y":96,"width":196,"height":20},"submitRect":{"x":12,"y":124,"width":92,"height":20}}
[0710月2026 02:13:41.280] [NekoJS-Log-Flusher/INFO] [NekoJS/]: [client] [ticket48-auto] {"stage":"sample","ticks":1700,"elapsedMs":84698,"statistics":{"initialBuild":1,"layout":9,"reconcile":0,"resize":1,"paint":3471,"diagnostics":0,"cleanup":0},"disposed":false,"username":"","passwordLength":0,"error":"","submitting":false,"lastSubmitted":"","renderFault":false,"recoveryCount":0,"listValues":[{"id":"first","text":"A"}],"listNodes":[{"id":"list-first","text":"A","rect":{"x":0,"y":230,"width":30,"height":10}}],"profile":2,"packFontWidth":24,"usernameRect":{"x":12,"y":57,"width":196,"height":20},"passwordRect":{"x":12,"y":96,"width":196,"height":20},"submitRect":{"x":12,"y":124,"width":92,"height":20}}
[0710月2026 02:13:46.281] [NekoJS-Log-Flusher/INFO] [NekoJS/]: [client] [ticket48-auto] {"stage":"sample","ticks":1800,"elapsedMs":89711,"statistics":{"initialBuild":1,"layout":9,"reconcile":0,"resize":1,"paint":3621,"diagnostics":0,"cleanup":0},"disposed":false,"username":"","passwordLength":0,"error":"","submitting":false,"lastSubmitted":"","renderFault":false,"recoveryCount":0,"listValues":[{"id":"first","text":"A"}],"listNodes":[{"id":"list-first","text":"A","rect":{"x":0,"y":230,"width":30,"height":10}}],"profile":2,"packFontWidth":24,"usernameRect":{"x":12,"y":57,"width":196,"height":20},"passwordRect":{"x":12,"y":96,"width":196,"height":20},"submitRect":{"x":12,"y":124,"width":92,"height":20}}
[0710月2026 02:13:51.281] [NekoJS-Log-Flusher/INFO] [NekoJS/]: [client] [ticket48-auto] {"stage":"sample","ticks":1900,"elapsedMs":94690,"statistics":{"initialBuild":1,"layout":9,"reconcile":0,"resize":1,"paint":3770,"diagnostics":0,"cleanup":0},"disposed":false,"username":"","passwordLength":0,"error":"","submitting":false,"lastSubmitted":"","renderFault":false,"recoveryCount":0,"listValues":[{"id":"first","text":"A"}],"listNodes":[{"id":"list-first","text":"A","rect":{"x":0,"y":230,"width":30,"height":10}}],"profile":2,"packFontWidth":24,"usernameRect":{"x":12,"y":57,"width":196,"height":20},"passwordRect":{"x":12,"y":96,"width":196,"height":20},"submitRect":{"x":12,"y":124,"width":92,"height":20}}
[0710月2026 02:13:56.280] [NekoJS-Log-Flusher/INFO] [NekoJS/]: [client] [ticket48-auto] {"stage":"sample","ticks":2000,"elapsedMs":99703,"statistics":{"initialBuild":1,"layout":9,"reconcile":0,"resize":1,"paint":3920,"diagnostics":0,"cleanup":0},"disposed":false,"username":"","passwordLength":0,"error":"","submitting":false,"lastSubmitted":"","renderFault":false,"recoveryCount":0,"listValues":[{"id":"first","text":"A"}],"listNodes":[{"id":"list-first","text":"A","rect":{"x":0,"y":230,"width":30,"height":10}}],"profile":2,"packFontWidth":24,"usernameRect":{"x":12,"y":57,"width":196,"height":20},"passwordRect":{"x":12,"y":96,"width":196,"height":20},"submitRect":{"x":12,"y":124,"width":92,"height":20}}
[0710月2026 02:14:01.280] [NekoJS-Log-Flusher/INFO] [NekoJS/]: [client] [ticket48-auto] {"stage":"sample","ticks":2100,"elapsedMs":104714,"statistics":{"initialBuild":1,"layout":9,"reconcile":0,"resize":1,"paint":4070,"diagnostics":0,"cleanup":0},"disposed":false,"username":"","passwordLength":0,"error":"","submitting":false,"lastSubmitted":"","renderFault":false,"recoveryCount":0,"listValues":[{"id":"first","text":"A"}],"listNodes":[{"id":"list-first","text":"A","rect":{"x":0,"y":230,"width":30,"height":10}}],"profile":2,"packFontWidth":24,"usernameRect":{"x":12,"y":57,"width":196,"height":20},"passwordRect":{"x":12,"y":96,"width":196,"height":20},"submitRect":{"x":12,"y":124,"width":92,"height":20}}
[0710月2026 02:14:06.281] [NekoJS-Log-Flusher/INFO] [NekoJS/]: [client] [ticket48-auto] {"stage":"sample","ticks":2200,"elapsedMs":109694,"statistics":{"initialBuild":1,"layout":9,"reconcile":0,"resize":1,"paint":4219,"diagnostics":0,"cleanup":0},"disposed":false,"username":"","passwordLength":0,"error":"","submitting":false,"lastSubmitted":"","renderFault":false,"recoveryCount":0,"listValues":[{"id":"first","text":"A"}],"listNodes":[{"id":"list-first","text":"A","rect":{"x":0,"y":230,"width":30,"height":10}}],"profile":2,"packFontWidth":24,"usernameRect":{"x":12,"y":57,"width":196,"height":20},"passwordRect":{"x":12,"y":96,"width":196,"height":20},"submitRect":{"x":12,"y":124,"width":92,"height":20}}
[0710月2026 02:14:11.281] [NekoJS-Log-Flusher/INFO] [NekoJS/]: [client] [ticket48-auto] {"stage":"sample","ticks":2300,"elapsedMs":114705,"statistics":{"initialBuild":1,"layout":9,"reconcile":0,"resize":1,"paint":4369,"diagnostics":0,"cleanup":0},"disposed":false,"username":"","passwordLength":0,"error":"","submitting":false,"lastSubmitted":"","renderFault":false,"recoveryCount":0,"listValues":[{"id":"first","text":"A"}],"listNodes":[{"id":"list-first","text":"A","rect":{"x":0,"y":230,"width":30,"height":10}}],"profile":2,"packFontWidth":24,"usernameRect":{"x":12,"y":57,"width":196,"height":20},"passwordRect":{"x":12,"y":96,"width":196,"height":20},"submitRect":{"x":12,"y":124,"width":92,"height":20}}
[0710月2026 02:14:16.281] [NekoJS-Log-Flusher/INFO] [NekoJS/]: [client] [ticket48-auto] {"stage":"sample","ticks":2400,"elapsedMs":119688,"statistics":{"initialBuild":1,"layout":9,"reconcile":0,"resize":1,"paint":4518,"diagnostics":0,"cleanup":0},"disposed":false,"username":"","passwordLength":0,"error":"","submitting":false,"lastSubmitted":"","renderFault":false,"recoveryCount":0,"listValues":[{"id":"first","text":"A"}],"listNodes":[{"id":"list-first","text":"A","rect":{"x":0,"y":230,"width":30,"height":10}}],"profile":2,"packFontWidth":24,"usernameRect":{"x":12,"y":57,"width":196,"height":20},"passwordRect":{"x":12,"y":96,"width":196,"height":20},"submitRect":{"x":12,"y":124,"width":92,"height":20}}
[0710月2026 02:14:21.282] [NekoJS-Log-Flusher/INFO] [NekoJS/]: [client] [ticket48-auto] {"stage":"sample","ticks":2500,"elapsedMs":124698,"statistics":{"initialBuild":1,"layout":9,"reconcile":0,"resize":1,"paint":4668,"diagnostics":0,"cleanup":0},"disposed":false,"username":"","passwordLength":0,"error":"","submitting":false,"lastSubmitted":"","renderFault":false,"recoveryCount":0,"listValues":[{"id":"first","text":"A"}],"listNodes":[{"id":"list-first","text":"A","rect":{"x":0,"y":230,"width":30,"height":10}}],"profile":2,"packFontWidth":24,"usernameRect":{"x":12,"y":57,"width":196,"height":20},"passwordRect":{"x":12,"y":96,"width":196,"height":20},"submitRect":{"x":12,"y":124,"width":92,"height":20}}
[0710月2026 02:14:26.282] [NekoJS-Log-Flusher/INFO] [NekoJS/]: [client] [ticket48-auto] {"stage":"sample","ticks":2600,"elapsedMs":129709,"statistics":{"initialBuild":1,"layout":9,"reconcile":0,"resize":1,"paint":4818,"diagnostics":0,"cleanup":0},"disposed":false,"username":"","passwordLength":0,"error":"","submitting":false,"lastSubmitted":"","renderFault":false,"recoveryCount":0,"listValues":[{"id":"first","text":"A"}],"listNodes":[{"id":"list-first","text":"A","rect":{"x":0,"y":230,"width":30,"height":10}}],"profile":2,"packFontWidth":24,"usernameRect":{"x":12,"y":57,"width":196,"height":20},"passwordRect":{"x":12,"y":96,"width":196,"height":20},"submitRect":{"x":12,"y":124,"width":92,"height":20}}
[0710月2026 02:14:31.281] [NekoJS-Log-Flusher/INFO] [NekoJS/]: [client] [ticket48-auto] {"stage":"sample","ticks":2700,"elapsedMs":134690,"statistics":{"initialBuild":1,"layout":9,"reconcile":0,"resize":1,"paint":4967,"diagnostics":0,"cleanup":0},"disposed":false,"username":"","passwordLength":0,"error":"","submitting":false,"lastSubmitted":"","renderFault":false,"recoveryCount":0,"listValues":[{"id":"first","text":"A"}],"listNodes":[{"id":"list-first","text":"A","rect":{"x":0,"y":230,"width":30,"height":10}}],"profile":2,"packFontWidth":24,"usernameRect":{"x":12,"y":57,"width":196,"height":20},"passwordRect":{"x":12,"y":96,"width":196,"height":20},"submitRect":{"x":12,"y":124,"width":92,"height":20}}
[0710月2026 02:14:36.281] [NekoJS-Log-Flusher/INFO] [NekoJS/]: [client] [ticket48-auto] {"stage":"sample","ticks":2800,"elapsedMs":139702,"statistics":{"initialBuild":1,"layout":9,"reconcile":0,"resize":1,"paint":5117,"diagnostics":0,"cleanup":0},"disposed":false,"username":"","passwordLength":0,"error":"","submitting":false,"lastSubmitted":"","renderFault":false,"recoveryCount":0,"listValues":[{"id":"first","text":"A"}],"listNodes":[{"id":"list-first","text":"A","rect":{"x":0,"y":230,"width":30,"height":10}}],"profile":2,"packFontWidth":24,"usernameRect":{"x":12,"y":57,"width":196,"height":20},"passwordRect":{"x":12,"y":96,"width":196,"height":20},"submitRect":{"x":12,"y":124,"width":92,"height":20}}
[0710月2026 02:14:41.281] [NekoJS-Log-Flusher/INFO] [NekoJS/]: [client] [ticket48-auto] {"stage":"sample","ticks":2900,"elapsedMs":144714,"statistics":{"initialBuild":1,"layout":9,"reconcile":0,"resize":1,"paint":5267,"diagnostics":0,"cleanup":0},"disposed":false,"username":"","passwordLength":0,"error":"","submitting":false,"lastSubmitted":"","renderFault":false,"recoveryCount":0,"listValues":[{"id":"first","text":"A"}],"listNodes":[{"id":"list-first","text":"A","rect":{"x":0,"y":230,"width":30,"height":10}}],"profile":2,"packFontWidth":24,"usernameRect":{"x":12,"y":57,"width":196,"height":20},"passwordRect":{"x":12,"y":96,"width":196,"height":20},"submitRect":{"x":12,"y":124,"width":92,"height":20}}
[0710月2026 02:14:46.282] [NekoJS-Log-Flusher/INFO] [NekoJS/]: [client] [ticket48-auto] {"stage":"sample","ticks":3000,"elapsedMs":149692,"statistics":{"initialBuild":1,"layout":9,"reconcile":0,"resize":1,"paint":5416,"diagnostics":0,"cleanup":0},"disposed":false,"username":"","passwordLength":0,"error":"","submitting":false,"lastSubmitted":"","renderFault":false,"recoveryCount":0,"listValues":[{"id":"first","text":"A"}],"listNodes":[{"id":"list-first","text":"A","rect":{"x":0,"y":230,"width":30,"height":10}}],"profile":2,"packFontWidth":24,"usernameRect":{"x":12,"y":57,"width":196,"height":20},"passwordRect":{"x":12,"y":96,"width":196,"height":20},"submitRect":{"x":12,"y":124,"width":92,"height":20}}
[0710月2026 02:14:51.282] [NekoJS-Log-Flusher/INFO] [NekoJS/]: [client] [ticket48-auto] {"stage":"sample","ticks":3100,"elapsedMs":154703,"statistics":{"initialBuild":1,"layout":9,"reconcile":0,"resize":1,"paint":5566,"diagnostics":0,"cleanup":0},"disposed":false,"username":"","passwordLength":0,"error":"","submitting":false,"lastSubmitted":"","renderFault":false,"recoveryCount":0,"listValues":[{"id":"first","text":"A"}],"listNodes":[{"id":"list-first","text":"A","rect":{"x":0,"y":230,"width":30,"height":10}}],"profile":2,"packFontWidth":24,"usernameRect":{"x":12,"y":57,"width":196,"height":20},"passwordRect":{"x":12,"y":96,"width":196,"height":20},"submitRect":{"x":12,"y":124,"width":92,"height":20}}
[0710月2026 02:14:56.281] [NekoJS-Log-Flusher/INFO] [NekoJS/]: [client] [ticket48-auto] {"stage":"sample","ticks":3200,"elapsedMs":159715,"statistics":{"initialBuild":1,"layout":9,"reconcile":0,"resize":1,"paint":5716,"diagnostics":0,"cleanup":0},"disposed":false,"username":"","passwordLength":0,"error":"","submitting":false,"lastSubmitted":"","renderFault":false,"recoveryCount":0,"listValues":[{"id":"first","text":"A"}],"listNodes":[{"id":"list-first","text":"A","rect":{"x":0,"y":230,"width":30,"height":10}}],"profile":2,"packFontWidth":24,"usernameRect":{"x":12,"y":57,"width":196,"height":20},"passwordRect":{"x":12,"y":96,"width":196,"height":20},"submitRect":{"x":12,"y":124,"width":92,"height":20}}
[0710月2026 02:15:01.281] [NekoJS-Log-Flusher/INFO] [NekoJS/]: [client] [ticket48-auto] {"stage":"sample","ticks":3300,"elapsedMs":164696,"statistics":{"initialBuild":1,"layout":9,"reconcile":0,"resize":1,"paint":5865,"diagnostics":0,"cleanup":0},"disposed":false,"username":"","passwordLength":0,"error":"","submitting":false,"lastSubmitted":"","renderFault":false,"recoveryCount":0,"listValues":[{"id":"first","text":"A"}],"listNodes":[{"id":"list-first","text":"A","rect":{"x":0,"y":230,"width":30,"height":10}}],"profile":2,"packFontWidth":24,"usernameRect":{"x":12,"y":57,"width":196,"height":20},"passwordRect":{"x":12,"y":96,"width":196,"height":20},"submitRect":{"x":12,"y":124,"width":92,"height":20}}
[0710月2026 02:15:06.281] [NekoJS-Log-Flusher/INFO] [NekoJS/]: [client] [ticket48-auto] {"stage":"sample","ticks":3400,"elapsedMs":169712,"statistics":{"initialBuild":1,"layout":9,"reconcile":0,"resize":1,"paint":6015,"diagnostics":0,"cleanup":0},"disposed":false,"username":"","passwordLength":0,"error":"","submitting":false,"lastSubmitted":"","renderFault":false,"recoveryCount":0,"listValues":[{"id":"first","text":"A"}],"listNodes":[{"id":"list-first","text":"A","rect":{"x":0,"y":230,"width":30,"height":10}}],"profile":2,"packFontWidth":24,"usernameRect":{"x":12,"y":57,"width":196,"height":20},"passwordRect":{"x":12,"y":96,"width":196,"height":20},"submitRect":{"x":12,"y":124,"width":92,"height":20}}
[0710月2026 02:15:11.283] [NekoJS-Log-Flusher/INFO] [NekoJS/]: [client] [ticket48-auto] {"stage":"sample","ticks":3500,"elapsedMs":174693,"statistics":{"initialBuild":1,"layout":9,"reconcile":0,"resize":1,"paint":6164,"diagnostics":0,"cleanup":0},"disposed":false,"username":"","passwordLength":0,"error":"","submitting":false,"lastSubmitted":"","renderFault":false,"recoveryCount":0,"listValues":[{"id":"first","text":"A"}],"listNodes":[{"id":"list-first","text":"A","rect":{"x":0,"y":230,"width":30,"height":10}}],"profile":2,"packFontWidth":24,"usernameRect":{"x":12,"y":57,"width":196,"height":20},"passwordRect":{"x":12,"y":96,"width":196,"height":20},"submitRect":{"x":12,"y":124,"width":92,"height":20}}
[0710月2026 02:15:16.282] [NekoJS-Log-Flusher/INFO] [NekoJS/]: [client] [ticket48-auto] {"stage":"sample","ticks":3600,"elapsedMs":179707,"statistics":{"initialBuild":1,"layout":9,"reconcile":0,"resize":1,"paint":6314,"diagnostics":0,"cleanup":0},"disposed":false,"username":"","passwordLength":0,"error":"","submitting":false,"lastSubmitted":"","renderFault":false,"recoveryCount":0,"listValues":[{"id":"first","text":"A"}],"listNodes":[{"id":"list-first","text":"A","rect":{"x":0,"y":230,"width":30,"height":10}}],"profile":2,"packFontWidth":24,"usernameRect":{"x":12,"y":57,"width":196,"height":20},"passwordRect":{"x":12,"y":96,"width":196,"height":20},"submitRect":{"x":12,"y":124,"width":92,"height":20}}
[0710月2026 02:15:21.282] [NekoJS-Log-Flusher/INFO] [NekoJS/]: [client] [ticket48-auto] {"stage":"sample","ticks":3700,"elapsedMs":184692,"statistics":{"initialBuild":1,"layout":9,"reconcile":0,"resize":1,"paint":6463,"diagnostics":0,"cleanup":0},"disposed":false,"username":"","passwordLength":0,"error":"","submitting":false,"lastSubmitted":"","renderFault":false,"recoveryCount":0,"listValues":[{"id":"first","text":"A"}],"listNodes":[{"id":"list-first","text":"A","rect":{"x":0,"y":230,"width":30,"height":10}}],"profile":2,"packFontWidth":24,"usernameRect":{"x":12,"y":57,"width":196,"height":20},"passwordRect":{"x":12,"y":96,"width":196,"height":20},"submitRect":{"x":12,"y":124,"width":92,"height":20}}
[0710月2026 02:15:26.282] [NekoJS-Log-Flusher/INFO] [NekoJS/]: [client] [ticket48-auto] {"stage":"sample","ticks":3800,"elapsedMs":189702,"statistics":{"initialBuild":1,"layout":9,"reconcile":0,"resize":1,"paint":6613,"diagnostics":0,"cleanup":0},"disposed":false,"username":"","passwordLength":0,"error":"","submitting":false,"lastSubmitted":"","renderFault":false,"recoveryCount":0,"listValues":[{"id":"first","text":"A"}],"listNodes":[{"id":"list-first","text":"A","rect":{"x":0,"y":230,"width":30,"height":10}}],"profile":2,"packFontWidth":24,"usernameRect":{"x":12,"y":57,"width":196,"height":20},"passwordRect":{"x":12,"y":96,"width":196,"height":20},"submitRect":{"x":12,"y":124,"width":92,"height":20}}
[0710月2026 02:15:31.282] [NekoJS-Log-Flusher/INFO] [NekoJS/]: [client] [ticket48-auto] {"stage":"sample","ticks":3900,"elapsedMs":194716,"statistics":{"initialBuild":1,"layout":9,"reconcile":0,"resize":1,"paint":6763,"diagnostics":0,"cleanup":0},"disposed":false,"username":"","passwordLength":0,"error":"","submitting":false,"lastSubmitted":"","renderFault":false,"recoveryCount":0,"listValues":[{"id":"first","text":"A"}],"listNodes":[{"id":"list-first","text":"A","rect":{"x":0,"y":230,"width":30,"height":10}}],"profile":2,"packFontWidth":24,"usernameRect":{"x":12,"y":57,"width":196,"height":20},"passwordRect":{"x":12,"y":96,"width":196,"height":20},"submitRect":{"x":12,"y":124,"width":92,"height":20}}
[0710月2026 02:15:36.283] [NekoJS-Log-Flusher/INFO] [NekoJS/]: [client] [ticket48-auto] {"stage":"sample","ticks":4000,"elapsedMs":199694,"statistics":{"initialBuild":1,"layout":9,"reconcile":0,"resize":1,"paint":6912,"diagnostics":0,"cleanup":0},"disposed":false,"username":"","passwordLength":0,"error":"","submitting":false,"lastSubmitted":"","renderFault":false,"recoveryCount":0,"listValues":[{"id":"first","text":"A"}],"listNodes":[{"id":"list-first","text":"A","rect":{"x":0,"y":230,"width":30,"height":10}}],"profile":2,"packFontWidth":24,"usernameRect":{"x":12,"y":57,"width":196,"height":20},"passwordRect":{"x":12,"y":96,"width":196,"height":20},"submitRect":{"x":12,"y":124,"width":92,"height":20}}
[0710月2026 02:15:41.283] [NekoJS-Log-Flusher/INFO] [NekoJS/]: [client] [ticket48-auto] {"stage":"sample","ticks":4100,"elapsedMs":204706,"statistics":{"initialBuild":1,"layout":9,"reconcile":0,"resize":1,"paint":7062,"diagnostics":0,"cleanup":0},"disposed":false,"username":"","passwordLength":0,"error":"","submitting":false,"lastSubmitted":"","renderFault":false,"recoveryCount":0,"listValues":[{"id":"first","text":"A"}],"listNodes":[{"id":"list-first","text":"A","rect":{"x":0,"y":230,"width":30,"height":10}}],"profile":2,"packFontWidth":24,"usernameRect":{"x":12,"y":57,"width":196,"height":20},"passwordRect":{"x":12,"y":96,"width":196,"height":20},"submitRect":{"x":12,"y":124,"width":92,"height":20}}
[0710月2026 02:15:46.282] [NekoJS-Log-Flusher/INFO] [NekoJS/]: [client] [ticket48-auto] {"stage":"sample","ticks":4200,"elapsedMs":209687,"statistics":{"initialBuild":1,"layout":9,"reconcile":0,"resize":1,"paint":7211,"diagnostics":0,"cleanup":0},"disposed":false,"username":"","passwordLength":0,"error":"","submitting":false,"lastSubmitted":"","renderFault":false,"recoveryCount":0,"listValues":[{"id":"first","text":"A"}],"listNodes":[{"id":"list-first","text":"A","rect":{"x":0,"y":230,"width":30,"height":10}}],"profile":2,"packFontWidth":24,"usernameRect":{"x":12,"y":57,"width":196,"height":20},"passwordRect":{"x":12,"y":96,"width":196,"height":20},"submitRect":{"x":12,"y":124,"width":92,"height":20}}
[0710月2026 02:15:51.283] [NekoJS-Log-Flusher/INFO] [NekoJS/]: [client] [ticket48-auto] {"stage":"sample","ticks":4300,"elapsedMs":214700,"statistics":{"initialBuild":1,"layout":9,"reconcile":0,"resize":1,"paint":7361,"diagnostics":0,"cleanup":0},"disposed":false,"username":"","passwordLength":0,"error":"","submitting":false,"lastSubmitted":"","renderFault":false,"recoveryCount":0,"listValues":[{"id":"first","text":"A"}],"listNodes":[{"id":"list-first","text":"A","rect":{"x":0,"y":230,"width":30,"height":10}}],"profile":2,"packFontWidth":24,"usernameRect":{"x":12,"y":57,"width":196,"height":20},"passwordRect":{"x":12,"y":96,"width":196,"height":20},"submitRect":{"x":12,"y":124,"width":92,"height":20}}
[0710月2026 02:15:56.282] [NekoJS-Log-Flusher/INFO] [NekoJS/]: [client] [ticket48-auto] {"stage":"sample","ticks":4400,"elapsedMs":219713,"statistics":{"initialBuild":1,"layout":9,"reconcile":0,"resize":1,"paint":7511,"diagnostics":0,"cleanup":0},"disposed":false,"username":"","passwordLength":0,"error":"","submitting":false,"lastSubmitted":"","renderFault":false,"recoveryCount":0,"listValues":[{"id":"first","text":"A"}],"listNodes":[{"id":"list-first","text":"A","rect":{"x":0,"y":230,"width":30,"height":10}}],"profile":2,"packFontWidth":24,"usernameRect":{"x":12,"y":57,"width":196,"height":20},"passwordRect":{"x":12,"y":96,"width":196,"height":20},"submitRect":{"x":12,"y":124,"width":92,"height":20}}
[0710月2026 02:16:01.282] [NekoJS-Log-Flusher/INFO] [NekoJS/]: [client] [ticket48-auto] {"stage":"sample","ticks":4500,"elapsedMs":224694,"statistics":{"initialBuild":1,"layout":9,"reconcile":0,"resize":1,"paint":7660,"diagnostics":0,"cleanup":0},"disposed":false,"username":"","passwordLength":0,"error":"","submitting":false,"lastSubmitted":"","renderFault":false,"recoveryCount":0,"listValues":[{"id":"first","text":"A"}],"listNodes":[{"id":"list-first","text":"A","rect":{"x":0,"y":230,"width":30,"height":10}}],"profile":2,"packFontWidth":24,"usernameRect":{"x":12,"y":57,"width":196,"height":20},"passwordRect":{"x":12,"y":96,"width":196,"height":20},"submitRect":{"x":12,"y":124,"width":92,"height":20}}
[0710月2026 02:16:06.282] [NekoJS-Log-Flusher/INFO] [NekoJS/]: [client] [ticket48-auto] {"stage":"sample","ticks":4600,"elapsedMs":229707,"statistics":{"initialBuild":1,"layout":9,"reconcile":0,"resize":1,"paint":7810,"diagnostics":0,"cleanup":0},"disposed":false,"username":"","passwordLength":0,"error":"","submitting":false,"lastSubmitted":"","renderFault":false,"recoveryCount":0,"listValues":[{"id":"first","text":"A"}],"listNodes":[{"id":"list-first","text":"A","rect":{"x":0,"y":230,"width":30,"height":10}}],"profile":2,"packFontWidth":24,"usernameRect":{"x":12,"y":57,"width":196,"height":20},"passwordRect":{"x":12,"y":96,"width":196,"height":20},"submitRect":{"x":12,"y":124,"width":92,"height":20}}
[0710月2026 02:16:11.283] [NekoJS-Log-Flusher/INFO] [NekoJS/]: [client] [ticket48-auto] {"stage":"sample","ticks":4700,"elapsedMs":234687,"statistics":{"initialBuild":1,"layout":9,"reconcile":0,"resize":1,"paint":7959,"diagnostics":0,"cleanup":0},"disposed":false,"username":"","passwordLength":0,"error":"","submitting":false,"lastSubmitted":"","renderFault":false,"recoveryCount":0,"listValues":[{"id":"first","text":"A"}],"listNodes":[{"id":"list-first","text":"A","rect":{"x":0,"y":230,"width":30,"height":10}}],"profile":2,"packFontWidth":24,"usernameRect":{"x":12,"y":57,"width":196,"height":20},"passwordRect":{"x":12,"y":96,"width":196,"height":20},"submitRect":{"x":12,"y":124,"width":92,"height":20}}
[0710月2026 02:16:16.282] [NekoJS-Log-Flusher/INFO] [NekoJS/]: [client] [ticket48-auto] {"stage":"sample","ticks":4800,"elapsedMs":239700,"statistics":{"initialBuild":1,"layout":9,"reconcile":0,"resize":1,"paint":8109,"diagnostics":0,"cleanup":0},"disposed":false,"username":"","passwordLength":0,"error":"","submitting":false,"lastSubmitted":"","renderFault":false,"recoveryCount":0,"listValues":[{"id":"first","text":"A"}],"listNodes":[{"id":"list-first","text":"A","rect":{"x":0,"y":230,"width":30,"height":10}}],"profile":2,"packFontWidth":24,"usernameRect":{"x":12,"y":57,"width":196,"height":20},"passwordRect":{"x":12,"y":96,"width":196,"height":20},"submitRect":{"x":12,"y":124,"width":92,"height":20}}
[0710月2026 02:16:21.283] [NekoJS-Log-Flusher/INFO] [NekoJS/]: [client] [ticket48-auto] {"stage":"sample","ticks":4900,"elapsedMs":244715,"statistics":{"initialBuild":1,"layout":9,"reconcile":0,"resize":1,"paint":8259,"diagnostics":0,"cleanup":0},"disposed":false,"username":"","passwordLength":0,"error":"","submitting":false,"lastSubmitted":"","renderFault":false,"recoveryCount":0,"listValues":[{"id":"first","text":"A"}],"listNodes":[{"id":"list-first","text":"A","rect":{"x":0,"y":230,"width":30,"height":10}}],"profile":2,"packFontWidth":24,"usernameRect":{"x":12,"y":57,"width":196,"height":20},"passwordRect":{"x":12,"y":96,"width":196,"height":20},"submitRect":{"x":12,"y":124,"width":92,"height":20}}
[0710月2026 02:16:26.283] [NekoJS-Log-Flusher/INFO] [NekoJS/]: [client] [ticket48-auto] {"stage":"sample","ticks":5000,"elapsedMs":249691,"statistics":{"initialBuild":1,"layout":9,"reconcile":0,"resize":1,"paint":8408,"diagnostics":0,"cleanup":0},"disposed":false,"username":"","passwordLength":0,"error":"","submitting":false,"lastSubmitted":"","renderFault":false,"recoveryCount":0,"listValues":[{"id":"first","text":"A"}],"listNodes":[{"id":"list-first","text":"A","rect":{"x":0,"y":230,"width":30,"height":10}}],"profile":2,"packFontWidth":24,"usernameRect":{"x":12,"y":57,"width":196,"height":20},"passwordRect":{"x":12,"y":96,"width":196,"height":20},"submitRect":{"x":12,"y":124,"width":92,"height":20}}
[0710月2026 02:16:31.283] [NekoJS-Log-Flusher/INFO] [NekoJS/]: [client] [ticket48-auto] {"stage":"sample","ticks":5100,"elapsedMs":254707,"statistics":{"initialBuild":1,"layout":9,"reconcile":0,"resize":1,"paint":8558,"diagnostics":0,"cleanup":0},"disposed":false,"username":"","passwordLength":0,"error":"","submitting":false,"lastSubmitted":"","renderFault":false,"recoveryCount":0,"listValues":[{"id":"first","text":"A"}],"listNodes":[{"id":"list-first","text":"A","rect":{"x":0,"y":230,"width":30,"height":10}}],"profile":2,"packFontWidth":24,"usernameRect":{"x":12,"y":57,"width":196,"height":20},"passwordRect":{"x":12,"y":96,"width":196,"height":20},"submitRect":{"x":12,"y":124,"width":92,"height":20}}
[0710月2026 02:16:36.282] [NekoJS-Log-Flusher/INFO] [NekoJS/]: [client] [ticket48-auto] {"stage":"sample","ticks":5200,"elapsedMs":259686,"statistics":{"initialBuild":1,"layout":9,"reconcile":0,"resize":1,"paint":8707,"diagnostics":0,"cleanup":0},"disposed":false,"username":"","passwordLength":0,"error":"","submitting":false,"lastSubmitted":"","renderFault":false,"recoveryCount":0,"listValues":[{"id":"first","text":"A"}],"listNodes":[{"id":"list-first","text":"A","rect":{"x":0,"y":230,"width":30,"height":10}}],"profile":2,"packFontWidth":24,"usernameRect":{"x":12,"y":57,"width":196,"height":20},"passwordRect":{"x":12,"y":96,"width":196,"height":20},"submitRect":{"x":12,"y":124,"width":92,"height":20}}
[0710月2026 02:16:41.284] [NekoJS-Log-Flusher/INFO] [NekoJS/]: [client] [ticket48-auto] {"stage":"sample","ticks":5300,"elapsedMs":264700,"statistics":{"initialBuild":1,"layout":9,"reconcile":0,"resize":1,"paint":8857,"diagnostics":0,"cleanup":0},"disposed":false,"username":"","passwordLength":0,"error":"","submitting":false,"lastSubmitted":"","renderFault":false,"recoveryCount":0,"listValues":[{"id":"first","text":"A"}],"listNodes":[{"id":"list-first","text":"A","rect":{"x":0,"y":230,"width":30,"height":10}}],"profile":2,"packFontWidth":24,"usernameRect":{"x":12,"y":57,"width":196,"height":20},"passwordRect":{"x":12,"y":96,"width":196,"height":20},"submitRect":{"x":12,"y":124,"width":92,"height":20}}
[0710月2026 02:16:46.283] [NekoJS-Log-Flusher/INFO] [NekoJS/]: [client] [ticket48-auto] {"stage":"sample","ticks":5400,"elapsedMs":269717,"statistics":{"initialBuild":1,"layout":9,"reconcile":0,"resize":1,"paint":9007,"diagnostics":0,"cleanup":0},"disposed":false,"username":"","passwordLength":0,"error":"","submitting":false,"lastSubmitted":"","renderFault":false,"recoveryCount":0,"listValues":[{"id":"first","text":"A"}],"listNodes":[{"id":"list-first","text":"A","rect":{"x":0,"y":230,"width":30,"height":10}}],"profile":2,"packFontWidth":24,"usernameRect":{"x":12,"y":57,"width":196,"height":20},"passwordRect":{"x":12,"y":96,"width":196,"height":20},"submitRect":{"x":12,"y":124,"width":92,"height":20}}
[0710月2026 02:16:51.283] [NekoJS-Log-Flusher/INFO] [NekoJS/]: [client] [ticket48-auto] {"stage":"sample","ticks":5500,"elapsedMs":274695,"statistics":{"initialBuild":1,"layout":9,"reconcile":0,"resize":1,"paint":9156,"diagnostics":0,"cleanup":0},"disposed":false,"username":"","passwordLength":0,"error":"","submitting":false,"lastSubmitted":"","renderFault":false,"recoveryCount":0,"listValues":[{"id":"first","text":"A"}],"listNodes":[{"id":"list-first","text":"A","rect":{"x":0,"y":230,"width":30,"height":10}}],"profile":2,"packFontWidth":24,"usernameRect":{"x":12,"y":57,"width":196,"height":20},"passwordRect":{"x":12,"y":96,"width":196,"height":20},"submitRect":{"x":12,"y":124,"width":92,"height":20}}
[0710月2026 02:16:56.284] [NekoJS-Log-Flusher/INFO] [NekoJS/]: [client] [ticket48-auto] {"stage":"sample","ticks":5600,"elapsedMs":279706,"statistics":{"initialBuild":1,"layout":9,"reconcile":0,"resize":1,"paint":9306,"diagnostics":0,"cleanup":0},"disposed":false,"username":"","passwordLength":0,"error":"","submitting":false,"lastSubmitted":"","renderFault":false,"recoveryCount":0,"listValues":[{"id":"first","text":"A"}],"listNodes":[{"id":"list-first","text":"A","rect":{"x":0,"y":230,"width":30,"height":10}}],"profile":2,"packFontWidth":24,"usernameRect":{"x":12,"y":57,"width":196,"height":20},"passwordRect":{"x":12,"y":96,"width":196,"height":20},"submitRect":{"x":12,"y":124,"width":92,"height":20}}
[0710月2026 02:17:01.284] [NekoJS-Log-Flusher/INFO] [NekoJS/]: [client] [ticket48-auto] {"stage":"sample","ticks":5700,"elapsedMs":284717,"statistics":{"initialBuild":1,"layout":9,"reconcile":0,"resize":1,"paint":9456,"diagnostics":0,"cleanup":0},"disposed":false,"username":"","passwordLength":0,"error":"","submitting":false,"lastSubmitted":"","renderFault":false,"recoveryCount":0,"listValues":[{"id":"first","text":"A"}],"listNodes":[{"id":"list-first","text":"A","rect":{"x":0,"y":230,"width":30,"height":10}}],"profile":2,"packFontWidth":24,"usernameRect":{"x":12,"y":57,"width":196,"height":20},"passwordRect":{"x":12,"y":96,"width":196,"height":20},"submitRect":{"x":12,"y":124,"width":92,"height":20}}
[0710月2026 02:17:06.283] [NekoJS-Log-Flusher/INFO] [NekoJS/]: [client] [ticket48-auto] {"stage":"sample","ticks":5800,"elapsedMs":289695,"statistics":{"initialBuild":1,"layout":9,"reconcile":0,"resize":1,"paint":9605,"diagnostics":0,"cleanup":0},"disposed":false,"username":"","passwordLength":0,"error":"","submitting":false,"lastSubmitted":"","renderFault":false,"recoveryCount":0,"listValues":[{"id":"first","text":"A"}],"listNodes":[{"id":"list-first","text":"A","rect":{"x":0,"y":230,"width":30,"height":10}}],"profile":2,"packFontWidth":24,"usernameRect":{"x":12,"y":57,"width":196,"height":20},"passwordRect":{"x":12,"y":96,"width":196,"height":20},"submitRect":{"x":12,"y":124,"width":92,"height":20}}
[0710月2026 02:17:11.284] [NekoJS-Log-Flusher/INFO] [NekoJS/]: [client] [ticket48-auto] {"stage":"sample","ticks":5900,"elapsedMs":294705,"statistics":{"initialBuild":1,"layout":9,"reconcile":0,"resize":1,"paint":9755,"diagnostics":0,"cleanup":0},"disposed":false,"username":"","passwordLength":0,"error":"","submitting":false,"lastSubmitted":"","renderFault":false,"recoveryCount":0,"listValues":[{"id":"first","text":"A"}],"listNodes":[{"id":"list-first","text":"A","rect":{"x":0,"y":230,"width":30,"height":10}}],"profile":2,"packFontWidth":24,"usernameRect":{"x":12,"y":57,"width":196,"height":20},"passwordRect":{"x":12,"y":96,"width":196,"height":20},"submitRect":{"x":12,"y":124,"width":92,"height":20}}
[0710月2026 02:17:16.283] [NekoJS-Log-Flusher/INFO] [NekoJS/]: [client] [ticket48-auto] {"stage":"sample","ticks":6000,"elapsedMs":299686,"statistics":{"initialBuild":1,"layout":9,"reconcile":0,"resize":1,"paint":9904,"diagnostics":0,"cleanup":0},"disposed":false,"username":"","passwordLength":0,"error":"","submitting":false,"lastSubmitted":"","renderFault":false,"recoveryCount":0,"listValues":[{"id":"first","text":"A"}],"listNodes":[{"id":"list-first","text":"A","rect":{"x":0,"y":230,"width":30,"height":10}}],"profile":2,"packFontWidth":24,"usernameRect":{"x":12,"y":57,"width":196,"height":20},"passwordRect":{"x":12,"y":96,"width":196,"height":20},"submitRect":{"x":12,"y":124,"width":92,"height":20}}
[0710月2026 02:17:21.283] [NekoJS-Log-Flusher/INFO] [NekoJS/]: [client] [ticket48-auto] {"stage":"sample","ticks":6100,"elapsedMs":304698,"statistics":{"initialBuild":1,"layout":9,"reconcile":0,"resize":1,"paint":10054,"diagnostics":0,"cleanup":0},"disposed":false,"username":"","passwordLength":0,"error":"","submitting":false,"lastSubmitted":"","renderFault":false,"recoveryCount":0,"listValues":[{"id":"first","text":"A"}],"listNodes":[{"id":"list-first","text":"A","rect":{"x":0,"y":230,"width":30,"height":10}}],"profile":2,"packFontWidth":24,"usernameRect":{"x":12,"y":57,"width":196,"height":20},"passwordRect":{"x":12,"y":96,"width":196,"height":20},"submitRect":{"x":12,"y":124,"width":92,"height":20}}
[0710月2026 02:17:26.285] [NekoJS-Log-Flusher/INFO] [NekoJS/]: [client] [ticket48-auto] {"stage":"sample","ticks":6200,"elapsedMs":309710,"statistics":{"initialBuild":1,"layout":9,"reconcile":0,"resize":1,"paint":10204,"diagnostics":0,"cleanup":0},"disposed":false,"username":"","passwordLength":0,"error":"","submitting":false,"lastSubmitted":"","renderFault":false,"recoveryCount":0,"listValues":[{"id":"first","text":"A"}],"listNodes":[{"id":"list-first","text":"A","rect":{"x":0,"y":230,"width":30,"height":10}}],"profile":2,"packFontWidth":24,"usernameRect":{"x":12,"y":57,"width":196,"height":20},"passwordRect":{"x":12,"y":96,"width":196,"height":20},"submitRect":{"x":12,"y":124,"width":92,"height":20}}
[0710月2026 02:17:31.283] [NekoJS-Log-Flusher/INFO] [NekoJS/]: [client] [ticket48-auto] {"stage":"sample","ticks":6300,"elapsedMs":314690,"statistics":{"initialBuild":1,"layout":9,"reconcile":0,"resize":1,"paint":10353,"diagnostics":0,"cleanup":0},"disposed":false,"username":"","passwordLength":0,"error":"","submitting":false,"lastSubmitted":"","renderFault":false,"recoveryCount":0,"listValues":[{"id":"first","text":"A"}],"listNodes":[{"id":"list-first","text":"A","rect":{"x":0,"y":230,"width":30,"height":10}}],"profile":2,"packFontWidth":24,"usernameRect":{"x":12,"y":57,"width":196,"height":20},"passwordRect":{"x":12,"y":96,"width":196,"height":20},"submitRect":{"x":12,"y":124,"width":92,"height":20}}
[0710月2026 02:17:36.283] [NekoJS-Log-Flusher/INFO] [NekoJS/]: [client] [ticket48-auto] {"stage":"sample","ticks":6400,"elapsedMs":319707,"statistics":{"initialBuild":1,"layout":9,"reconcile":0,"resize":1,"paint":10503,"diagnostics":0,"cleanup":0},"disposed":false,"username":"","passwordLength":0,"error":"","submitting":false,"lastSubmitted":"","renderFault":false,"recoveryCount":0,"listValues":[{"id":"first","text":"A"}],"listNodes":[{"id":"list-first","text":"A","rect":{"x":0,"y":230,"width":30,"height":10}}],"profile":2,"packFontWidth":24,"usernameRect":{"x":12,"y":57,"width":196,"height":20},"passwordRect":{"x":12,"y":96,"width":196,"height":20},"submitRect":{"x":12,"y":124,"width":92,"height":20}}
[0710月2026 02:17:41.285] [NekoJS-Log-Flusher/INFO] [NekoJS/]: [client] [ticket48-auto] {"stage":"sample","ticks":6500,"elapsedMs":324685,"statistics":{"initialBuild":1,"layout":9,"reconcile":0,"resize":1,"paint":10652,"diagnostics":0,"cleanup":0},"disposed":false,"username":"","passwordLength":0,"error":"","submitting":false,"lastSubmitted":"","renderFault":false,"recoveryCount":0,"listValues":[{"id":"first","text":"A"}],"listNodes":[{"id":"list-first","text":"A","rect":{"x":0,"y":230,"width":30,"height":10}}],"profile":2,"packFontWidth":24,"usernameRect":{"x":12,"y":57,"width":196,"height":20},"passwordRect":{"x":12,"y":96,"width":196,"height":20},"submitRect":{"x":12,"y":124,"width":92,"height":20}}
[0710月2026 02:17:46.283] [NekoJS-Log-Flusher/INFO] [NekoJS/]: [client] [ticket48-auto] {"stage":"sample","ticks":6600,"elapsedMs":329694,"statistics":{"initialBuild":1,"layout":9,"reconcile":0,"resize":1,"paint":10802,"diagnostics":0,"cleanup":0},"disposed":false,"username":"","passwordLength":0,"error":"","submitting":false,"lastSubmitted":"","renderFault":false,"recoveryCount":0,"listValues":[{"id":"first","text":"A"}],"listNodes":[{"id":"list-first","text":"A","rect":{"x":0,"y":230,"width":30,"height":10}}],"profile":2,"packFontWidth":24,"usernameRect":{"x":12,"y":57,"width":196,"height":20},"passwordRect":{"x":12,"y":96,"width":196,"height":20},"submitRect":{"x":12,"y":124,"width":92,"height":20}}
[0710月2026 02:17:51.284] [NekoJS-Log-Flusher/INFO] [NekoJS/]: [client] [ticket48-auto] {"stage":"sample","ticks":6700,"elapsedMs":334710,"statistics":{"initialBuild":1,"layout":9,"reconcile":0,"resize":1,"paint":10952,"diagnostics":0,"cleanup":0},"disposed":false,"username":"","passwordLength":0,"error":"","submitting":false,"lastSubmitted":"","renderFault":false,"recoveryCount":0,"listValues":[{"id":"first","text":"A"}],"listNodes":[{"id":"list-first","text":"A","rect":{"x":0,"y":230,"width":30,"height":10}}],"profile":2,"packFontWidth":24,"usernameRect":{"x":12,"y":57,"width":196,"height":20},"passwordRect":{"x":12,"y":96,"width":196,"height":20},"submitRect":{"x":12,"y":124,"width":92,"height":20}}
[0710月2026 02:17:56.284] [NekoJS-Log-Flusher/INFO] [NekoJS/]: [client] [ticket48-auto] {"stage":"sample","ticks":6800,"elapsedMs":339689,"statistics":{"initialBuild":1,"layout":9,"reconcile":0,"resize":1,"paint":11101,"diagnostics":0,"cleanup":0},"disposed":false,"username":"","passwordLength":0,"error":"","submitting":false,"lastSubmitted":"","renderFault":false,"recoveryCount":0,"listValues":[{"id":"first","text":"A"}],"listNodes":[{"id":"list-first","text":"A","rect":{"x":0,"y":230,"width":30,"height":10}}],"profile":2,"packFontWidth":24,"usernameRect":{"x":12,"y":57,"width":196,"height":20},"passwordRect":{"x":12,"y":96,"width":196,"height":20},"submitRect":{"x":12,"y":124,"width":92,"height":20}}
[0710月2026 02:18:01.284] [NekoJS-Log-Flusher/INFO] [NekoJS/]: [client] [ticket48-auto] {"stage":"sample","ticks":6900,"elapsedMs":344702,"statistics":{"initialBuild":1,"layout":9,"reconcile":0,"resize":1,"paint":11251,"diagnostics":0,"cleanup":0},"disposed":false,"username":"","passwordLength":0,"error":"","submitting":false,"lastSubmitted":"","renderFault":false,"recoveryCount":0,"listValues":[{"id":"first","text":"A"}],"listNodes":[{"id":"list-first","text":"A","rect":{"x":0,"y":230,"width":30,"height":10}}],"profile":2,"packFontWidth":24,"usernameRect":{"x":12,"y":57,"width":196,"height":20},"passwordRect":{"x":12,"y":96,"width":196,"height":20},"submitRect":{"x":12,"y":124,"width":92,"height":20}}
[0710月2026 02:18:06.284] [NekoJS-Log-Flusher/INFO] [NekoJS/]: [client] [ticket48-auto] {"stage":"sample","ticks":7000,"elapsedMs":349712,"statistics":{"initialBuild":1,"layout":9,"reconcile":0,"resize":1,"paint":11401,"diagnostics":0,"cleanup":0},"disposed":false,"username":"","passwordLength":0,"error":"","submitting":false,"lastSubmitted":"","renderFault":false,"recoveryCount":0,"listValues":[{"id":"first","text":"A"}],"listNodes":[{"id":"list-first","text":"A","rect":{"x":0,"y":230,"width":30,"height":10}}],"profile":2,"packFontWidth":24,"usernameRect":{"x":12,"y":57,"width":196,"height":20},"passwordRect":{"x":12,"y":96,"width":196,"height":20},"submitRect":{"x":12,"y":124,"width":92,"height":20}}
[0710月2026 02:18:11.283] [NekoJS-Log-Flusher/INFO] [NekoJS/]: [client] [ticket48-auto] {"stage":"sample","ticks":7100,"elapsedMs":354691,"statistics":{"initialBuild":1,"layout":9,"reconcile":0,"resize":1,"paint":11550,"diagnostics":0,"cleanup":0},"disposed":false,"username":"","passwordLength":0,"error":"","submitting":false,"lastSubmitted":"","renderFault":false,"recoveryCount":0,"listValues":[{"id":"first","text":"A"}],"listNodes":[{"id":"list-first","text":"A","rect":{"x":0,"y":230,"width":30,"height":10}}],"profile":2,"packFontWidth":24,"usernameRect":{"x":12,"y":57,"width":196,"height":20},"passwordRect":{"x":12,"y":96,"width":196,"height":20},"submitRect":{"x":12,"y":124,"width":92,"height":20}}
[0710月2026 02:18:16.284] [NekoJS-Log-Flusher/INFO] [NekoJS/]: [client] [ticket48-auto] {"stage":"sample","ticks":7200,"elapsedMs":359701,"statistics":{"initialBuild":1,"layout":9,"reconcile":0,"resize":1,"paint":11700,"diagnostics":0,"cleanup":0},"disposed":false,"username":"","passwordLength":0,"error":"","submitting":false,"lastSubmitted":"","renderFault":false,"recoveryCount":0,"listValues":[{"id":"first","text":"A"}],"listNodes":[{"id":"list-first","text":"A","rect":{"x":0,"y":230,"width":30,"height":10}}],"profile":2,"packFontWidth":24,"usernameRect":{"x":12,"y":57,"width":196,"height":20},"passwordRect":{"x":12,"y":96,"width":196,"height":20},"submitRect":{"x":12,"y":124,"width":92,"height":20}}
[0710月2026 02:18:21.284] [NekoJS-Log-Flusher/INFO] [NekoJS/]: [client] [ticket48-auto] {"stage":"sample","ticks":7300,"elapsedMs":364716,"statistics":{"initialBuild":1,"layout":9,"reconcile":0,"resize":1,"paint":11850,"diagnostics":0,"cleanup":0},"disposed":false,"username":"","passwordLength":0,"error":"","submitting":false,"lastSubmitted":"","renderFault":false,"recoveryCount":0,"listValues":[{"id":"first","text":"A"}],"listNodes":[{"id":"list-first","text":"A","rect":{"x":0,"y":230,"width":30,"height":10}}],"profile":2,"packFontWidth":24,"usernameRect":{"x":12,"y":57,"width":196,"height":20},"passwordRect":{"x":12,"y":96,"width":196,"height":20},"submitRect":{"x":12,"y":124,"width":92,"height":20}}
[0710月2026 02:18:26.285] [NekoJS-Log-Flusher/INFO] [NekoJS/]: [client] [ticket48-auto] {"stage":"sample","ticks":7400,"elapsedMs":369695,"statistics":{"initialBuild":1,"layout":9,"reconcile":0,"resize":1,"paint":11999,"diagnostics":0,"cleanup":0},"disposed":false,"username":"","passwordLength":0,"error":"","submitting":false,"lastSubmitted":"","renderFault":false,"recoveryCount":0,"listValues":[{"id":"first","text":"A"}],"listNodes":[{"id":"list-first","text":"A","rect":{"x":0,"y":230,"width":30,"height":10}}],"profile":2,"packFontWidth":24,"usernameRect":{"x":12,"y":57,"width":196,"height":20},"passwordRect":{"x":12,"y":96,"width":196,"height":20},"submitRect":{"x":12,"y":124,"width":92,"height":20}}
[0710月2026 02:18:31.284] [NekoJS-Log-Flusher/INFO] [NekoJS/]: [client] [ticket48-auto] {"stage":"sample","ticks":7500,"elapsedMs":374715,"statistics":{"initialBuild":1,"layout":9,"reconcile":0,"resize":1,"paint":12149,"diagnostics":0,"cleanup":0},"disposed":false,"username":"","passwordLength":0,"error":"","submitting":false,"lastSubmitted":"","renderFault":false,"recoveryCount":0,"listValues":[{"id":"first","text":"A"}],"listNodes":[{"id":"list-first","text":"A","rect":{"x":0,"y":230,"width":30,"height":10}}],"profile":2,"packFontWidth":24,"usernameRect":{"x":12,"y":57,"width":196,"height":20},"passwordRect":{"x":12,"y":96,"width":196,"height":20},"submitRect":{"x":12,"y":124,"width":92,"height":20}}
[0710月2026 02:18:36.284] [NekoJS-Log-Flusher/INFO] [NekoJS/]: [client] [ticket48-auto] {"stage":"sample","ticks":7600,"elapsedMs":379693,"statistics":{"initialBuild":1,"layout":9,"reconcile":0,"resize":1,"paint":12298,"diagnostics":0,"cleanup":0},"disposed":false,"username":"","passwordLength":0,"error":"","submitting":false,"lastSubmitted":"","renderFault":false,"recoveryCount":0,"listValues":[{"id":"first","text":"A"}],"listNodes":[{"id":"list-first","text":"A","rect":{"x":0,"y":230,"width":30,"height":10}}],"profile":2,"packFontWidth":24,"usernameRect":{"x":12,"y":57,"width":196,"height":20},"passwordRect":{"x":12,"y":96,"width":196,"height":20},"submitRect":{"x":12,"y":124,"width":92,"height":20}}
[0710月2026 02:18:41.284] [NekoJS-Log-Flusher/INFO] [NekoJS/]: [client] [ticket48-auto] {"stage":"sample","ticks":7700,"elapsedMs":384708,"statistics":{"initialBuild":1,"layout":9,"reconcile":0,"resize":1,"paint":12448,"diagnostics":0,"cleanup":0},"disposed":false,"username":"","passwordLength":0,"error":"","submitting":false,"lastSubmitted":"","renderFault":false,"recoveryCount":0,"listValues":[{"id":"first","text":"A"}],"listNodes":[{"id":"list-first","text":"A","rect":{"x":0,"y":230,"width":30,"height":10}}],"profile":2,"packFontWidth":24,"usernameRect":{"x":12,"y":57,"width":196,"height":20},"passwordRect":{"x":12,"y":96,"width":196,"height":20},"submitRect":{"x":12,"y":124,"width":92,"height":20}}
[0710月2026 02:18:46.284] [NekoJS-Log-Flusher/INFO] [NekoJS/]: [client] [ticket48-auto] {"stage":"sample","ticks":7800,"elapsedMs":389687,"statistics":{"initialBuild":1,"layout":9,"reconcile":0,"resize":1,"paint":12597,"diagnostics":0,"cleanup":0},"disposed":false,"username":"","passwordLength":0,"error":"","submitting":false,"lastSubmitted":"","renderFault":false,"recoveryCount":0,"listValues":[{"id":"first","text":"A"}],"listNodes":[{"id":"list-first","text":"A","rect":{"x":0,"y":230,"width":30,"height":10}}],"profile":2,"packFontWidth":24,"usernameRect":{"x":12,"y":57,"width":196,"height":20},"passwordRect":{"x":12,"y":96,"width":196,"height":20},"submitRect":{"x":12,"y":124,"width":92,"height":20}}
[0710月2026 02:18:52.285] [NekoJS-Log-Flusher/INFO] [NekoJS/]: [client] [ticket48-auto] {"stage":"sample","ticks":7900,"elapsedMs":395093,"statistics":{"initialBuild":1,"layout":9,"reconcile":0,"resize":1,"paint":12734,"diagnostics":0,"cleanup":0},"disposed":false,"username":"","passwordLength":0,"error":"","submitting":false,"lastSubmitted":"","renderFault":false,"recoveryCount":0,"listValues":[{"id":"first","text":"A"}],"listNodes":[{"id":"list-first","text":"A","rect":{"x":0,"y":230,"width":30,"height":10}}],"profile":2,"packFontWidth":24,"usernameRect":{"x":12,"y":57,"width":196,"height":20},"passwordRect":{"x":12,"y":96,"width":196,"height":20},"submitRect":{"x":12,"y":124,"width":92,"height":20}}
[0710月2026 02:18:57.285] [NekoJS-Log-Flusher/INFO] [NekoJS/]: [client] [ticket48-auto] {"stage":"sample","ticks":8000,"elapsedMs":400103,"statistics":{"initialBuild":1,"layout":9,"reconcile":0,"resize":1,"paint":12884,"diagnostics":0,"cleanup":0},"disposed":false,"username":"","passwordLength":0,"error":"","submitting":false,"lastSubmitted":"","renderFault":false,"recoveryCount":0,"listValues":[{"id":"first","text":"A"}],"listNodes":[{"id":"list-first","text":"A","rect":{"x":0,"y":230,"width":30,"height":10}}],"profile":2,"packFontWidth":24,"usernameRect":{"x":12,"y":57,"width":196,"height":20},"passwordRect":{"x":12,"y":96,"width":196,"height":20},"submitRect":{"x":12,"y":124,"width":92,"height":20}}
[0710月2026 02:19:02.285] [NekoJS-Log-Flusher/INFO] [NekoJS/]: [client] [ticket48-auto] {"stage":"sample","ticks":8100,"elapsedMs":405115,"statistics":{"initialBuild":1,"layout":9,"reconcile":0,"resize":1,"paint":13034,"diagnostics":0,"cleanup":0},"disposed":false,"username":"","passwordLength":0,"error":"","submitting":false,"lastSubmitted":"","renderFault":false,"recoveryCount":0,"listValues":[{"id":"first","text":"A"}],"listNodes":[{"id":"list-first","text":"A","rect":{"x":0,"y":230,"width":30,"height":10}}],"profile":2,"packFontWidth":24,"usernameRect":{"x":12,"y":57,"width":196,"height":20},"passwordRect":{"x":12,"y":96,"width":196,"height":20},"submitRect":{"x":12,"y":124,"width":92,"height":20}}
[0710月2026 02:19:07.285] [NekoJS-Log-Flusher/INFO] [NekoJS/]: [client] [ticket48-auto] {"stage":"sample","ticks":8200,"elapsedMs":410092,"statistics":{"initialBuild":1,"layout":9,"reconcile":0,"resize":1,"paint":13183,"diagnostics":0,"cleanup":0},"disposed":false,"username":"","passwordLength":0,"error":"","submitting":false,"lastSubmitted":"","renderFault":false,"recoveryCount":0,"listValues":[{"id":"first","text":"A"}],"listNodes":[{"id":"list-first","text":"A","rect":{"x":0,"y":230,"width":30,"height":10}}],"profile":2,"packFontWidth":24,"usernameRect":{"x":12,"y":57,"width":196,"height":20},"passwordRect":{"x":12,"y":96,"width":196,"height":20},"submitRect":{"x":12,"y":124,"width":92,"height":20}}
[0710月2026 02:19:12.284] [NekoJS-Log-Flusher/INFO] [NekoJS/]: [client] [ticket48-auto] {"stage":"sample","ticks":8300,"elapsedMs":415109,"statistics":{"initialBuild":1,"layout":9,"reconcile":0,"resize":1,"paint":13333,"diagnostics":0,"cleanup":0},"disposed":false,"username":"","passwordLength":0,"error":"","submitting":false,"lastSubmitted":"","renderFault":false,"recoveryCount":0,"listValues":[{"id":"first","text":"A"}],"listNodes":[{"id":"list-first","text":"A","rect":{"x":0,"y":230,"width":30,"height":10}}],"profile":2,"packFontWidth":24,"usernameRect":{"x":12,"y":57,"width":196,"height":20},"passwordRect":{"x":12,"y":96,"width":196,"height":20},"submitRect":{"x":12,"y":124,"width":92,"height":20}}
[0710月2026 02:19:17.285] [NekoJS-Log-Flusher/INFO] [NekoJS/]: [client] [ticket48-auto] {"stage":"sample","ticks":8400,"elapsedMs":420087,"statistics":{"initialBuild":1,"layout":9,"reconcile":0,"resize":1,"paint":13482,"diagnostics":0,"cleanup":0},"disposed":false,"username":"","passwordLength":0,"error":"","submitting":false,"lastSubmitted":"","renderFault":false,"recoveryCount":0,"listValues":[{"id":"first","text":"A"}],"listNodes":[{"id":"list-first","text":"A","rect":{"x":0,"y":230,"width":30,"height":10}}],"profile":2,"packFontWidth":24,"usernameRect":{"x":12,"y":57,"width":196,"height":20},"passwordRect":{"x":12,"y":96,"width":196,"height":20},"submitRect":{"x":12,"y":124,"width":92,"height":20}}
[0710月2026 02:19:22.286] [NekoJS-Log-Flusher/INFO] [NekoJS/]: [client] [ticket48-auto] {"stage":"sample","ticks":8500,"elapsedMs":425099,"statistics":{"initialBuild":1,"layout":9,"reconcile":0,"resize":1,"paint":13632,"diagnostics":0,"cleanup":0},"disposed":false,"username":"","passwordLength":0,"error":"","submitting":false,"lastSubmitted":"","renderFault":false,"recoveryCount":0,"listValues":[{"id":"first","text":"A"}],"listNodes":[{"id":"list-first","text":"A","rect":{"x":0,"y":230,"width":30,"height":10}}],"profile":2,"packFontWidth":24,"usernameRect":{"x":12,"y":57,"width":196,"height":20},"passwordRect":{"x":12,"y":96,"width":196,"height":20},"submitRect":{"x":12,"y":124,"width":92,"height":20}}
[0710月2026 02:19:27.285] [NekoJS-Log-Flusher/INFO] [NekoJS/]: [client] [ticket48-auto] {"stage":"sample","ticks":8600,"elapsedMs":430112,"statistics":{"initialBuild":1,"layout":9,"reconcile":0,"resize":1,"paint":13782,"diagnostics":0,"cleanup":0},"disposed":false,"username":"","passwordLength":0,"error":"","submitting":false,"lastSubmitted":"","renderFault":false,"recoveryCount":0,"listValues":[{"id":"first","text":"A"}],"listNodes":[{"id":"list-first","text":"A","rect":{"x":0,"y":230,"width":30,"height":10}}],"profile":2,"packFontWidth":24,"usernameRect":{"x":12,"y":57,"width":196,"height":20},"passwordRect":{"x":12,"y":96,"width":196,"height":20},"submitRect":{"x":12,"y":124,"width":92,"height":20}}
[0710月2026 02:19:32.285] [NekoJS-Log-Flusher/INFO] [NekoJS/]: [client] [ticket48-auto] {"stage":"sample","ticks":8700,"elapsedMs":435092,"statistics":{"initialBuild":1,"layout":9,"reconcile":0,"resize":1,"paint":13931,"diagnostics":0,"cleanup":0},"disposed":false,"username":"","passwordLength":0,"error":"","submitting":false,"lastSubmitted":"","renderFault":false,"recoveryCount":0,"listValues":[{"id":"first","text":"A"}],"listNodes":[{"id":"list-first","text":"A","rect":{"x":0,"y":230,"width":30,"height":10}}],"profile":2,"packFontWidth":24,"usernameRect":{"x":12,"y":57,"width":196,"height":20},"passwordRect":{"x":12,"y":96,"width":196,"height":20},"submitRect":{"x":12,"y":124,"width":92,"height":20}}
[0710月2026 02:19:37.285] [NekoJS-Log-Flusher/INFO] [NekoJS/]: [client] [ticket48-auto] {"stage":"sample","ticks":8800,"elapsedMs":440101,"statistics":{"initialBuild":1,"layout":9,"reconcile":0,"resize":1,"paint":14081,"diagnostics":0,"cleanup":0},"disposed":false,"username":"","passwordLength":0,"error":"","submitting":false,"lastSubmitted":"","renderFault":false,"recoveryCount":0,"listValues":[{"id":"first","text":"A"}],"listNodes":[{"id":"list-first","text":"A","rect":{"x":0,"y":230,"width":30,"height":10}}],"profile":2,"packFontWidth":24,"usernameRect":{"x":12,"y":57,"width":196,"height":20},"passwordRect":{"x":12,"y":96,"width":196,"height":20},"submitRect":{"x":12,"y":124,"width":92,"height":20}}
[0710月2026 02:19:42.284] [NekoJS-Log-Flusher/INFO] [NekoJS/]: [client] [ticket48-auto] {"stage":"sample","ticks":8900,"elapsedMs":445107,"statistics":{"initialBuild":1,"layout":9,"reconcile":0,"resize":1,"paint":14231,"diagnostics":0,"cleanup":0},"disposed":false,"username":"","passwordLength":0,"error":"","submitting":false,"lastSubmitted":"","renderFault":false,"recoveryCount":0,"listValues":[{"id":"first","text":"A"}],"listNodes":[{"id":"list-first","text":"A","rect":{"x":0,"y":230,"width":30,"height":10}}],"profile":2,"packFontWidth":24,"usernameRect":{"x":12,"y":57,"width":196,"height":20},"passwordRect":{"x":12,"y":96,"width":196,"height":20},"submitRect":{"x":12,"y":124,"width":92,"height":20}}
[0710月2026 02:19:47.284] [NekoJS-Log-Flusher/INFO] [NekoJS/]: [client] [ticket48-auto] {"stage":"sample","ticks":9000,"elapsedMs":450086,"statistics":{"initialBuild":1,"layout":9,"reconcile":0,"resize":1,"paint":14380,"diagnostics":0,"cleanup":0},"disposed":false,"username":"","passwordLength":0,"error":"","submitting":false,"lastSubmitted":"","renderFault":false,"recoveryCount":0,"listValues":[{"id":"first","text":"A"}],"listNodes":[{"id":"list-first","text":"A","rect":{"x":0,"y":230,"width":30,"height":10}}],"profile":2,"packFontWidth":24,"usernameRect":{"x":12,"y":57,"width":196,"height":20},"passwordRect":{"x":12,"y":96,"width":196,"height":20},"submitRect":{"x":12,"y":124,"width":92,"height":20}}
[0710月2026 02:19:52.285] [NekoJS-Log-Flusher/INFO] [NekoJS/]: [client] [ticket48-auto] {"stage":"sample","ticks":9100,"elapsedMs":455096,"statistics":{"initialBuild":1,"layout":9,"reconcile":0,"resize":1,"paint":14530,"diagnostics":0,"cleanup":0},"disposed":false,"username":"","passwordLength":0,"error":"","submitting":false,"lastSubmitted":"","renderFault":false,"recoveryCount":0,"listValues":[{"id":"first","text":"A"}],"listNodes":[{"id":"list-first","text":"A","rect":{"x":0,"y":230,"width":30,"height":10}}],"profile":2,"packFontWidth":24,"usernameRect":{"x":12,"y":57,"width":196,"height":20},"passwordRect":{"x":12,"y":96,"width":196,"height":20},"submitRect":{"x":12,"y":124,"width":92,"height":20}}
[0710月2026 02:19:57.286] [NekoJS-Log-Flusher/INFO] [NekoJS/]: [client] [ticket48-auto] {"stage":"sample","ticks":9200,"elapsedMs":460105,"statistics":{"initialBuild":1,"layout":9,"reconcile":0,"resize":1,"paint":14680,"diagnostics":0,"cleanup":0},"disposed":false,"username":"","passwordLength":0,"error":"","submitting":false,"lastSubmitted":"","renderFault":false,"recoveryCount":0,"listValues":[{"id":"first","text":"A"}],"listNodes":[{"id":"list-first","text":"A","rect":{"x":0,"y":230,"width":30,"height":10}}],"profile":2,"packFontWidth":24,"usernameRect":{"x":12,"y":57,"width":196,"height":20},"passwordRect":{"x":12,"y":96,"width":196,"height":20},"submitRect":{"x":12,"y":124,"width":92,"height":20}}
[0710月2026 02:20:02.286] [NekoJS-Log-Flusher/INFO] [NekoJS/]: [client] [ticket48-auto] {"stage":"sample","ticks":9300,"elapsedMs":465115,"statistics":{"initialBuild":1,"layout":9,"reconcile":0,"resize":1,"paint":14830,"diagnostics":0,"cleanup":0},"disposed":false,"username":"","passwordLength":0,"error":"","submitting":false,"lastSubmitted":"","renderFault":false,"recoveryCount":0,"listValues":[{"id":"first","text":"A"}],"listNodes":[{"id":"list-first","text":"A","rect":{"x":0,"y":230,"width":30,"height":10}}],"profile":2,"packFontWidth":24,"usernameRect":{"x":12,"y":57,"width":196,"height":20},"passwordRect":{"x":12,"y":96,"width":196,"height":20},"submitRect":{"x":12,"y":124,"width":92,"height":20}}
[0710月2026 02:20:07.284] [NekoJS-Log-Flusher/INFO] [NekoJS/]: [client] [ticket48-auto] {"stage":"sample","ticks":9400,"elapsedMs":470090,"statistics":{"initialBuild":1,"layout":9,"reconcile":0,"resize":1,"paint":14979,"diagnostics":0,"cleanup":0},"disposed":false,"username":"","passwordLength":0,"error":"","submitting":false,"lastSubmitted":"","renderFault":false,"recoveryCount":0,"listValues":[{"id":"first","text":"A"}],"listNodes":[{"id":"list-first","text":"A","rect":{"x":0,"y":230,"width":30,"height":10}}],"profile":2,"packFontWidth":24,"usernameRect":{"x":12,"y":57,"width":196,"height":20},"passwordRect":{"x":12,"y":96,"width":196,"height":20},"submitRect":{"x":12,"y":124,"width":92,"height":20}}
[0710月2026 02:20:12.285] [NekoJS-Log-Flusher/INFO] [NekoJS/]: [client] [ticket48-auto] {"stage":"sample","ticks":9500,"elapsedMs":475098,"statistics":{"initialBuild":1,"layout":9,"reconcile":0,"resize":1,"paint":15129,"diagnostics":0,"cleanup":0},"disposed":false,"username":"","passwordLength":0,"error":"","submitting":false,"lastSubmitted":"","renderFault":false,"recoveryCount":0,"listValues":[{"id":"first","text":"A"}],"listNodes":[{"id":"list-first","text":"A","rect":{"x":0,"y":230,"width":30,"height":10}}],"profile":2,"packFontWidth":24,"usernameRect":{"x":12,"y":57,"width":196,"height":20},"passwordRect":{"x":12,"y":96,"width":196,"height":20},"submitRect":{"x":12,"y":124,"width":92,"height":20}}
[0710月2026 02:20:17.285] [NekoJS-Log-Flusher/INFO] [NekoJS/]: [client] [ticket48-auto] {"stage":"sample","ticks":9600,"elapsedMs":480108,"statistics":{"initialBuild":1,"layout":9,"reconcile":0,"resize":1,"paint":15279,"diagnostics":0,"cleanup":0},"disposed":false,"username":"","passwordLength":0,"error":"","submitting":false,"lastSubmitted":"","renderFault":false,"recoveryCount":0,"listValues":[{"id":"first","text":"A"}],"listNodes":[{"id":"list-first","text":"A","rect":{"x":0,"y":230,"width":30,"height":10}}],"profile":2,"packFontWidth":24,"usernameRect":{"x":12,"y":57,"width":196,"height":20},"passwordRect":{"x":12,"y":96,"width":196,"height":20},"submitRect":{"x":12,"y":124,"width":92,"height":20}}
[0710月2026 02:20:22.285] [NekoJS-Log-Flusher/INFO] [NekoJS/]: [client] [ticket48-auto] {"stage":"sample","ticks":9700,"elapsedMs":485115,"statistics":{"initialBuild":1,"layout":9,"reconcile":0,"resize":1,"paint":15429,"diagnostics":0,"cleanup":0},"disposed":false,"username":"","passwordLength":0,"error":"","submitting":false,"lastSubmitted":"","renderFault":false,"recoveryCount":0,"listValues":[{"id":"first","text":"A"}],"listNodes":[{"id":"list-first","text":"A","rect":{"x":0,"y":230,"width":30,"height":10}}],"profile":2,"packFontWidth":24,"usernameRect":{"x":12,"y":57,"width":196,"height":20},"passwordRect":{"x":12,"y":96,"width":196,"height":20},"submitRect":{"x":12,"y":124,"width":92,"height":20}}
[0710月2026 02:20:27.285] [NekoJS-Log-Flusher/INFO] [NekoJS/]: [client] [ticket48-auto] {"stage":"sample","ticks":9800,"elapsedMs":490088,"statistics":{"initialBuild":1,"layout":9,"reconcile":0,"resize":1,"paint":15578,"diagnostics":0,"cleanup":0},"disposed":false,"username":"","passwordLength":0,"error":"","submitting":false,"lastSubmitted":"","renderFault":false,"recoveryCount":0,"listValues":[{"id":"first","text":"A"}],"listNodes":[{"id":"list-first","text":"A","rect":{"x":0,"y":230,"width":30,"height":10}}],"profile":2,"packFontWidth":24,"usernameRect":{"x":12,"y":57,"width":196,"height":20},"passwordRect":{"x":12,"y":96,"width":196,"height":20},"submitRect":{"x":12,"y":124,"width":92,"height":20}}
[0710月2026 02:20:32.285] [NekoJS-Log-Flusher/INFO] [NekoJS/]: [client] [ticket48-auto] {"stage":"sample","ticks":9900,"elapsedMs":495090,"statistics":{"initialBuild":1,"layout":9,"reconcile":0,"resize":1,"paint":15728,"diagnostics":0,"cleanup":0},"disposed":false,"username":"","passwordLength":0,"error":"","submitting":false,"lastSubmitted":"","renderFault":false,"recoveryCount":0,"listValues":[{"id":"first","text":"A"}],"listNodes":[{"id":"list-first","text":"A","rect":{"x":0,"y":230,"width":30,"height":10}}],"profile":2,"packFontWidth":24,"usernameRect":{"x":12,"y":57,"width":196,"height":20},"passwordRect":{"x":12,"y":96,"width":196,"height":20},"submitRect":{"x":12,"y":124,"width":92,"height":20}}
[0710月2026 02:20:37.286] [NekoJS-Log-Flusher/INFO] [NekoJS/]: [client] [ticket48-auto] {"stage":"sample","ticks":10000,"elapsedMs":500102,"statistics":{"initialBuild":1,"layout":9,"reconcile":0,"resize":1,"paint":15878,"diagnostics":0,"cleanup":0},"disposed":false,"username":"","passwordLength":0,"error":"","submitting":false,"lastSubmitted":"","renderFault":false,"recoveryCount":0,"listValues":[{"id":"first","text":"A"}],"listNodes":[{"id":"list-first","text":"A","rect":{"x":0,"y":230,"width":30,"height":10}}],"profile":2,"packFontWidth":24,"usernameRect":{"x":12,"y":57,"width":196,"height":20},"passwordRect":{"x":12,"y":96,"width":196,"height":20},"submitRect":{"x":12,"y":124,"width":92,"height":20}}
[0710月2026 02:20:42.285] [NekoJS-Log-Flusher/INFO] [NekoJS/]: [client] [ticket48-auto] {"stage":"sample","ticks":10100,"elapsedMs":505108,"statistics":{"initialBuild":1,"layout":9,"reconcile":0,"resize":1,"paint":16028,"diagnostics":0,"cleanup":0},"disposed":false,"username":"","passwordLength":0,"error":"","submitting":false,"lastSubmitted":"","renderFault":false,"recoveryCount":0,"listValues":[{"id":"first","text":"A"}],"listNodes":[{"id":"list-first","text":"A","rect":{"x":0,"y":230,"width":30,"height":10}}],"profile":2,"packFontWidth":24,"usernameRect":{"x":12,"y":57,"width":196,"height":20},"passwordRect":{"x":12,"y":96,"width":196,"height":20},"submitRect":{"x":12,"y":124,"width":92,"height":20}}
[0710月2026 02:20:47.286] [NekoJS-Log-Flusher/INFO] [NekoJS/]: [client] [ticket48-auto] {"stage":"sample","ticks":10200,"elapsedMs":510119,"statistics":{"initialBuild":1,"layout":9,"reconcile":0,"resize":1,"paint":16178,"diagnostics":0,"cleanup":0},"disposed":false,"username":"","passwordLength":0,"error":"","submitting":false,"lastSubmitted":"","renderFault":false,"recoveryCount":0,"listValues":[{"id":"first","text":"A"}],"listNodes":[{"id":"list-first","text":"A","rect":{"x":0,"y":230,"width":30,"height":10}}],"profile":2,"packFontWidth":24,"usernameRect":{"x":12,"y":57,"width":196,"height":20},"passwordRect":{"x":12,"y":96,"width":196,"height":20},"submitRect":{"x":12,"y":124,"width":92,"height":20}}
[0710月2026 02:20:52.286] [NekoJS-Log-Flusher/INFO] [NekoJS/]: [client] [ticket48-auto] {"stage":"sample","ticks":10300,"elapsedMs":515092,"statistics":{"initialBuild":1,"layout":9,"reconcile":0,"resize":1,"paint":16327,"diagnostics":0,"cleanup":0},"disposed":false,"username":"","passwordLength":0,"error":"","submitting":false,"lastSubmitted":"","renderFault":false,"recoveryCount":0,"listValues":[{"id":"first","text":"A"}],"listNodes":[{"id":"list-first","text":"A","rect":{"x":0,"y":230,"width":30,"height":10}}],"profile":2,"packFontWidth":24,"usernameRect":{"x":12,"y":57,"width":196,"height":20},"passwordRect":{"x":12,"y":96,"width":196,"height":20},"submitRect":{"x":12,"y":124,"width":92,"height":20}}
[0710月2026 02:20:57.286] [NekoJS-Log-Flusher/INFO] [NekoJS/]: [client] [ticket48-auto] {"stage":"sample","ticks":10400,"elapsedMs":520099,"statistics":{"initialBuild":1,"layout":9,"reconcile":0,"resize":1,"paint":16477,"diagnostics":0,"cleanup":0},"disposed":false,"username":"","passwordLength":0,"error":"","submitting":false,"lastSubmitted":"","renderFault":false,"recoveryCount":0,"listValues":[{"id":"first","text":"A"}],"listNodes":[{"id":"list-first","text":"A","rect":{"x":0,"y":230,"width":30,"height":10}}],"profile":2,"packFontWidth":24,"usernameRect":{"x":12,"y":57,"width":196,"height":20},"passwordRect":{"x":12,"y":96,"width":196,"height":20},"submitRect":{"x":12,"y":124,"width":92,"height":20}}
[0710月2026 02:21:02.118] [Render thread/INFO] [net.minecraft.client.gui.components.ChatComponent/]: [System] [CHAT] [Debug]: Reloaded resource packs
[0710月2026 02:21:02.126] [Render thread/WARN] [net.neoforged.neoforge.resource.ResourcePackLoader/]: Error reading optional pack metadata for mod/mcpmod, attempting fallback type
com.google.gson.JsonParseException: Pack declares support for version newer than 64, but is missing mandatory fields min_format and max_format
	at com.mojang.serialization.DataResult$Error.getOrThrow(DataResult.java:287) ~[datafixerupper-10.0.21.jar:?]
	at TRANSFORMER/minecraft@26.2/net.minecraft.server.packs.resources.ResourceMetadata$2.getSection(ResourceMetadata.java:38) ~[minecraft-client-patched-26.2.0.75.jar:?]
	at TRANSFORMER/minecraft@26.2/net.minecraft.server.packs.AbstractPackResources.getMetadataSection(AbstractPackResources.java:24) ~[minecraft-client-patched-26.2.0.75.jar:?]
	at TRANSFORMER/neoforge@26.2.0.75/net.neoforged.neoforge.resource.ResourcePackLoader.readMeta(ResourcePackLoader.java:202) ~[neoforge-26.2.0.75-universal.jar:?]
	at TRANSFORMER/neoforge@26.2.0.75/net.neoforged.neoforge.resource.ResourcePackLoader.readWithOptionalMeta(ResourcePackLoader.java:193) ~[neoforge-26.2.0.75-universal.jar:?]
	at TRANSFORMER/neoforge@26.2.0.75/net.neoforged.neoforge.resource.ResourcePackLoader.packFinder(ResourcePackLoader.java:134) ~[neoforge-26.2.0.75-universal.jar:?]
	at TRANSFORMER/neoforge@26.2.0.75/net.neoforged.neoforge.resource.ResourcePackLoader.lambda$buildPackFinder$0(ResourcePackLoader.java:97) ~[neoforge-26.2.0.75-universal.jar:?]
	at TRANSFORMER/minecraft@26.2/net.minecraft.server.packs.repository.PackRepository.discoverAvailable(PackRepository.java:45) ~[minecraft-client-patched-26.2.0.75.jar:?]
	at TRANSFORMER/minecraft@26.2/net.minecraft.server.packs.repository.PackRepository.reload(PackRepository.java:35) ~[minecraft-client-patched-26.2.0.75.jar:?]
	at TRANSFORMER/minecraft@26.2/net.minecraft.client.Minecraft.reloadResourcePacks(Minecraft.java:1046) [minecraft-client-patched-26.2.0.75.jar:?]
	at TRANSFORMER/minecraft@26.2/net.minecraft.client.Minecraft.reloadResourcePacks(Minecraft.java:1032) [minecraft-client-patched-26.2.0.75.jar:?]
	at TRANSFORMER/minecraft@26.2/net.minecraft.client.KeyboardHandler.handleDebugKeys(KeyboardHandler.java:282) [minecraft-client-patched-26.2.0.75.jar:?]
	at TRANSFORMER/minecraft@26.2/net.minecraft.client.KeyboardHandler.keyPress(KeyboardHandler.java:541) [minecraft-client-patched-26.2.0.75.jar:?]
	at TRANSFORMER/minecraft@26.2/net.minecraft.client.KeyboardHandler.lambda$setup$1(KeyboardHandler.java:630) [minecraft-client-patched-26.2.0.75.jar:?]
	at TRANSFORMER/minecraft@26.2/net.minecraft.util.thread.BlockableEventLoop.doRunTask(BlockableEventLoop.java:165) [minecraft-client-patched-26.2.0.75.jar:?]
	at TRANSFORMER/minecraft@26.2/net.minecraft.util.thread.ReentrantBlockableEventLoop.doRunTask(ReentrantBlockableEventLoop.java:24) [minecraft-client-patched-26.2.0.75.jar:?]
	at TRANSFORMER/minecraft@26.2/net.minecraft.util.thread.BlockableEventLoop.execute(BlockableEventLoop.java:108) [minecraft-client-patched-26.2.0.75.jar:?]
	at TRANSFORMER/minecraft@26.2/net.minecraft.client.KeyboardHandler.lambda$setup$0(KeyboardHandler.java:630) [minecraft-client-patched-26.2.0.75.jar:?]
	at org.lwjgl.glfw.GLFWKeyCallbackI.callback(GLFWKeyCallbackI.java:34) [lwjgl-glfw-3.4.1.jar:build 2]
	at org.lwjgl.system.JNI.invokeV(Native Method) [lwjgl-3.4.1-unsafe.jar:build 2]
	at org.lwjgl.glfw.GLFW.glfwPollEvents(GLFW.java:1600) [lwjgl-glfw-3.4.1.jar:build 2]
	at TRANSFORMER/minecraft@26.2/com.mojang.blaze3d.systems.RenderSystem.pollEvents(RenderSystem.java:105) [minecraft-client-patched-26.2.0.75.jar:?]
	at TRANSFORMER/minecraft@26.2/net.minecraft.client.Minecraft.run(Minecraft.java:927) [minecraft-client-patched-26.2.0.75.jar:?]
	at TRANSFORMER/minecraft@26.2/net.minecraft.client.main.Main.main(Main.java:294) [minecraft-client-patched-26.2.0.75.jar:?]
	at net.neoforged.fml.startup.Client.main(Client.java:19) [loader-11.0.16.jar:11.0]
[0710月2026 02:21:02.128] [Render thread/INFO] [net.minecraft.server.packs.resources.ReloadableResourceManager/]: Reloading ResourceManager: vanilla, mod_resources, mod/nekojs, mod/graalmc, mod/neoforge, mod/mcpmod, nekojs
[0710月2026 02:21:02.141] [Worker-Main-38/INFO] [net.minecraft.client.gui.font.providers.UnihexProvider/]: Found unifont_pua-17.0.01.hex, loading
[0710月2026 02:21:02.141] [Worker-Main-37/INFO] [net.minecraft.client.gui.font.providers.UnihexProvider/]: Found unifont_all_no_pua-17.0.01.hex, loading
[0710月2026 02:21:02.180] [Worker-Main-24/INFO] [net.minecraft.client.gui.font.providers.UnihexProvider/]: Found unifont_jp_patch-17.0.01.hex, loading
[0710月2026 02:21:02.296] [NekoJS-Log-Flusher/INFO] [NekoJS/]: [client] [ticket48-auto] {"stage":"sample","ticks":10500,"elapsedMs":525105,"statistics":{"initialBuild":1,"layout":9,"reconcile":0,"resize":1,"paint":16627,"diagnostics":0,"cleanup":0},"disposed":false,"username":"","passwordLength":0,"error":"","submitting":false,"lastSubmitted":"","renderFault":false,"recoveryCount":0,"listValues":[{"id":"first","text":"A"}],"listNodes":[{"id":"list-first","text":"A","rect":{"x":0,"y":230,"width":30,"height":10}}],"profile":2,"packFontWidth":24,"usernameRect":{"x":12,"y":57,"width":196,"height":20},"passwordRect":{"x":12,"y":96,"width":196,"height":20},"submitRect":{"x":12,"y":124,"width":92,"height":20}}
[0710月2026 02:21:02.868] [Render thread/WARN] [com.mojang.blaze3d.opengl.GlProgram/]: neoforge:pipeline/item_translucent_unlit shader program does not use sampler Sampler2 defined in the pipeline. This might be a bug.
[0710月2026 02:21:02.885] [Render thread/WARN] [com.mojang.blaze3d.opengl.GlProgram/]: neoforge:pipeline/item_cutout_unlit shader program does not use sampler Sampler2 defined in the pipeline. This might be a bug.
[0710月2026 02:21:02.956] [Render thread/INFO] [com.mojang.blaze3d.audio.Library/]: OpenAL initialized on device OpenAL Soft on 扬声器 (Razer Barracuda X)
[0710月2026 02:21:02.956] [Render thread/INFO] [net.minecraft.client.sounds.SoundEngine/SOUNDS]: Sound engine started
[0710月2026 02:21:02.956] [Render thread/INFO] [net.minecraft.client.renderer.texture.TextureAtlas/]: Created: 512x256x0 minecraft:textures/atlas/particles.png-atlas
[0710月2026 02:21:02.988] [Render thread/INFO] [net.minecraft.client.renderer.texture.TextureAtlas/]: Created: 128x128x0 minecraft:textures/atlas/decorated_pot.png-atlas
[0710月2026 02:21:03.000] [Render thread/INFO] [net.minecraft.client.renderer.texture.TextureAtlas/]: Created: 2048x1024x0 minecraft:textures/atlas/armor_trims.png-atlas
[0710月2026 02:21:03.026] [Render thread/INFO] [net.minecraft.client.renderer.texture.TextureAtlas/]: Created: 512x256x0 minecraft:textures/atlas/paintings.png-atlas
[0710月2026 02:21:03.055] [Render thread/INFO] [net.minecraft.client.renderer.texture.TextureAtlas/]: Created: 1024x512x0 minecraft:textures/atlas/shield_patterns.png-atlas
[0710月2026 02:21:03.065] [Render thread/INFO] [net.minecraft.client.renderer.texture.TextureAtlas/]: Created: 2048x2048x4 minecraft:textures/atlas/blocks.png-atlas
[0710月2026 02:21:03.195] [Render thread/INFO] [net.minecraft.client.renderer.texture.TextureAtlas/]: Created: 512x512x0 minecraft:textures/atlas/chest.png-atlas
[0710月2026 02:21:03.215] [Render thread/INFO] [net.minecraft.client.renderer.texture.TextureAtlas/]: Created: 256x128x0 minecraft:textures/atlas/celestials.png-atlas
[0710月2026 02:21:03.217] [Render thread/INFO] [net.minecraft.client.renderer.texture.TextureAtlas/]: Created: 1024x512x0 minecraft:textures/atlas/banner_patterns.png-atlas
[0710月2026 02:21:03.219] [Render thread/INFO] [net.minecraft.client.renderer.texture.TextureAtlas/]: Created: 1024x512x0 minecraft:textures/atlas/items.png-atlas
[0710月2026 02:21:03.237] [Render thread/INFO] [net.minecraft.client.renderer.texture.TextureAtlas/]: Created: 1024x1024x0 minecraft:textures/atlas/gui.png-atlas
[0710月2026 02:21:03.261] [Render thread/INFO] [net.minecraft.client.renderer.texture.TextureAtlas/]: Created: 128x64x0 minecraft:textures/atlas/map_decorations.png-atlas
[0710月2026 02:21:03.283] [Render thread/INFO] [net.minecraft.client.renderer.texture.TextureAtlas/]: Created: 512x512x0 minecraft:textures/atlas/shulker_boxes.png-atlas
[0710月2026 02:21:03.398] [Render thread/INFO] [net.neoforged.neoforge.client.entity.animation.json.AnimationLoader/]: Loaded 0 entity animations
[0710月2026 02:21:03.727] [Render thread/INFO] [NekoJS/]: 正在为 CLIENT 注册 16 个事件组... — registering event groups
[0710月2026 02:21:03.747] [Render thread/INFO] [NekoJS/]: [client] 正在重载 CLIENT 脚本... — reloading scripts (x2)
[0710月2026 02:21:03.756] [Render thread/INFO] [NekoJS/]: [client] 发现了 4 个 CLIENT 脚本 — scripts discovered
[0710月2026 02:21:03.788] [Render thread/ERROR] [NekoJS/]: [client] Script binding-preflight unknown-identifier flatMap callback exception:
环境: CLIENT
位置: client_scripts/src/combined-session.tsx:71:55
原因: Unknown identifier 'flatMap'. Did you mean 'DataMap'?

   69 |     renderFault: renderFault.get(), recoveryCount: recoveryCount.get(),
   70 |     listValues: listItems.get(),
 > 71 |     listNodes: layout ? ['list-first', 'list-second'].flatMap(id => {
     |                                                       ^
   72 |       const node = find(layout.nodes, id);
   73 |       return node ? [{ id: node.id, text: node.text ?? node.style?.text ?? null, rect: node.rect }] : [];
script-diagnostic id=nekojs:rt/CLIENT/binding-preflight unknown-identifier flatMap/5d31c64e type=client phase=RESOLVE_LINK owner=Module Resolution/Cache generation=3 candidate=true source=client_scripts/src/combined-session.tsx:71:55 module=D:/mcmodDemo/NekoJS-mult/build/ticket48-autonomous/nekojs/client_scripts/src/combined-session.tsx cause=NekoEsmLinkException: Unknown identifier 'flatMap'. Did you mean 'DataMap'? at D:\mcmodDemo\NekoJS-mult\build\ticket48-autonomous\nekojs\client_scripts\src\combined-session.tsx:71:55
[0710月2026 02:21:03.891] [Render thread/ERROR] [NekoJS/]: [client] Script binding-preflight unknown-identifier flatMap callback exception:
环境: CLIENT
位置: client_scripts/src/combined-session.tsx:71:55
原因: Unknown identifier 'flatMap'. Did you mean 'DataMap'?
频次: 连续发生了 2 次

   69 |     renderFault: renderFault.get(), recoveryCount: recoveryCount.get(),
   70 |     listValues: listItems.get(),
 > 71 |     listNodes: layout ? ['list-first', 'list-second'].flatMap(id => {
     |                                                       ^
   72 |       const node = find(layout.nodes, id);
   73 |       return node ? [{ id: node.id, text: node.text ?? node.style?.text ?? null, rect: node.rect }] : [];
script-diagnostic id=nekojs:rt/CLIENT/binding-preflight unknown-identifier flatMap/5d31c64e type=client phase=RESOLVE_LINK owner=Module Resolution/Cache generation=3 candidate=true source=client_scripts/src/combined-session.tsx:71:55 module=D:/mcmodDemo/NekoJS-mult/build/ticket48-autonomous/nekojs/client_scripts/src/combined-session.tsx cause=NekoEsmLinkException: Unknown identifier 'flatMap'. Did you mean 'DataMap'? at D:\mcmodDemo\NekoJS-mult\build\ticket48-autonomous\nekojs\client_scripts\src\combined-session.tsx:71:55
[0710月2026 02:21:03.892] [Render thread/INFO] [com.tkisor.nekojs.client.posteffect.PostEffectManager/]: Installed client post-effect generation 2 (0 definition(s), 0 removed, 0 re-declared)
[0710月2026 02:21:03.895] [Render thread/INFO] [NekoJS/]: [client] Hello, World! (Loaded client example script)
[0710月2026 02:21:04.285] [NekoJS-Log-Flusher/INFO] [NekoJS/]: [client] CLIENT 脚本重载完毕 — script reload finished (x2)
[0710月2026 02:21:09.523] [Render thread/INFO] [NekoJS/]: [client] [ticket48-auto] {"stage":"open","ticks":120,"elapsedMs":5643,"statistics":{"initialBuild":1,"layout":2,"reconcile":0,"resize":1,"paint":0,"diagnostics":0,"cleanup":0},"disposed":false,"username":"","passwordLength":0,"error":"","submitting":false,"lastSubmitted":"","renderFault":false,"recoveryCount":0,"listValues":[{"id":"first","text":"A"}],"listNodes":[{"id":"list-first","text":"A","rect":{"x":0,"y":230,"width":30,"height":10}}],"profile":2,"packFontWidth":16,"usernameRect":{"x":12,"y":57,"width":196,"height":20},"passwordRect":{"x":12,"y":96,"width":196,"height":20},"submitRect":{"x":12,"y":124,"width":92,"height":20}}
[0710月2026 02:21:09.541] [Render thread/INFO] [NekoJS/]: [client] [ticket48-auto] {"stage":"profile-1-result-true","ticks":120,"elapsedMs":5665,"statistics":{"initialBuild":1,"layout":3,"reconcile":0,"resize":1,"paint":0,"diagnostics":0,"cleanup":0},"disposed":false,"username":"","passwordLength":0,"error":"","submitting":false,"lastSubmitted":"","renderFault":false,"recoveryCount":0,"listValues":[{"id":"first","text":"A"}],"listNodes":[{"id":"list-first","text":"A","rect":{"x":0,"y":230,"width":30,"height":10}}],"profile":1,"packFontWidth":16,"usernameRect":{"x":12,"y":57,"width":196,"height":20},"passwordRect":{"x":12,"y":96,"width":196,"height":20},"submitRect":{"x":12,"y":124,"width":92,"height":20}}
[0710月2026 02:21:09.559] [Render thread/INFO] [NekoJS/]: [client] [ticket48-auto] {"stage":"profile-2-result-true","ticks":120,"elapsedMs":5685,"statistics":{"initialBuild":1,"layout":4,"reconcile":0,"resize":1,"paint":0,"diagnostics":0,"cleanup":0},"disposed":false,"username":"","passwordLength":0,"error":"","submitting":false,"lastSubmitted":"","renderFault":false,"recoveryCount":0,"listValues":[{"id":"first","text":"A"}],"listNodes":[{"id":"list-first","text":"A","rect":{"x":0,"y":230,"width":30,"height":10}}],"profile":2,"packFontWidth":16,"usernameRect":{"x":12,"y":57,"width":196,"height":20},"passwordRect":{"x":12,"y":96,"width":196,"height":20},"submitRect":{"x":12,"y":124,"width":92,"height":20}}
[0710月2026 02:21:09.575] [Render thread/INFO] [NekoJS/]: [client] [ticket48-auto] {"stage":"profile-3-result-true","ticks":120,"elapsedMs":5702,"statistics":{"initialBuild":1,"layout":5,"reconcile":0,"resize":1,"paint":0,"diagnostics":0,"cleanup":0},"disposed":false,"username":"","passwordLength":0,"error":"","submitting":false,"lastSubmitted":"","renderFault":false,"recoveryCount":0,"listValues":[{"id":"first","text":"A"}],"listNodes":[{"id":"list-first","text":"A","rect":{"x":0,"y":230,"width":30,"height":10}}],"profile":3,"packFontWidth":16,"usernameRect":{"x":12,"y":57,"width":196,"height":20},"passwordRect":{"x":12,"y":96,"width":196,"height":20},"submitRect":{"x":12,"y":124,"width":92,"height":20}}
[0710月2026 02:21:09.594] [Render thread/INFO] [NekoJS/]: [client] [ticket48-auto] {"stage":"profile-4-result-true","ticks":120,"elapsedMs":5718,"statistics":{"initialBuild":1,"layout":6,"reconcile":0,"resize":1,"paint":0,"diagnostics":0,"cleanup":0},"disposed":false,"username":"","passwordLength":0,"error":"","submitting":false,"lastSubmitted":"","renderFault":false,"recoveryCount":0,"listValues":[{"id":"first","text":"A"}],"listNodes":[{"id":"list-first","text":"A","rect":{"x":0,"y":230,"width":30,"height":10}}],"profile":4,"packFontWidth":16,"usernameRect":{"x":12,"y":57,"width":196,"height":20},"passwordRect":{"x":12,"y":96,"width":196,"height":20},"submitRect":{"x":12,"y":124,"width":92,"height":20}}
[0710月2026 02:21:09.606] [Render thread/INFO] [NekoJS/]: [client] [ticket48-auto] {"stage":"profile-5-result-true","ticks":120,"elapsedMs":5737,"statistics":{"initialBuild":1,"layout":7,"reconcile":0,"resize":1,"paint":0,"diagnostics":0,"cleanup":0},"disposed":false,"username":"","passwordLength":0,"error":"","submitting":false,"lastSubmitted":"","renderFault":false,"recoveryCount":0,"listValues":[{"id":"first","text":"A"}],"listNodes":[{"id":"list-first","text":"A","rect":{"x":0,"y":230,"width":30,"height":10}}],"profile":5,"packFontWidth":16,"usernameRect":{"x":12,"y":57,"width":196,"height":20},"passwordRect":{"x":12,"y":96,"width":196,"height":20},"submitRect":{"x":12,"y":124,"width":92,"height":20}}
[0710月2026 02:21:09.617] [Render thread/INFO] [NekoJS/]: [client] [ticket48-auto] {"stage":"profile-6-result-true","ticks":120,"elapsedMs":5750,"statistics":{"initialBuild":1,"layout":8,"reconcile":0,"resize":1,"paint":0,"diagnostics":0,"cleanup":0},"disposed":false,"username":"","passwordLength":0,"error":"","submitting":false,"lastSubmitted":"","renderFault":false,"recoveryCount":0,"listValues":[{"id":"first","text":"A"}],"listNodes":[{"id":"list-first","text":"A","rect":{"x":0,"y":230,"width":30,"height":10}}],"profile":6,"packFontWidth":16,"usernameRect":{"x":12,"y":59,"width":196,"height":20},"passwordRect":{"x":12,"y":98,"width":196,"height":20},"submitRect":{"x":12,"y":126,"width":92,"height":20}}
[0710月2026 02:21:10.286] [NekoJS-Log-Flusher/INFO] [NekoJS/]: [client] [ticket48-auto] {"stage":"physical-window-restored","ticks":120,"elapsedMs":5760,"statistics":{"initialBuild":1,"layout":9,"reconcile":0,"resize":1,"paint":0,"diagnostics":0,"cleanup":0},"disposed":false,"username":"","passwordLength":0,"error":"","submitting":false,"lastSubmitted":"","renderFault":false,"recoveryCount":0,"listValues":[{"id":"first","text":"A"}],"listNodes":[{"id":"list-first","text":"A","rect":{"x":0,"y":230,"width":30,"height":10}}],"profile":2,"packFontWidth":16,"usernameRect":{"x":12,"y":57,"width":196,"height":20},"passwordRect":{"x":12,"y":96,"width":196,"height":20},"submitRect":{"x":12,"y":124,"width":92,"height":20}}
[0710月2026 02:21:14.287] [NekoJS-Log-Flusher/INFO] [NekoJS/]: [client] [ticket48-auto] {"stage":"sample","ticks":200,"elapsedMs":9483,"statistics":{"initialBuild":1,"layout":9,"reconcile":0,"resize":1,"paint":223,"diagnostics":0,"cleanup":0},"disposed":false,"username":"","passwordLength":0,"error":"","submitting":false,"lastSubmitted":"","renderFault":false,"recoveryCount":0,"listValues":[{"id":"first","text":"A"}],"listNodes":[{"id":"list-first","text":"A","rect":{"x":0,"y":230,"width":30,"height":10}}],"profile":2,"packFontWidth":16,"usernameRect":{"x":12,"y":57,"width":196,"height":20},"passwordRect":{"x":12,"y":96,"width":196,"height":20},"submitRect":{"x":12,"y":124,"width":92,"height":20}}
[0710月2026 02:21:19.286] [NekoJS-Log-Flusher/INFO] [NekoJS/]: [client] [ticket48-auto] {"stage":"sample","ticks":300,"elapsedMs":14487,"statistics":{"initialBuild":1,"layout":9,"reconcile":0,"resize":1,"paint":522,"diagnostics":0,"cleanup":0},"disposed":false,"username":"","passwordLength":0,"error":"","submitting":false,"lastSubmitted":"","renderFault":false,"recoveryCount":0,"listValues":[{"id":"first","text":"A"}],"listNodes":[{"id":"list-first","text":"A","rect":{"x":0,"y":230,"width":30,"height":10}}],"profile":2,"packFontWidth":16,"usernameRect":{"x":12,"y":57,"width":196,"height":20},"passwordRect":{"x":12,"y":96,"width":196,"height":20},"submitRect":{"x":12,"y":124,"width":92,"height":20}}
[0710月2026 02:21:24.285] [NekoJS-Log-Flusher/INFO] [NekoJS/]: [client] [ticket48-auto] {"stage":"sample","ticks":400,"elapsedMs":19477,"statistics":{"initialBuild":1,"layout":9,"reconcile":0,"resize":1,"paint":820,"diagnostics":0,"cleanup":0},"disposed":false,"username":"","passwordLength":0,"error":"","submitting":false,"lastSubmitted":"","renderFault":false,"recoveryCount":0,"listValues":[{"id":"first","text":"A"}],"listNodes":[{"id":"list-first","text":"A","rect":{"x":0,"y":230,"width":30,"height":10}}],"profile":2,"packFontWidth":16,"usernameRect":{"x":12,"y":57,"width":196,"height":20},"passwordRect":{"x":12,"y":96,"width":196,"height":20},"submitRect":{"x":12,"y":124,"width":92,"height":20}}
[0710月2026 02:21:29.285] [NekoJS-Log-Flusher/INFO] [NekoJS/]: [client] [ticket48-auto] {"stage":"sample","ticks":500,"elapsedMs":24487,"statistics":{"initialBuild":1,"layout":9,"reconcile":0,"resize":1,"paint":1119,"diagnostics":0,"cleanup":0},"disposed":false,"username":"","passwordLength":0,"error":"","submitting":false,"lastSubmitted":"","renderFault":false,"recoveryCount":0,"listValues":[{"id":"first","text":"A"}],"listNodes":[{"id":"list-first","text":"A","rect":{"x":0,"y":230,"width":30,"height":10}}],"profile":2,"packFontWidth":16,"usernameRect":{"x":12,"y":57,"width":196,"height":20},"passwordRect":{"x":12,"y":96,"width":196,"height":20},"submitRect":{"x":12,"y":124,"width":92,"height":20}}
[0710月2026 02:21:34.286] [NekoJS-Log-Flusher/INFO] [NekoJS/]: [client] [ticket48-auto] {"stage":"sample","ticks":600,"elapsedMs":29479,"statistics":{"initialBuild":1,"layout":9,"reconcile":0,"resize":1,"paint":1417,"diagnostics":0,"cleanup":0},"disposed":false,"username":"","passwordLength":0,"error":"","submitting":false,"lastSubmitted":"","renderFault":false,"recoveryCount":0,"listValues":[{"id":"first","text":"A"}],"listNodes":[{"id":"list-first","text":"A","rect":{"x":0,"y":230,"width":30,"height":10}}],"profile":2,"packFontWidth":16,"usernameRect":{"x":12,"y":57,"width":196,"height":20},"passwordRect":{"x":12,"y":96,"width":196,"height":20},"submitRect":{"x":12,"y":124,"width":92,"height":20}}
[0710月2026 02:21:39.285] [NekoJS-Log-Flusher/INFO] [NekoJS/]: [client] [ticket48-auto] {"stage":"sample","ticks":700,"elapsedMs":34486,"statistics":{"initialBuild":1,"layout":9,"reconcile":0,"resize":1,"paint":1716,"diagnostics":0,"cleanup":0},"disposed":false,"username":"","passwordLength":0,"error":"","submitting":false,"lastSubmitted":"","renderFault":false,"recoveryCount":0,"listValues":[{"id":"first","text":"A"}],"listNodes":[{"id":"list-first","text":"A","rect":{"x":0,"y":230,"width":30,"height":10}}],"profile":2,"packFontWidth":16,"usernameRect":{"x":12,"y":57,"width":196,"height":20},"passwordRect":{"x":12,"y":96,"width":196,"height":20},"submitRect":{"x":12,"y":124,"width":92,"height":20}}
[0710月2026 02:21:44.286] [NekoJS-Log-Flusher/INFO] [NekoJS/]: [client] [ticket48-auto] {"stage":"sample","ticks":800,"elapsedMs":39478,"statistics":{"initialBuild":1,"layout":9,"reconcile":0,"resize":1,"paint":2014,"diagnostics":0,"cleanup":0},"disposed":false,"username":"","passwordLength":0,"error":"","submitting":false,"lastSubmitted":"","renderFault":false,"recoveryCount":0,"listValues":[{"id":"first","text":"A"}],"listNodes":[{"id":"list-first","text":"A","rect":{"x":0,"y":230,"width":30,"height":10}}],"profile":2,"packFontWidth":16,"usernameRect":{"x":12,"y":57,"width":196,"height":20},"passwordRect":{"x":12,"y":96,"width":196,"height":20},"submitRect":{"x":12,"y":124,"width":92,"height":20}}
[0710月2026 02:21:49.287] [NekoJS-Log-Flusher/INFO] [NekoJS/]: [client] [ticket48-auto] {"stage":"sample","ticks":900,"elapsedMs":44483,"statistics":{"initialBuild":1,"layout":9,"reconcile":0,"resize":1,"paint":2313,"diagnostics":0,"cleanup":0},"disposed":false,"username":"","passwordLength":0,"error":"","submitting":false,"lastSubmitted":"","renderFault":false,"recoveryCount":0,"listValues":[{"id":"first","text":"A"}],"listNodes":[{"id":"list-first","text":"A","rect":{"x":0,"y":230,"width":30,"height":10}}],"profile":2,"packFontWidth":16,"usernameRect":{"x":12,"y":57,"width":196,"height":20},"passwordRect":{"x":12,"y":96,"width":196,"height":20},"submitRect":{"x":12,"y":124,"width":92,"height":20}}
[0710月2026 02:21:54.285] [NekoJS-Log-Flusher/INFO] [NekoJS/]: [client] [ticket48-auto] {"stage":"sample","ticks":1000,"elapsedMs":49479,"statistics":{"initialBuild":1,"layout":9,"reconcile":0,"resize":1,"paint":2611,"diagnostics":0,"cleanup":0},"disposed":false,"username":"","passwordLength":0,"error":"","submitting":false,"lastSubmitted":"","renderFault":false,"recoveryCount":0,"listValues":[{"id":"first","text":"A"}],"listNodes":[{"id":"list-first","text":"A","rect":{"x":0,"y":230,"width":30,"height":10}}],"profile":2,"packFontWidth":16,"usernameRect":{"x":12,"y":57,"width":196,"height":20},"passwordRect":{"x":12,"y":96,"width":196,"height":20},"submitRect":{"x":12,"y":124,"width":92,"height":20}}
[0710月2026 02:21:59.286] [NekoJS-Log-Flusher/INFO] [NekoJS/]: [client] [ticket48-auto] {"stage":"sample","ticks":1100,"elapsedMs":54488,"statistics":{"initialBuild":1,"layout":9,"reconcile":0,"resize":1,"paint":2910,"diagnostics":0,"cleanup":0},"disposed":false,"username":"","passwordLength":0,"error":"","submitting":false,"lastSubmitted":"","renderFault":false,"recoveryCount":0,"listValues":[{"id":"first","text":"A"}],"listNodes":[{"id":"list-first","text":"A","rect":{"x":0,"y":230,"width":30,"height":10}}],"profile":2,"packFontWidth":16,"usernameRect":{"x":12,"y":57,"width":196,"height":20},"passwordRect":{"x":12,"y":96,"width":196,"height":20},"submitRect":{"x":12,"y":124,"width":92,"height":20}}
[0710月2026 02:22:04.287] [NekoJS-Log-Flusher/INFO] [NekoJS/]: [client] [ticket48-auto] {"stage":"sample","ticks":1200,"elapsedMs":59477,"statistics":{"initialBuild":1,"layout":9,"reconcile":0,"resize":1,"paint":3175,"diagnostics":0,"cleanup":0},"disposed":false,"username":"","passwordLength":0,"error":"","submitting":false,"lastSubmitted":"","renderFault":false,"recoveryCount":0,"listValues":[{"id":"first","text":"A"}],"listNodes":[{"id":"list-first","text":"A","rect":{"x":0,"y":230,"width":30,"height":10}}],"profile":2,"packFontWidth":16,"usernameRect":{"x":12,"y":57,"width":196,"height":20},"passwordRect":{"x":12,"y":96,"width":196,"height":20},"submitRect":{"x":12,"y":124,"width":92,"height":20}}
[0710月2026 02:22:09.286] [NekoJS-Log-Flusher/INFO] [NekoJS/]: [client] [ticket48-auto] {"stage":"sample","ticks":1300,"elapsedMs":64487,"statistics":{"initialBuild":1,"layout":9,"reconcile":0,"resize":1,"paint":3325,"diagnostics":0,"cleanup":0},"disposed":false,"username":"","passwordLength":0,"error":"","submitting":false,"lastSubmitted":"","renderFault":false,"recoveryCount":0,"listValues":[{"id":"first","text":"A"}],"listNodes":[{"id":"list-first","text":"A","rect":{"x":0,"y":230,"width":30,"height":10}}],"profile":2,"packFontWidth":16,"usernameRect":{"x":12,"y":57,"width":196,"height":20},"passwordRect":{"x":12,"y":96,"width":196,"height":20},"submitRect":{"x":12,"y":124,"width":92,"height":20}}
[0710月2026 02:22:14.286] [NekoJS-Log-Flusher/INFO] [NekoJS/]: [client] [ticket48-auto] {"stage":"sample","ticks":1400,"elapsedMs":69500,"statistics":{"initialBuild":1,"layout":9,"reconcile":0,"resize":1,"paint":3475,"diagnostics":0,"cleanup":0},"disposed":false,"username":"","passwordLength":0,"error":"","submitting":false,"lastSubmitted":"","renderFault":false,"recoveryCount":0,"listValues":[{"id":"first","text":"A"}],"listNodes":[{"id":"list-first","text":"A","rect":{"x":0,"y":230,"width":30,"height":10}}],"profile":2,"packFontWidth":16,"usernameRect":{"x":12,"y":57,"width":196,"height":20},"passwordRect":{"x":12,"y":96,"width":196,"height":20},"submitRect":{"x":12,"y":124,"width":92,"height":20}}
[0710月2026 02:22:19.286] [NekoJS-Log-Flusher/INFO] [NekoJS/]: [client] [ticket48-auto] {"stage":"sample","ticks":1500,"elapsedMs":74479,"statistics":{"initialBuild":1,"layout":9,"reconcile":0,"resize":1,"paint":3624,"diagnostics":0,"cleanup":0},"disposed":false,"username":"","passwordLength":0,"error":"","submitting":false,"lastSubmitted":"","renderFault":false,"recoveryCount":0,"listValues":[{"id":"first","text":"A"}],"listNodes":[{"id":"list-first","text":"A","rect":{"x":0,"y":230,"width":30,"height":10}}],"profile":2,"packFontWidth":16,"usernameRect":{"x":12,"y":57,"width":196,"height":20},"passwordRect":{"x":12,"y":96,"width":196,"height":20},"submitRect":{"x":12,"y":124,"width":92,"height":20}}
[0710月2026 02:22:24.287] [NekoJS-Log-Flusher/INFO] [NekoJS/]: [client] [ticket48-auto] {"stage":"sample","ticks":1600,"elapsedMs":79493,"statistics":{"initialBuild":1,"layout":9,"reconcile":0,"resize":1,"paint":3774,"diagnostics":0,"cleanup":0},"disposed":false,"username":"","passwordLength":0,"error":"","submitting":false,"lastSubmitted":"","renderFault":false,"recoveryCount":0,"listValues":[{"id":"first","text":"A"}],"listNodes":[{"id":"list-first","text":"A","rect":{"x":0,"y":230,"width":30,"height":10}}],"profile":2,"packFontWidth":16,"usernameRect":{"x":12,"y":57,"width":196,"height":20},"passwordRect":{"x":12,"y":96,"width":196,"height":20},"submitRect":{"x":12,"y":124,"width":92,"height":20}}
[0710月2026 02:22:29.287] [NekoJS-Log-Flusher/INFO] [NekoJS/]: [client] [ticket48-auto] {"stage":"sample","ticks":1700,"elapsedMs":84473,"statistics":{"initialBuild":1,"layout":9,"reconcile":0,"resize":1,"paint":3923,"diagnostics":0,"cleanup":0},"disposed":false,"username":"","passwordLength":0,"error":"","submitting":false,"lastSubmitted":"","renderFault":false,"recoveryCount":0,"listValues":[{"id":"first","text":"A"}],"listNodes":[{"id":"list-first","text":"A","rect":{"x":0,"y":230,"width":30,"height":10}}],"profile":2,"packFontWidth":16,"usernameRect":{"x":12,"y":57,"width":196,"height":20},"passwordRect":{"x":12,"y":96,"width":196,"height":20},"submitRect":{"x":12,"y":124,"width":92,"height":20}}
[0710月2026 02:22:34.288] [NekoJS-Log-Flusher/INFO] [NekoJS/]: [client] [ticket48-auto] {"stage":"sample","ticks":1800,"elapsedMs":89483,"statistics":{"initialBuild":1,"layout":9,"reconcile":0,"resize":1,"paint":4073,"diagnostics":0,"cleanup":0},"disposed":false,"username":"","passwordLength":0,"error":"","submitting":false,"lastSubmitted":"","renderFault":false,"recoveryCount":0,"listValues":[{"id":"first","text":"A"}],"listNodes":[{"id":"list-first","text":"A","rect":{"x":0,"y":230,"width":30,"height":10}}],"profile":2,"packFontWidth":16,"usernameRect":{"x":12,"y":57,"width":196,"height":20},"passwordRect":{"x":12,"y":96,"width":196,"height":20},"submitRect":{"x":12,"y":124,"width":92,"height":20}}
[0710月2026 02:22:39.286] [NekoJS-Log-Flusher/INFO] [NekoJS/]: [client] [ticket48-auto] {"stage":"sample","ticks":1900,"elapsedMs":94502,"statistics":{"initialBuild":1,"layout":9,"reconcile":0,"resize":1,"paint":4223,"diagnostics":0,"cleanup":0},"disposed":false,"username":"","passwordLength":0,"error":"","submitting":false,"lastSubmitted":"","renderFault":false,"recoveryCount":0,"listValues":[{"id":"first","text":"A"}],"listNodes":[{"id":"list-first","text":"A","rect":{"x":0,"y":230,"width":30,"height":10}}],"profile":2,"packFontWidth":16,"usernameRect":{"x":12,"y":57,"width":196,"height":20},"passwordRect":{"x":12,"y":96,"width":196,"height":20},"submitRect":{"x":12,"y":124,"width":92,"height":20}}
[0710月2026 02:22:44.287] [NekoJS-Log-Flusher/INFO] [NekoJS/]: [client] [ticket48-auto] {"stage":"sample","ticks":2000,"elapsedMs":99482,"statistics":{"initialBuild":1,"layout":9,"reconcile":0,"resize":1,"paint":4372,"diagnostics":0,"cleanup":0},"disposed":false,"username":"","passwordLength":0,"error":"","submitting":false,"lastSubmitted":"","renderFault":false,"recoveryCount":0,"listValues":[{"id":"first","text":"A"}],"listNodes":[{"id":"list-first","text":"A","rect":{"x":0,"y":230,"width":30,"height":10}}],"profile":2,"packFontWidth":16,"usernameRect":{"x":12,"y":57,"width":196,"height":20},"passwordRect":{"x":12,"y":96,"width":196,"height":20},"submitRect":{"x":12,"y":124,"width":92,"height":20}}
[0710月2026 02:22:49.289] [NekoJS-Log-Flusher/INFO] [NekoJS/]: [client] [ticket48-auto] {"stage":"sample","ticks":2100,"elapsedMs":104500,"statistics":{"initialBuild":1,"layout":9,"reconcile":0,"resize":1,"paint":4522,"diagnostics":0,"cleanup":0},"disposed":false,"username":"","passwordLength":0,"error":"","submitting":false,"lastSubmitted":"","renderFault":false,"recoveryCount":0,"listValues":[{"id":"first","text":"A"}],"listNodes":[{"id":"list-first","text":"A","rect":{"x":0,"y":230,"width":30,"height":10}}],"profile":2,"packFontWidth":16,"usernameRect":{"x":12,"y":57,"width":196,"height":20},"passwordRect":{"x":12,"y":96,"width":196,"height":20},"submitRect":{"x":12,"y":124,"width":92,"height":20}}
[0710月2026 02:22:54.287] [NekoJS-Log-Flusher/INFO] [NekoJS/]: [client] [ticket48-auto] {"stage":"sample","ticks":2200,"elapsedMs":109482,"statistics":{"initialBuild":1,"layout":9,"reconcile":0,"resize":1,"paint":4671,"diagnostics":0,"cleanup":0},"disposed":false,"username":"","passwordLength":0,"error":"","submitting":false,"lastSubmitted":"","renderFault":false,"recoveryCount":0,"listValues":[{"id":"first","text":"A"}],"listNodes":[{"id":"list-first","text":"A","rect":{"x":0,"y":230,"width":30,"height":10}}],"profile":2,"packFontWidth":16,"usernameRect":{"x":12,"y":57,"width":196,"height":20},"passwordRect":{"x":12,"y":96,"width":196,"height":20},"submitRect":{"x":12,"y":124,"width":92,"height":20}}
[0710月2026 02:22:59.287] [NekoJS-Log-Flusher/INFO] [NekoJS/]: [client] [ticket48-auto] {"stage":"sample","ticks":2300,"elapsedMs":114494,"statistics":{"initialBuild":1,"layout":9,"reconcile":0,"resize":1,"paint":4821,"diagnostics":0,"cleanup":0},"disposed":false,"username":"","passwordLength":0,"error":"","submitting":false,"lastSubmitted":"","renderFault":false,"recoveryCount":0,"listValues":[{"id":"first","text":"A"}],"listNodes":[{"id":"list-first","text":"A","rect":{"x":0,"y":230,"width":30,"height":10}}],"profile":2,"packFontWidth":16,"usernameRect":{"x":12,"y":57,"width":196,"height":20},"passwordRect":{"x":12,"y":96,"width":196,"height":20},"submitRect":{"x":12,"y":124,"width":92,"height":20}}
[0710月2026 02:23:04.286] [NekoJS-Log-Flusher/INFO] [NekoJS/]: [client] [ticket48-auto] {"stage":"sample","ticks":2400,"elapsedMs":119505,"statistics":{"initialBuild":1,"layout":9,"reconcile":0,"resize":1,"paint":4971,"diagnostics":0,"cleanup":0},"disposed":false,"username":"","passwordLength":0,"error":"","submitting":false,"lastSubmitted":"","renderFault":false,"recoveryCount":0,"listValues":[{"id":"first","text":"A"}],"listNodes":[{"id":"list-first","text":"A","rect":{"x":0,"y":230,"width":30,"height":10}}],"profile":2,"packFontWidth":16,"usernameRect":{"x":12,"y":57,"width":196,"height":20},"passwordRect":{"x":12,"y":96,"width":196,"height":20},"submitRect":{"x":12,"y":124,"width":92,"height":20}}
[0710月2026 02:23:09.288] [NekoJS-Log-Flusher/INFO] [NekoJS/]: [client] [ticket48-auto] {"stage":"sample","ticks":2500,"elapsedMs":124483,"statistics":{"initialBuild":1,"layout":9,"reconcile":0,"resize":1,"paint":5120,"diagnostics":0,"cleanup":0},"disposed":false,"username":"","passwordLength":0,"error":"","submitting":false,"lastSubmitted":"","renderFault":false,"recoveryCount":0,"listValues":[{"id":"first","text":"A"}],"listNodes":[{"id":"list-first","text":"A","rect":{"x":0,"y":230,"width":30,"height":10}}],"profile":2,"packFontWidth":16,"usernameRect":{"x":12,"y":57,"width":196,"height":20},"passwordRect":{"x":12,"y":96,"width":196,"height":20},"submitRect":{"x":12,"y":124,"width":92,"height":20}}
[0710月2026 02:23:14.287] [NekoJS-Log-Flusher/INFO] [NekoJS/]: [client] [ticket48-auto] {"stage":"sample","ticks":2600,"elapsedMs":129499,"statistics":{"initialBuild":1,"layout":9,"reconcile":0,"resize":1,"paint":5270,"diagnostics":0,"cleanup":0},"disposed":false,"username":"","passwordLength":0,"error":"","submitting":false,"lastSubmitted":"","renderFault":false,"recoveryCount":0,"listValues":[{"id":"first","text":"A"}],"listNodes":[{"id":"list-first","text":"A","rect":{"x":0,"y":230,"width":30,"height":10}}],"profile":2,"packFontWidth":16,"usernameRect":{"x":12,"y":57,"width":196,"height":20},"passwordRect":{"x":12,"y":96,"width":196,"height":20},"submitRect":{"x":12,"y":124,"width":92,"height":20}}
[0710月2026 02:23:19.286] [NekoJS-Log-Flusher/INFO] [NekoJS/]: [client] [ticket48-auto] {"stage":"sample","ticks":2700,"elapsedMs":134478,"statistics":{"initialBuild":1,"layout":9,"reconcile":0,"resize":1,"paint":5419,"diagnostics":0,"cleanup":0},"disposed":false,"username":"","passwordLength":0,"error":"","submitting":false,"lastSubmitted":"","renderFault":false,"recoveryCount":0,"listValues":[{"id":"first","text":"A"}],"listNodes":[{"id":"list-first","text":"A","rect":{"x":0,"y":230,"width":30,"height":10}}],"profile":2,"packFontWidth":16,"usernameRect":{"x":12,"y":57,"width":196,"height":20},"passwordRect":{"x":12,"y":96,"width":196,"height":20},"submitRect":{"x":12,"y":124,"width":92,"height":20}}
[0710月2026 02:23:24.286] [NekoJS-Log-Flusher/INFO] [NekoJS/]: [client] [ticket48-auto] {"stage":"sample","ticks":2800,"elapsedMs":139492,"statistics":{"initialBuild":1,"layout":9,"reconcile":0,"resize":1,"paint":5569,"diagnostics":0,"cleanup":0},"disposed":false,"username":"","passwordLength":0,"error":"","submitting":false,"lastSubmitted":"","renderFault":false,"recoveryCount":0,"listValues":[{"id":"first","text":"A"}],"listNodes":[{"id":"list-first","text":"A","rect":{"x":0,"y":230,"width":30,"height":10}}],"profile":2,"packFontWidth":16,"usernameRect":{"x":12,"y":57,"width":196,"height":20},"passwordRect":{"x":12,"y":96,"width":196,"height":20},"submitRect":{"x":12,"y":124,"width":92,"height":20}}
[0710月2026 02:23:29.286] [NekoJS-Log-Flusher/INFO] [NekoJS/]: [client] [ticket48-auto] {"stage":"sample","ticks":2900,"elapsedMs":144475,"statistics":{"initialBuild":1,"layout":9,"reconcile":0,"resize":1,"paint":5718,"diagnostics":0,"cleanup":0},"disposed":false,"username":"","passwordLength":0,"error":"","submitting":false,"lastSubmitted":"","renderFault":false,"recoveryCount":0,"listValues":[{"id":"first","text":"A"}],"listNodes":[{"id":"list-first","text":"A","rect":{"x":0,"y":230,"width":30,"height":10}}],"profile":2,"packFontWidth":16,"usernameRect":{"x":12,"y":57,"width":196,"height":20},"passwordRect":{"x":12,"y":96,"width":196,"height":20},"submitRect":{"x":12,"y":124,"width":92,"height":20}}
[0710月2026 02:23:34.286] [NekoJS-Log-Flusher/INFO] [NekoJS/]: [client] [ticket48-auto] {"stage":"sample","ticks":3000,"elapsedMs":149486,"statistics":{"initialBuild":1,"layout":9,"reconcile":0,"resize":1,"paint":5868,"diagnostics":0,"cleanup":0},"disposed":false,"username":"","passwordLength":0,"error":"","submitting":false,"lastSubmitted":"","renderFault":false,"recoveryCount":0,"listValues":[{"id":"first","text":"A"}],"listNodes":[{"id":"list-first","text":"A","rect":{"x":0,"y":230,"width":30,"height":10}}],"profile":2,"packFontWidth":16,"usernameRect":{"x":12,"y":57,"width":196,"height":20},"passwordRect":{"x":12,"y":96,"width":196,"height":20},"submitRect":{"x":12,"y":124,"width":92,"height":20}}
[0710月2026 02:23:39.287] [NekoJS-Log-Flusher/INFO] [NekoJS/]: [client] [ticket48-auto] {"stage":"sample","ticks":3100,"elapsedMs":154501,"statistics":{"initialBuild":1,"layout":9,"reconcile":0,"resize":1,"paint":6018,"diagnostics":0,"cleanup":0},"disposed":false,"username":"","passwordLength":0,"error":"","submitting":false,"lastSubmitted":"","renderFault":false,"recoveryCount":0,"listValues":[{"id":"first","text":"A"}],"listNodes":[{"id":"list-first","text":"A","rect":{"x":0,"y":230,"width":30,"height":10}}],"profile":2,"packFontWidth":16,"usernameRect":{"x":12,"y":57,"width":196,"height":20},"passwordRect":{"x":12,"y":96,"width":196,"height":20},"submitRect":{"x":12,"y":124,"width":92,"height":20}}
[0710月2026 02:23:44.288] [NekoJS-Log-Flusher/INFO] [NekoJS/]: [client] [ticket48-auto] {"stage":"sample","ticks":3200,"elapsedMs":159480,"statistics":{"initialBuild":1,"layout":9,"reconcile":0,"resize":1,"paint":6167,"diagnostics":0,"cleanup":0},"disposed":false,"username":"","passwordLength":0,"error":"","submitting":false,"lastSubmitted":"","renderFault":false,"recoveryCount":0,"listValues":[{"id":"first","text":"A"}],"listNodes":[{"id":"list-first","text":"A","rect":{"x":0,"y":230,"width":30,"height":10}}],"profile":2,"packFontWidth":16,"usernameRect":{"x":12,"y":57,"width":196,"height":20},"passwordRect":{"x":12,"y":96,"width":196,"height":20},"submitRect":{"x":12,"y":124,"width":92,"height":20}}
[0710月2026 02:23:49.288] [NekoJS-Log-Flusher/INFO] [NekoJS/]: [client] [ticket48-auto] {"stage":"sample","ticks":3300,"elapsedMs":164492,"statistics":{"initialBuild":1,"layout":9,"reconcile":0,"resize":1,"paint":6317,"diagnostics":0,"cleanup":0},"disposed":false,"username":"","passwordLength":0,"error":"","submitting":false,"lastSubmitted":"","renderFault":false,"recoveryCount":0,"listValues":[{"id":"first","text":"A"}],"listNodes":[{"id":"list-first","text":"A","rect":{"x":0,"y":230,"width":30,"height":10}}],"profile":2,"packFontWidth":16,"usernameRect":{"x":12,"y":57,"width":196,"height":20},"passwordRect":{"x":12,"y":96,"width":196,"height":20},"submitRect":{"x":12,"y":124,"width":92,"height":20}}
[0710月2026 02:23:54.288] [NekoJS-Log-Flusher/INFO] [NekoJS/]: [client] [ticket48-auto] {"stage":"sample","ticks":3400,"elapsedMs":169504,"statistics":{"initialBuild":1,"layout":9,"reconcile":0,"resize":1,"paint":6467,"diagnostics":0,"cleanup":0},"disposed":false,"username":"","passwordLength":0,"error":"","submitting":false,"lastSubmitted":"","renderFault":false,"recoveryCount":0,"listValues":[{"id":"first","text":"A"}],"listNodes":[{"id":"list-first","text":"A","rect":{"x":0,"y":230,"width":30,"height":10}}],"profile":2,"packFontWidth":16,"usernameRect":{"x":12,"y":57,"width":196,"height":20},"passwordRect":{"x":12,"y":96,"width":196,"height":20},"submitRect":{"x":12,"y":124,"width":92,"height":20}}
[0710月2026 02:23:59.287] [NekoJS-Log-Flusher/INFO] [NekoJS/]: [client] [ticket48-auto] {"stage":"sample","ticks":3500,"elapsedMs":174483,"statistics":{"initialBuild":1,"layout":9,"reconcile":0,"resize":1,"paint":6616,"diagnostics":0,"cleanup":0},"disposed":false,"username":"","passwordLength":0,"error":"","submitting":false,"lastSubmitted":"","renderFault":false,"recoveryCount":0,"listValues":[{"id":"first","text":"A"}],"listNodes":[{"id":"list-first","text":"A","rect":{"x":0,"y":230,"width":30,"height":10}}],"profile":2,"packFontWidth":16,"usernameRect":{"x":12,"y":57,"width":196,"height":20},"passwordRect":{"x":12,"y":96,"width":196,"height":20},"submitRect":{"x":12,"y":124,"width":92,"height":20}}
[0710月2026 02:24:04.287] [NekoJS-Log-Flusher/INFO] [NekoJS/]: [client] [ticket48-auto] {"stage":"sample","ticks":3600,"elapsedMs":179495,"statistics":{"initialBuild":1,"layout":9,"reconcile":0,"resize":1,"paint":6766,"diagnostics":0,"cleanup":0},"disposed":false,"username":"","passwordLength":0,"error":"","submitting":false,"lastSubmitted":"","renderFault":false,"recoveryCount":0,"listValues":[{"id":"first","text":"A"}],"listNodes":[{"id":"list-first","text":"A","rect":{"x":0,"y":230,"width":30,"height":10}}],"profile":2,"packFontWidth":16,"usernameRect":{"x":12,"y":57,"width":196,"height":20},"passwordRect":{"x":12,"y":96,"width":196,"height":20},"submitRect":{"x":12,"y":124,"width":92,"height":20}}
[0710月2026 02:24:09.288] [NekoJS-Log-Flusher/INFO] [NekoJS/]: [client] [ticket48-auto] {"stage":"sample","ticks":3700,"elapsedMs":184474,"statistics":{"initialBuild":1,"layout":9,"reconcile":0,"resize":1,"paint":6915,"diagnostics":0,"cleanup":0},"disposed":false,"username":"","passwordLength":0,"error":"","submitting":false,"lastSubmitted":"","renderFault":false,"recoveryCount":0,"listValues":[{"id":"first","text":"A"}],"listNodes":[{"id":"list-first","text":"A","rect":{"x":0,"y":230,"width":30,"height":10}}],"profile":2,"packFontWidth":16,"usernameRect":{"x":12,"y":57,"width":196,"height":20},"passwordRect":{"x":12,"y":96,"width":196,"height":20},"submitRect":{"x":12,"y":124,"width":92,"height":20}}
[0710月2026 02:24:14.287] [NekoJS-Log-Flusher/INFO] [NekoJS/]: [client] [ticket48-auto] {"stage":"sample","ticks":3800,"elapsedMs":189484,"statistics":{"initialBuild":1,"layout":9,"reconcile":0,"resize":1,"paint":7065,"diagnostics":0,"cleanup":0},"disposed":false,"username":"","passwordLength":0,"error":"","submitting":false,"lastSubmitted":"","renderFault":false,"recoveryCount":0,"listValues":[{"id":"first","text":"A"}],"listNodes":[{"id":"list-first","text":"A","rect":{"x":0,"y":230,"width":30,"height":10}}],"profile":2,"packFontWidth":16,"usernameRect":{"x":12,"y":57,"width":196,"height":20},"passwordRect":{"x":12,"y":96,"width":196,"height":20},"submitRect":{"x":12,"y":124,"width":92,"height":20}}
[0710月2026 02:24:19.287] [NekoJS-Log-Flusher/INFO] [NekoJS/]: [client] [ticket48-auto] {"stage":"sample","ticks":3900,"elapsedMs":194499,"statistics":{"initialBuild":1,"layout":9,"reconcile":0,"resize":1,"paint":7215,"diagnostics":0,"cleanup":0},"disposed":false,"username":"","passwordLength":0,"error":"","submitting":false,"lastSubmitted":"","renderFault":false,"recoveryCount":0,"listValues":[{"id":"first","text":"A"}],"listNodes":[{"id":"list-first","text":"A","rect":{"x":0,"y":230,"width":30,"height":10}}],"profile":2,"packFontWidth":16,"usernameRect":{"x":12,"y":57,"width":196,"height":20},"passwordRect":{"x":12,"y":96,"width":196,"height":20},"submitRect":{"x":12,"y":124,"width":92,"height":20}}
[0710月2026 02:24:24.288] [NekoJS-Log-Flusher/INFO] [NekoJS/]: [client] [ticket48-auto] {"stage":"sample","ticks":4000,"elapsedMs":199482,"statistics":{"initialBuild":1,"layout":9,"reconcile":0,"resize":1,"paint":7364,"diagnostics":0,"cleanup":0},"disposed":false,"username":"","passwordLength":0,"error":"","submitting":false,"lastSubmitted":"","renderFault":false,"recoveryCount":0,"listValues":[{"id":"first","text":"A"}],"listNodes":[{"id":"list-first","text":"A","rect":{"x":0,"y":230,"width":30,"height":10}}],"profile":2,"packFontWidth":16,"usernameRect":{"x":12,"y":57,"width":196,"height":20},"passwordRect":{"x":12,"y":96,"width":196,"height":20},"submitRect":{"x":12,"y":124,"width":92,"height":20}}
[0710月2026 02:24:29.287] [NekoJS-Log-Flusher/INFO] [NekoJS/]: [client] [ticket48-auto] {"stage":"sample","ticks":4100,"elapsedMs":204497,"statistics":{"initialBuild":1,"layout":9,"reconcile":0,"resize":1,"paint":7514,"diagnostics":0,"cleanup":0},"disposed":false,"username":"","passwordLength":0,"error":"","submitting":false,"lastSubmitted":"","renderFault":false,"recoveryCount":0,"listValues":[{"id":"first","text":"A"}],"listNodes":[{"id":"list-first","text":"A","rect":{"x":0,"y":230,"width":30,"height":10}}],"profile":2,"packFontWidth":16,"usernameRect":{"x":12,"y":57,"width":196,"height":20},"passwordRect":{"x":12,"y":96,"width":196,"height":20},"submitRect":{"x":12,"y":124,"width":92,"height":20}}
[0710月2026 02:24:34.287] [NekoJS-Log-Flusher/INFO] [NekoJS/]: [client] [ticket48-auto] {"stage":"sample","ticks":4200,"elapsedMs":209477,"statistics":{"initialBuild":1,"layout":9,"reconcile":0,"resize":1,"paint":7663,"diagnostics":0,"cleanup":0},"disposed":false,"username":"","passwordLength":0,"error":"","submitting":false,"lastSubmitted":"","renderFault":false,"recoveryCount":0,"listValues":[{"id":"first","text":"A"}],"listNodes":[{"id":"list-first","text":"A","rect":{"x":0,"y":230,"width":30,"height":10}}],"profile":2,"packFontWidth":16,"usernameRect":{"x":12,"y":57,"width":196,"height":20},"passwordRect":{"x":12,"y":96,"width":196,"height":20},"submitRect":{"x":12,"y":124,"width":92,"height":20}}
[0710月2026 02:24:39.287] [NekoJS-Log-Flusher/INFO] [NekoJS/]: [client] [ticket48-auto] {"stage":"sample","ticks":4300,"elapsedMs":214490,"statistics":{"initialBuild":1,"layout":9,"reconcile":0,"resize":1,"paint":7813,"diagnostics":0,"cleanup":0},"disposed":false,"username":"","passwordLength":0,"error":"","submitting":false,"lastSubmitted":"","renderFault":false,"recoveryCount":0,"listValues":[{"id":"first","text":"A"}],"listNodes":[{"id":"list-first","text":"A","rect":{"x":0,"y":230,"width":30,"height":10}}],"profile":2,"packFontWidth":16,"usernameRect":{"x":12,"y":57,"width":196,"height":20},"passwordRect":{"x":12,"y":96,"width":196,"height":20},"submitRect":{"x":12,"y":124,"width":92,"height":20}}
[0710月2026 02:24:44.288] [NekoJS-Log-Flusher/INFO] [NekoJS/]: [client] [ticket48-auto] {"stage":"sample","ticks":4400,"elapsedMs":219507,"statistics":{"initialBuild":1,"layout":9,"reconcile":0,"resize":1,"paint":7963,"diagnostics":0,"cleanup":0},"disposed":false,"username":"","passwordLength":0,"error":"","submitting":false,"lastSubmitted":"","renderFault":false,"recoveryCount":0,"listValues":[{"id":"first","text":"A"}],"listNodes":[{"id":"list-first","text":"A","rect":{"x":0,"y":230,"width":30,"height":10}}],"profile":2,"packFontWidth":16,"usernameRect":{"x":12,"y":57,"width":196,"height":20},"passwordRect":{"x":12,"y":96,"width":196,"height":20},"submitRect":{"x":12,"y":124,"width":92,"height":20}}
[0710月2026 02:24:49.288] [NekoJS-Log-Flusher/INFO] [NekoJS/]: [client] [ticket48-auto] {"stage":"sample","ticks":4500,"elapsedMs":224487,"statistics":{"initialBuild":1,"layout":9,"reconcile":0,"resize":1,"paint":8112,"diagnostics":0,"cleanup":0},"disposed":false,"username":"","passwordLength":0,"error":"","submitting":false,"lastSubmitted":"","renderFault":false,"recoveryCount":0,"listValues":[{"id":"first","text":"A"}],"listNodes":[{"id":"list-first","text":"A","rect":{"x":0,"y":230,"width":30,"height":10}}],"profile":2,"packFontWidth":16,"usernameRect":{"x":12,"y":57,"width":196,"height":20},"passwordRect":{"x":12,"y":96,"width":196,"height":20},"submitRect":{"x":12,"y":124,"width":92,"height":20}}
[0710月2026 02:24:54.287] [NekoJS-Log-Flusher/INFO] [NekoJS/]: [client] [ticket48-auto] {"stage":"sample","ticks":4600,"elapsedMs":229501,"statistics":{"initialBuild":1,"layout":9,"reconcile":0,"resize":1,"paint":8262,"diagnostics":0,"cleanup":0},"disposed":false,"username":"","passwordLength":0,"error":"","submitting":false,"lastSubmitted":"","renderFault":false,"recoveryCount":0,"listValues":[{"id":"first","text":"A"}],"listNodes":[{"id":"list-first","text":"A","rect":{"x":0,"y":230,"width":30,"height":10}}],"profile":2,"packFontWidth":16,"usernameRect":{"x":12,"y":57,"width":196,"height":20},"passwordRect":{"x":12,"y":96,"width":196,"height":20},"submitRect":{"x":12,"y":124,"width":92,"height":20}}
[0710月2026 02:24:59.287] [NekoJS-Log-Flusher/INFO] [NekoJS/]: [client] [ticket48-auto] {"stage":"sample","ticks":4700,"elapsedMs":234481,"statistics":{"initialBuild":1,"layout":9,"reconcile":0,"resize":1,"paint":8411,"diagnostics":0,"cleanup":0},"disposed":false,"username":"","passwordLength":0,"error":"","submitting":false,"lastSubmitted":"","renderFault":false,"recoveryCount":0,"listValues":[{"id":"first","text":"A"}],"listNodes":[{"id":"list-first","text":"A","rect":{"x":0,"y":230,"width":30,"height":10}}],"profile":2,"packFontWidth":16,"usernameRect":{"x":12,"y":57,"width":196,"height":20},"passwordRect":{"x":12,"y":96,"width":196,"height":20},"submitRect":{"x":12,"y":124,"width":92,"height":20}}
[0710月2026 02:25:04.287] [NekoJS-Log-Flusher/INFO] [NekoJS/]: [client] [ticket48-auto] {"stage":"sample","ticks":4800,"elapsedMs":239494,"statistics":{"initialBuild":1,"layout":9,"reconcile":0,"resize":1,"paint":8561,"diagnostics":0,"cleanup":0},"disposed":false,"username":"","passwordLength":0,"error":"","submitting":false,"lastSubmitted":"","renderFault":false,"recoveryCount":0,"listValues":[{"id":"first","text":"A"}],"listNodes":[{"id":"list-first","text":"A","rect":{"x":0,"y":230,"width":30,"height":10}}],"profile":2,"packFontWidth":16,"usernameRect":{"x":12,"y":57,"width":196,"height":20},"passwordRect":{"x":12,"y":96,"width":196,"height":20},"submitRect":{"x":12,"y":124,"width":92,"height":20}}
[0710月2026 02:25:09.287] [NekoJS-Log-Flusher/INFO] [NekoJS/]: [client] [ticket48-auto] {"stage":"sample","ticks":4900,"elapsedMs":244506,"statistics":{"initialBuild":1,"layout":9,"reconcile":0,"resize":1,"paint":8711,"diagnostics":0,"cleanup":0},"disposed":false,"username":"","passwordLength":0,"error":"","submitting":false,"lastSubmitted":"","renderFault":false,"recoveryCount":0,"listValues":[{"id":"first","text":"A"}],"listNodes":[{"id":"list-first","text":"A","rect":{"x":0,"y":230,"width":30,"height":10}}],"profile":2,"packFontWidth":16,"usernameRect":{"x":12,"y":57,"width":196,"height":20},"passwordRect":{"x":12,"y":96,"width":196,"height":20},"submitRect":{"x":12,"y":124,"width":92,"height":20}}
[0710月2026 02:25:14.287] [NekoJS-Log-Flusher/INFO] [NekoJS/]: [client] [ticket48-auto] {"stage":"sample","ticks":5000,"elapsedMs":249486,"statistics":{"initialBuild":1,"layout":9,"reconcile":0,"resize":1,"paint":8860,"diagnostics":0,"cleanup":0},"disposed":false,"username":"","passwordLength":0,"error":"","submitting":false,"lastSubmitted":"","renderFault":false,"recoveryCount":0,"listValues":[{"id":"first","text":"A"}],"listNodes":[{"id":"list-first","text":"A","rect":{"x":0,"y":230,"width":30,"height":10}}],"profile":2,"packFontWidth":16,"usernameRect":{"x":12,"y":57,"width":196,"height":20},"passwordRect":{"x":12,"y":96,"width":196,"height":20},"submitRect":{"x":12,"y":124,"width":92,"height":20}}
[0710月2026 02:25:19.290] [NekoJS-Log-Flusher/INFO] [NekoJS/]: [client] [ticket48-auto] {"stage":"sample","ticks":5100,"elapsedMs":254498,"statistics":{"initialBuild":1,"layout":9,"reconcile":0,"resize":1,"paint":9010,"diagnostics":0,"cleanup":0},"disposed":false,"username":"","passwordLength":0,"error":"","submitting":false,"lastSubmitted":"","renderFault":false,"recoveryCount":0,"listValues":[{"id":"first","text":"A"}],"listNodes":[{"id":"list-first","text":"A","rect":{"x":0,"y":230,"width":30,"height":10}}],"profile":2,"packFontWidth":16,"usernameRect":{"x":12,"y":57,"width":196,"height":20},"passwordRect":{"x":12,"y":96,"width":196,"height":20},"submitRect":{"x":12,"y":124,"width":92,"height":20}}
[0710月2026 02:25:24.288] [NekoJS-Log-Flusher/INFO] [NekoJS/]: [client] [ticket48-auto] {"stage":"sample","ticks":5200,"elapsedMs":259476,"statistics":{"initialBuild":1,"layout":9,"reconcile":0,"resize":1,"paint":9159,"diagnostics":0,"cleanup":0},"disposed":false,"username":"","passwordLength":0,"error":"","submitting":false,"lastSubmitted":"","renderFault":false,"recoveryCount":0,"listValues":[{"id":"first","text":"A"}],"listNodes":[{"id":"list-first","text":"A","rect":{"x":0,"y":230,"width":30,"height":10}}],"profile":2,"packFontWidth":16,"usernameRect":{"x":12,"y":57,"width":196,"height":20},"passwordRect":{"x":12,"y":96,"width":196,"height":20},"submitRect":{"x":12,"y":124,"width":92,"height":20}}
[0710月2026 02:25:29.288] [NekoJS-Log-Flusher/INFO] [NekoJS/]: [client] [ticket48-auto] {"stage":"sample","ticks":5300,"elapsedMs":264489,"statistics":{"initialBuild":1,"layout":9,"reconcile":0,"resize":1,"paint":9309,"diagnostics":0,"cleanup":0},"disposed":false,"username":"","passwordLength":0,"error":"","submitting":false,"lastSubmitted":"","renderFault":false,"recoveryCount":0,"listValues":[{"id":"first","text":"A"}],"listNodes":[{"id":"list-first","text":"A","rect":{"x":0,"y":230,"width":30,"height":10}}],"profile":2,"packFontWidth":16,"usernameRect":{"x":12,"y":57,"width":196,"height":20},"passwordRect":{"x":12,"y":96,"width":196,"height":20},"submitRect":{"x":12,"y":124,"width":92,"height":20}}
[0710月2026 02:25:34.288] [NekoJS-Log-Flusher/INFO] [NekoJS/]: [client] [ticket48-auto] {"stage":"sample","ticks":5400,"elapsedMs":269499,"statistics":{"initialBuild":1,"layout":9,"reconcile":0,"resize":1,"paint":9459,"diagnostics":0,"cleanup":0},"disposed":false,"username":"","passwordLength":0,"error":"","submitting":false,"lastSubmitted":"","renderFault":false,"recoveryCount":0,"listValues":[{"id":"first","text":"A"}],"listNodes":[{"id":"list-first","text":"A","rect":{"x":0,"y":230,"width":30,"height":10}}],"profile":2,"packFontWidth":16,"usernameRect":{"x":12,"y":57,"width":196,"height":20},"passwordRect":{"x":12,"y":96,"width":196,"height":20},"submitRect":{"x":12,"y":124,"width":92,"height":20}}
[0710月2026 02:25:39.288] [NekoJS-Log-Flusher/INFO] [NekoJS/]: [client] [ticket48-auto] {"stage":"sample","ticks":5500,"elapsedMs":274477,"statistics":{"initialBuild":1,"layout":9,"reconcile":0,"resize":1,"paint":9608,"diagnostics":0,"cleanup":0},"disposed":false,"username":"","passwordLength":0,"error":"","submitting":false,"lastSubmitted":"","renderFault":false,"recoveryCount":0,"listValues":[{"id":"first","text":"A"}],"listNodes":[{"id":"list-first","text":"A","rect":{"x":0,"y":230,"width":30,"height":10}}],"profile":2,"packFontWidth":16,"usernameRect":{"x":12,"y":57,"width":196,"height":20},"passwordRect":{"x":12,"y":96,"width":196,"height":20},"submitRect":{"x":12,"y":124,"width":92,"height":20}}
[0710月2026 02:25:44.289] [NekoJS-Log-Flusher/INFO] [NekoJS/]: [client] [ticket48-auto] {"stage":"sample","ticks":5600,"elapsedMs":279489,"statistics":{"initialBuild":1,"layout":9,"reconcile":0,"resize":1,"paint":9758,"diagnostics":0,"cleanup":0},"disposed":false,"username":"","passwordLength":0,"error":"","submitting":false,"lastSubmitted":"","renderFault":false,"recoveryCount":0,"listValues":[{"id":"first","text":"A"}],"listNodes":[{"id":"list-first","text":"A","rect":{"x":0,"y":230,"width":30,"height":10}}],"profile":2,"packFontWidth":16,"usernameRect":{"x":12,"y":57,"width":196,"height":20},"passwordRect":{"x":12,"y":96,"width":196,"height":20},"submitRect":{"x":12,"y":124,"width":92,"height":20}}
[0710月2026 02:25:49.288] [NekoJS-Log-Flusher/INFO] [NekoJS/]: [client] [ticket48-auto] {"stage":"sample","ticks":5700,"elapsedMs":284499,"statistics":{"initialBuild":1,"layout":9,"reconcile":0,"resize":1,"paint":9908,"diagnostics":0,"cleanup":0},"disposed":false,"username":"","passwordLength":0,"error":"","submitting":false,"lastSubmitted":"","renderFault":false,"recoveryCount":0,"listValues":[{"id":"first","text":"A"}],"listNodes":[{"id":"list-first","text":"A","rect":{"x":0,"y":230,"width":30,"height":10}}],"profile":2,"packFontWidth":16,"usernameRect":{"x":12,"y":57,"width":196,"height":20},"passwordRect":{"x":12,"y":96,"width":196,"height":20},"submitRect":{"x":12,"y":124,"width":92,"height":20}}
[0710月2026 02:25:54.288] [NekoJS-Log-Flusher/INFO] [NekoJS/]: [client] [ticket48-auto] {"stage":"sample","ticks":5800,"elapsedMs":289478,"statistics":{"initialBuild":1,"layout":9,"reconcile":0,"resize":1,"paint":10057,"diagnostics":0,"cleanup":0},"disposed":false,"username":"","passwordLength":0,"error":"","submitting":false,"lastSubmitted":"","renderFault":false,"recoveryCount":0,"listValues":[{"id":"first","text":"A"}],"listNodes":[{"id":"list-first","text":"A","rect":{"x":0,"y":230,"width":30,"height":10}}],"profile":2,"packFontWidth":16,"usernameRect":{"x":12,"y":57,"width":196,"height":20},"passwordRect":{"x":12,"y":96,"width":196,"height":20},"submitRect":{"x":12,"y":124,"width":92,"height":20}}
[0710月2026 02:25:59.289] [NekoJS-Log-Flusher/INFO] [NekoJS/]: [client] [ticket48-auto] {"stage":"sample","ticks":5900,"elapsedMs":294492,"statistics":{"initialBuild":1,"layout":9,"reconcile":0,"resize":1,"paint":10207,"diagnostics":0,"cleanup":0},"disposed":false,"username":"","passwordLength":0,"error":"","submitting":false,"lastSubmitted":"","renderFault":false,"recoveryCount":0,"listValues":[{"id":"first","text":"A"}],"listNodes":[{"id":"list-first","text":"A","rect":{"x":0,"y":230,"width":30,"height":10}}],"profile":2,"packFontWidth":16,"usernameRect":{"x":12,"y":57,"width":196,"height":20},"passwordRect":{"x":12,"y":96,"width":196,"height":20},"submitRect":{"x":12,"y":124,"width":92,"height":20}}
[0710月2026 02:26:04.289] [NekoJS-Log-Flusher/INFO] [NekoJS/]: [client] [ticket48-auto] {"stage":"sample","ticks":6000,"elapsedMs":299502,"statistics":{"initialBuild":1,"layout":9,"reconcile":0,"resize":1,"paint":10357,"diagnostics":0,"cleanup":0},"disposed":false,"username":"","passwordLength":0,"error":"","submitting":false,"lastSubmitted":"","renderFault":false,"recoveryCount":0,"listValues":[{"id":"first","text":"A"}],"listNodes":[{"id":"list-first","text":"A","rect":{"x":0,"y":230,"width":30,"height":10}}],"profile":2,"packFontWidth":16,"usernameRect":{"x":12,"y":57,"width":196,"height":20},"passwordRect":{"x":12,"y":96,"width":196,"height":20},"submitRect":{"x":12,"y":124,"width":92,"height":20}}
[0710月2026 02:26:09.288] [NekoJS-Log-Flusher/INFO] [NekoJS/]: [client] [ticket48-auto] {"stage":"sample","ticks":6100,"elapsedMs":304480,"statistics":{"initialBuild":1,"layout":9,"reconcile":0,"resize":1,"paint":10506,"diagnostics":0,"cleanup":0},"disposed":false,"username":"","passwordLength":0,"error":"","submitting":false,"lastSubmitted":"","renderFault":false,"recoveryCount":0,"listValues":[{"id":"first","text":"A"}],"listNodes":[{"id":"list-first","text":"A","rect":{"x":0,"y":230,"width":30,"height":10}}],"profile":2,"packFontWidth":16,"usernameRect":{"x":12,"y":57,"width":196,"height":20},"passwordRect":{"x":12,"y":96,"width":196,"height":20},"submitRect":{"x":12,"y":124,"width":92,"height":20}}
[0710月2026 02:26:14.288] [NekoJS-Log-Flusher/INFO] [NekoJS/]: [client] [ticket48-auto] {"stage":"sample","ticks":6200,"elapsedMs":309495,"statistics":{"initialBuild":1,"layout":9,"reconcile":0,"resize":1,"paint":10656,"diagnostics":0,"cleanup":0},"disposed":false,"username":"","passwordLength":0,"error":"","submitting":false,"lastSubmitted":"","renderFault":false,"recoveryCount":0,"listValues":[{"id":"first","text":"A"}],"listNodes":[{"id":"list-first","text":"A","rect":{"x":0,"y":230,"width":30,"height":10}}],"profile":2,"packFontWidth":16,"usernameRect":{"x":12,"y":57,"width":196,"height":20},"passwordRect":{"x":12,"y":96,"width":196,"height":20},"submitRect":{"x":12,"y":124,"width":92,"height":20}}
[0710月2026 02:26:19.288] [NekoJS-Log-Flusher/INFO] [NekoJS/]: [client] [ticket48-auto] {"stage":"sample","ticks":6300,"elapsedMs":314505,"statistics":{"initialBuild":1,"layout":9,"reconcile":0,"resize":1,"paint":10806,"diagnostics":0,"cleanup":0},"disposed":false,"username":"","passwordLength":0,"error":"","submitting":false,"lastSubmitted":"","renderFault":false,"recoveryCount":0,"listValues":[{"id":"first","text":"A"}],"listNodes":[{"id":"list-first","text":"A","rect":{"x":0,"y":230,"width":30,"height":10}}],"profile":2,"packFontWidth":16,"usernameRect":{"x":12,"y":57,"width":196,"height":20},"passwordRect":{"x":12,"y":96,"width":196,"height":20},"submitRect":{"x":12,"y":124,"width":92,"height":20}}
[0710月2026 02:26:24.288] [NekoJS-Log-Flusher/INFO] [NekoJS/]: [client] [ticket48-auto] {"stage":"sample","ticks":6400,"elapsedMs":319491,"statistics":{"initialBuild":1,"layout":9,"reconcile":0,"resize":1,"paint":10955,"diagnostics":0,"cleanup":0},"disposed":false,"username":"","passwordLength":0,"error":"","submitting":false,"lastSubmitted":"","renderFault":false,"recoveryCount":0,"listValues":[{"id":"first","text":"A"}],"listNodes":[{"id":"list-first","text":"A","rect":{"x":0,"y":230,"width":30,"height":10}}],"profile":2,"packFontWidth":16,"usernameRect":{"x":12,"y":57,"width":196,"height":20},"passwordRect":{"x":12,"y":96,"width":196,"height":20},"submitRect":{"x":12,"y":124,"width":92,"height":20}}
[0710月2026 02:26:29.288] [NekoJS-Log-Flusher/INFO] [NekoJS/]: [client] [ticket48-auto] {"stage":"sample","ticks":6500,"elapsedMs":324506,"statistics":{"initialBuild":1,"layout":9,"reconcile":0,"resize":1,"paint":11105,"diagnostics":0,"cleanup":0},"disposed":false,"username":"","passwordLength":0,"error":"","submitting":false,"lastSubmitted":"","renderFault":false,"recoveryCount":0,"listValues":[{"id":"first","text":"A"}],"listNodes":[{"id":"list-first","text":"A","rect":{"x":0,"y":230,"width":30,"height":10}}],"profile":2,"packFontWidth":16,"usernameRect":{"x":12,"y":57,"width":196,"height":20},"passwordRect":{"x":12,"y":96,"width":196,"height":20},"submitRect":{"x":12,"y":124,"width":92,"height":20}}
[0710月2026 02:26:34.288] [NekoJS-Log-Flusher/INFO] [NekoJS/]: [client] [ticket48-auto] {"stage":"sample","ticks":6600,"elapsedMs":329489,"statistics":{"initialBuild":1,"layout":9,"reconcile":0,"resize":1,"paint":11254,"diagnostics":0,"cleanup":0},"disposed":false,"username":"","passwordLength":0,"error":"","submitting":false,"lastSubmitted":"","renderFault":false,"recoveryCount":0,"listValues":[{"id":"first","text":"A"}],"listNodes":[{"id":"list-first","text":"A","rect":{"x":0,"y":230,"width":30,"height":10}}],"profile":2,"packFontWidth":16,"usernameRect":{"x":12,"y":57,"width":196,"height":20},"passwordRect":{"x":12,"y":96,"width":196,"height":20},"submitRect":{"x":12,"y":124,"width":92,"height":20}}
[0710月2026 02:26:39.290] [NekoJS-Log-Flusher/INFO] [NekoJS/]: [client] [ticket48-auto] {"stage":"sample","ticks":6700,"elapsedMs":334504,"statistics":{"initialBuild":1,"layout":9,"reconcile":0,"resize":1,"paint":11404,"diagnostics":0,"cleanup":0},"disposed":false,"username":"","passwordLength":0,"error":"","submitting":false,"lastSubmitted":"","renderFault":false,"recoveryCount":0,"listValues":[{"id":"first","text":"A"}],"listNodes":[{"id":"list-first","text":"A","rect":{"x":0,"y":230,"width":30,"height":10}}],"profile":2,"packFontWidth":16,"usernameRect":{"x":12,"y":57,"width":196,"height":20},"passwordRect":{"x":12,"y":96,"width":196,"height":20},"submitRect":{"x":12,"y":124,"width":92,"height":20}}
[0710月2026 02:26:44.288] [NekoJS-Log-Flusher/INFO] [NekoJS/]: [client] [ticket48-auto] {"stage":"sample","ticks":6800,"elapsedMs":339483,"statistics":{"initialBuild":1,"layout":9,"reconcile":0,"resize":1,"paint":11553,"diagnostics":0,"cleanup":0},"disposed":false,"username":"","passwordLength":0,"error":"","submitting":false,"lastSubmitted":"","renderFault":false,"recoveryCount":0,"listValues":[{"id":"first","text":"A"}],"listNodes":[{"id":"list-first","text":"A","rect":{"x":0,"y":230,"width":30,"height":10}}],"profile":2,"packFontWidth":16,"usernameRect":{"x":12,"y":57,"width":196,"height":20},"passwordRect":{"x":12,"y":96,"width":196,"height":20},"submitRect":{"x":12,"y":124,"width":92,"height":20}}
[0710月2026 02:26:49.290] [NekoJS-Log-Flusher/INFO] [NekoJS/]: [client] [ticket48-auto] {"stage":"sample","ticks":6900,"elapsedMs":344500,"statistics":{"initialBuild":1,"layout":9,"reconcile":0,"resize":1,"paint":11703,"diagnostics":0,"cleanup":0},"disposed":false,"username":"","passwordLength":0,"error":"","submitting":false,"lastSubmitted":"","renderFault":false,"recoveryCount":0,"listValues":[{"id":"first","text":"A"}],"listNodes":[{"id":"list-first","text":"A","rect":{"x":0,"y":230,"width":30,"height":10}}],"profile":2,"packFontWidth":16,"usernameRect":{"x":12,"y":57,"width":196,"height":20},"passwordRect":{"x":12,"y":96,"width":196,"height":20},"submitRect":{"x":12,"y":124,"width":92,"height":20}}
[0710月2026 02:26:54.289] [NekoJS-Log-Flusher/INFO] [NekoJS/]: [client] [ticket48-auto] {"stage":"sample","ticks":7000,"elapsedMs":349483,"statistics":{"initialBuild":1,"layout":9,"reconcile":0,"resize":1,"paint":11852,"diagnostics":0,"cleanup":0},"disposed":false,"username":"","passwordLength":0,"error":"","submitting":false,"lastSubmitted":"","renderFault":false,"recoveryCount":0,"listValues":[{"id":"first","text":"A"}],"listNodes":[{"id":"list-first","text":"A","rect":{"x":0,"y":230,"width":30,"height":10}}],"profile":2,"packFontWidth":16,"usernameRect":{"x":12,"y":57,"width":196,"height":20},"passwordRect":{"x":12,"y":96,"width":196,"height":20},"submitRect":{"x":12,"y":124,"width":92,"height":20}}
[0710月2026 02:26:59.288] [NekoJS-Log-Flusher/INFO] [NekoJS/]: [client] [ticket48-auto] {"stage":"sample","ticks":7100,"elapsedMs":354499,"statistics":{"initialBuild":1,"layout":9,"reconcile":0,"resize":1,"paint":12002,"diagnostics":0,"cleanup":0},"disposed":false,"username":"","passwordLength":0,"error":"","submitting":false,"lastSubmitted":"","renderFault":false,"recoveryCount":0,"listValues":[{"id":"first","text":"A"}],"listNodes":[{"id":"list-first","text":"A","rect":{"x":0,"y":230,"width":30,"height":10}}],"profile":2,"packFontWidth":16,"usernameRect":{"x":12,"y":57,"width":196,"height":20},"passwordRect":{"x":12,"y":96,"width":196,"height":20},"submitRect":{"x":12,"y":124,"width":92,"height":20}}
[0710月2026 02:27:04.288] [NekoJS-Log-Flusher/INFO] [NekoJS/]: [client] [ticket48-auto] {"stage":"sample","ticks":7200,"elapsedMs":359481,"statistics":{"initialBuild":1,"layout":9,"reconcile":0,"resize":1,"paint":12151,"diagnostics":0,"cleanup":0},"disposed":false,"username":"","passwordLength":0,"error":"","submitting":false,"lastSubmitted":"","renderFault":false,"recoveryCount":0,"listValues":[{"id":"first","text":"A"}],"listNodes":[{"id":"list-first","text":"A","rect":{"x":0,"y":230,"width":30,"height":10}}],"profile":2,"packFontWidth":16,"usernameRect":{"x":12,"y":57,"width":196,"height":20},"passwordRect":{"x":12,"y":96,"width":196,"height":20},"submitRect":{"x":12,"y":124,"width":92,"height":20}}
[0710月2026 02:27:09.288] [NekoJS-Log-Flusher/INFO] [NekoJS/]: [client] [ticket48-auto] {"stage":"sample","ticks":7300,"elapsedMs":364497,"statistics":{"initialBuild":1,"layout":9,"reconcile":0,"resize":1,"paint":12301,"diagnostics":0,"cleanup":0},"disposed":false,"username":"","passwordLength":0,"error":"","submitting":false,"lastSubmitted":"","renderFault":false,"recoveryCount":0,"listValues":[{"id":"first","text":"A"}],"listNodes":[{"id":"list-first","text":"A","rect":{"x":0,"y":230,"width":30,"height":10}}],"profile":2,"packFontWidth":16,"usernameRect":{"x":12,"y":57,"width":196,"height":20},"passwordRect":{"x":12,"y":96,"width":196,"height":20},"submitRect":{"x":12,"y":124,"width":92,"height":20}}
[0710月2026 02:27:14.289] [NekoJS-Log-Flusher/INFO] [NekoJS/]: [client] [ticket48-auto] {"stage":"sample","ticks":7400,"elapsedMs":369476,"statistics":{"initialBuild":1,"layout":9,"reconcile":0,"resize":1,"paint":12450,"diagnostics":0,"cleanup":0},"disposed":false,"username":"","passwordLength":0,"error":"","submitting":false,"lastSubmitted":"","renderFault":false,"recoveryCount":0,"listValues":[{"id":"first","text":"A"}],"listNodes":[{"id":"list-first","text":"A","rect":{"x":0,"y":230,"width":30,"height":10}}],"profile":2,"packFontWidth":16,"usernameRect":{"x":12,"y":57,"width":196,"height":20},"passwordRect":{"x":12,"y":96,"width":196,"height":20},"submitRect":{"x":12,"y":124,"width":92,"height":20}}
[0710月2026 02:27:19.289] [NekoJS-Log-Flusher/INFO] [NekoJS/]: [client] [ticket48-auto] {"stage":"sample","ticks":7500,"elapsedMs":374490,"statistics":{"initialBuild":1,"layout":9,"reconcile":0,"resize":1,"paint":12600,"diagnostics":0,"cleanup":0},"disposed":false,"username":"","passwordLength":0,"error":"","submitting":false,"lastSubmitted":"","renderFault":false,"recoveryCount":0,"listValues":[{"id":"first","text":"A"}],"listNodes":[{"id":"list-first","text":"A","rect":{"x":0,"y":230,"width":30,"height":10}}],"profile":2,"packFontWidth":16,"usernameRect":{"x":12,"y":57,"width":196,"height":20},"passwordRect":{"x":12,"y":96,"width":196,"height":20},"submitRect":{"x":12,"y":124,"width":92,"height":20}}
[0710月2026 02:27:24.290] [NekoJS-Log-Flusher/INFO] [NekoJS/]: [client] [ticket48-auto] {"stage":"sample","ticks":7600,"elapsedMs":379503,"statistics":{"initialBuild":1,"layout":9,"reconcile":0,"resize":1,"paint":12750,"diagnostics":0,"cleanup":0},"disposed":false,"username":"","passwordLength":0,"error":"","submitting":false,"lastSubmitted":"","renderFault":false,"recoveryCount":0,"listValues":[{"id":"first","text":"A"}],"listNodes":[{"id":"list-first","text":"A","rect":{"x":0,"y":230,"width":30,"height":10}}],"profile":2,"packFontWidth":16,"usernameRect":{"x":12,"y":57,"width":196,"height":20},"passwordRect":{"x":12,"y":96,"width":196,"height":20},"submitRect":{"x":12,"y":124,"width":92,"height":20}}
[0710月2026 02:27:29.289] [NekoJS-Log-Flusher/INFO] [NekoJS/]: [client] [ticket48-auto] {"stage":"sample","ticks":7700,"elapsedMs":384483,"statistics":{"initialBuild":1,"layout":9,"reconcile":0,"resize":1,"paint":12899,"diagnostics":0,"cleanup":0},"disposed":false,"username":"","passwordLength":0,"error":"","submitting":false,"lastSubmitted":"","renderFault":false,"recoveryCount":0,"listValues":[{"id":"first","text":"A"}],"listNodes":[{"id":"list-first","text":"A","rect":{"x":0,"y":230,"width":30,"height":10}}],"profile":2,"packFontWidth":16,"usernameRect":{"x":12,"y":57,"width":196,"height":20},"passwordRect":{"x":12,"y":96,"width":196,"height":20},"submitRect":{"x":12,"y":124,"width":92,"height":20}}
[0710月2026 02:27:34.290] [NekoJS-Log-Flusher/INFO] [NekoJS/]: [client] [ticket48-auto] {"stage":"sample","ticks":7800,"elapsedMs":389496,"statistics":{"initialBuild":1,"layout":9,"reconcile":0,"resize":1,"paint":13049,"diagnostics":0,"cleanup":0},"disposed":false,"username":"","passwordLength":0,"error":"","submitting":false,"lastSubmitted":"","renderFault":false,"recoveryCount":0,"listValues":[{"id":"first","text":"A"}],"listNodes":[{"id":"list-first","text":"A","rect":{"x":0,"y":230,"width":30,"height":10}}],"profile":2,"packFontWidth":16,"usernameRect":{"x":12,"y":57,"width":196,"height":20},"passwordRect":{"x":12,"y":96,"width":196,"height":20},"submitRect":{"x":12,"y":124,"width":92,"height":20}}
[0710月2026 02:27:39.289] [NekoJS-Log-Flusher/INFO] [NekoJS/]: [client] [ticket48-auto] {"stage":"sample","ticks":7900,"elapsedMs":394508,"statistics":{"initialBuild":1,"layout":9,"reconcile":0,"resize":1,"paint":13199,"diagnostics":0,"cleanup":0},"disposed":false,"username":"","passwordLength":0,"error":"","submitting":false,"lastSubmitted":"","renderFault":false,"recoveryCount":0,"listValues":[{"id":"first","text":"A"}],"listNodes":[{"id":"list-first","text":"A","rect":{"x":0,"y":230,"width":30,"height":10}}],"profile":2,"packFontWidth":16,"usernameRect":{"x":12,"y":57,"width":196,"height":20},"passwordRect":{"x":12,"y":96,"width":196,"height":20},"submitRect":{"x":12,"y":124,"width":92,"height":20}}
[0710月2026 02:27:44.290] [NekoJS-Log-Flusher/INFO] [NekoJS/]: [client] [ticket48-auto] {"stage":"sample","ticks":8000,"elapsedMs":399487,"statistics":{"initialBuild":1,"layout":9,"reconcile":0,"resize":1,"paint":13348,"diagnostics":0,"cleanup":0},"disposed":false,"username":"","passwordLength":0,"error":"","submitting":false,"lastSubmitted":"","renderFault":false,"recoveryCount":0,"listValues":[{"id":"first","text":"A"}],"listNodes":[{"id":"list-first","text":"A","rect":{"x":0,"y":230,"width":30,"height":10}}],"profile":2,"packFontWidth":16,"usernameRect":{"x":12,"y":57,"width":196,"height":20},"passwordRect":{"x":12,"y":96,"width":196,"height":20},"submitRect":{"x":12,"y":124,"width":92,"height":20}}
[0710月2026 02:27:49.289] [NekoJS-Log-Flusher/INFO] [NekoJS/]: [client] [ticket48-auto] {"stage":"sample","ticks":8100,"elapsedMs":404497,"statistics":{"initialBuild":1,"layout":9,"reconcile":0,"resize":1,"paint":13498,"diagnostics":0,"cleanup":0},"disposed":false,"username":"","passwordLength":0,"error":"","submitting":false,"lastSubmitted":"","renderFault":false,"recoveryCount":0,"listValues":[{"id":"first","text":"A"}],"listNodes":[{"id":"list-first","text":"A","rect":{"x":0,"y":230,"width":30,"height":10}}],"profile":2,"packFontWidth":16,"usernameRect":{"x":12,"y":57,"width":196,"height":20},"passwordRect":{"x":12,"y":96,"width":196,"height":20},"submitRect":{"x":12,"y":124,"width":92,"height":20}}
[0710月2026 02:27:54.290] [NekoJS-Log-Flusher/INFO] [NekoJS/]: [client] [ticket48-auto] {"stage":"sample","ticks":8200,"elapsedMs":409509,"statistics":{"initialBuild":1,"layout":9,"reconcile":0,"resize":1,"paint":13648,"diagnostics":0,"cleanup":0},"disposed":false,"username":"","passwordLength":0,"error":"","submitting":false,"lastSubmitted":"","renderFault":false,"recoveryCount":0,"listValues":[{"id":"first","text":"A"}],"listNodes":[{"id":"list-first","text":"A","rect":{"x":0,"y":230,"width":30,"height":10}}],"profile":2,"packFontWidth":16,"usernameRect":{"x":12,"y":57,"width":196,"height":20},"passwordRect":{"x":12,"y":96,"width":196,"height":20},"submitRect":{"x":12,"y":124,"width":92,"height":20}}
[0710月2026 02:27:59.289] [NekoJS-Log-Flusher/INFO] [NekoJS/]: [client] [ticket48-auto] {"stage":"sample","ticks":8300,"elapsedMs":414489,"statistics":{"initialBuild":1,"layout":9,"reconcile":0,"resize":1,"paint":13797,"diagnostics":0,"cleanup":0},"disposed":false,"username":"","passwordLength":0,"error":"","submitting":false,"lastSubmitted":"","renderFault":false,"recoveryCount":0,"listValues":[{"id":"first","text":"A"}],"listNodes":[{"id":"list-first","text":"A","rect":{"x":0,"y":230,"width":30,"height":10}}],"profile":2,"packFontWidth":16,"usernameRect":{"x":12,"y":57,"width":196,"height":20},"passwordRect":{"x":12,"y":96,"width":196,"height":20},"submitRect":{"x":12,"y":124,"width":92,"height":20}}
[0710月2026 02:28:04.290] [NekoJS-Log-Flusher/INFO] [NekoJS/]: [client] [ticket48-auto] {"stage":"sample","ticks":8400,"elapsedMs":419501,"statistics":{"initialBuild":1,"layout":9,"reconcile":0,"resize":1,"paint":13947,"diagnostics":0,"cleanup":0},"disposed":false,"username":"","passwordLength":0,"error":"","submitting":false,"lastSubmitted":"","renderFault":false,"recoveryCount":0,"listValues":[{"id":"first","text":"A"}],"listNodes":[{"id":"list-first","text":"A","rect":{"x":0,"y":230,"width":30,"height":10}}],"profile":2,"packFontWidth":16,"usernameRect":{"x":12,"y":57,"width":196,"height":20},"passwordRect":{"x":12,"y":96,"width":196,"height":20},"submitRect":{"x":12,"y":124,"width":92,"height":20}}
[0710月2026 02:28:09.289] [NekoJS-Log-Flusher/INFO] [NekoJS/]: [client] [ticket48-auto] {"stage":"sample","ticks":8500,"elapsedMs":424479,"statistics":{"initialBuild":1,"layout":9,"reconcile":0,"resize":1,"paint":14096,"diagnostics":0,"cleanup":0},"disposed":false,"username":"","passwordLength":0,"error":"","submitting":false,"lastSubmitted":"","renderFault":false,"recoveryCount":0,"listValues":[{"id":"first","text":"A"}],"listNodes":[{"id":"list-first","text":"A","rect":{"x":0,"y":230,"width":30,"height":10}}],"profile":2,"packFontWidth":16,"usernameRect":{"x":12,"y":57,"width":196,"height":20},"passwordRect":{"x":12,"y":96,"width":196,"height":20},"submitRect":{"x":12,"y":124,"width":92,"height":20}}
[0710月2026 02:28:14.289] [NekoJS-Log-Flusher/INFO] [NekoJS/]: [client] [ticket48-auto] {"stage":"sample","ticks":8600,"elapsedMs":429489,"statistics":{"initialBuild":1,"layout":9,"reconcile":0,"resize":1,"paint":14246,"diagnostics":0,"cleanup":0},"disposed":false,"username":"","passwordLength":0,"error":"","submitting":false,"lastSubmitted":"","renderFault":false,"recoveryCount":0,"listValues":[{"id":"first","text":"A"}],"listNodes":[{"id":"list-first","text":"A","rect":{"x":0,"y":230,"width":30,"height":10}}],"profile":2,"packFontWidth":16,"usernameRect":{"x":12,"y":57,"width":196,"height":20},"passwordRect":{"x":12,"y":96,"width":196,"height":20},"submitRect":{"x":12,"y":124,"width":92,"height":20}}
[0710月2026 02:28:19.290] [NekoJS-Log-Flusher/INFO] [NekoJS/]: [client] [ticket48-auto] {"stage":"sample","ticks":8700,"elapsedMs":434503,"statistics":{"initialBuild":1,"layout":9,"reconcile":0,"resize":1,"paint":14396,"diagnostics":0,"cleanup":0},"disposed":false,"username":"","passwordLength":0,"error":"","submitting":false,"lastSubmitted":"","renderFault":false,"recoveryCount":0,"listValues":[{"id":"first","text":"A"}],"listNodes":[{"id":"list-first","text":"A","rect":{"x":0,"y":230,"width":30,"height":10}}],"profile":2,"packFontWidth":16,"usernameRect":{"x":12,"y":57,"width":196,"height":20},"passwordRect":{"x":12,"y":96,"width":196,"height":20},"submitRect":{"x":12,"y":124,"width":92,"height":20}}
[0710月2026 02:28:24.291] [NekoJS-Log-Flusher/INFO] [NekoJS/]: [client] [ticket48-auto] {"stage":"sample","ticks":8800,"elapsedMs":439484,"statistics":{"initialBuild":1,"layout":9,"reconcile":0,"resize":1,"paint":14545,"diagnostics":0,"cleanup":0},"disposed":false,"username":"","passwordLength":0,"error":"","submitting":false,"lastSubmitted":"","renderFault":false,"recoveryCount":0,"listValues":[{"id":"first","text":"A"}],"listNodes":[{"id":"list-first","text":"A","rect":{"x":0,"y":230,"width":30,"height":10}}],"profile":2,"packFontWidth":16,"usernameRect":{"x":12,"y":57,"width":196,"height":20},"passwordRect":{"x":12,"y":96,"width":196,"height":20},"submitRect":{"x":12,"y":124,"width":92,"height":20}}
[0710月2026 02:28:29.289] [NekoJS-Log-Flusher/INFO] [NekoJS/]: [client] [ticket48-auto] {"stage":"sample","ticks":8900,"elapsedMs":444500,"statistics":{"initialBuild":1,"layout":9,"reconcile":0,"resize":1,"paint":14695,"diagnostics":0,"cleanup":0},"disposed":false,"username":"","passwordLength":0,"error":"","submitting":false,"lastSubmitted":"","renderFault":false,"recoveryCount":0,"listValues":[{"id":"first","text":"A"}],"listNodes":[{"id":"list-first","text":"A","rect":{"x":0,"y":230,"width":30,"height":10}}],"profile":2,"packFontWidth":16,"usernameRect":{"x":12,"y":57,"width":196,"height":20},"passwordRect":{"x":12,"y":96,"width":196,"height":20},"submitRect":{"x":12,"y":124,"width":92,"height":20}}
[0710月2026 02:28:34.289] [NekoJS-Log-Flusher/INFO] [NekoJS/]: [client] [ticket48-auto] {"stage":"sample","ticks":9000,"elapsedMs":449479,"statistics":{"initialBuild":1,"layout":9,"reconcile":0,"resize":1,"paint":14844,"diagnostics":0,"cleanup":0},"disposed":false,"username":"","passwordLength":0,"error":"","submitting":false,"lastSubmitted":"","renderFault":false,"recoveryCount":0,"listValues":[{"id":"first","text":"A"}],"listNodes":[{"id":"list-first","text":"A","rect":{"x":0,"y":230,"width":30,"height":10}}],"profile":2,"packFontWidth":16,"usernameRect":{"x":12,"y":57,"width":196,"height":20},"passwordRect":{"x":12,"y":96,"width":196,"height":20},"submitRect":{"x":12,"y":124,"width":92,"height":20}}
[0710月2026 02:28:39.289] [NekoJS-Log-Flusher/INFO] [NekoJS/]: [client] [ticket48-auto] {"stage":"sample","ticks":9100,"elapsedMs":454489,"statistics":{"initialBuild":1,"layout":9,"reconcile":0,"resize":1,"paint":14994,"diagnostics":0,"cleanup":0},"disposed":false,"username":"","passwordLength":0,"error":"","submitting":false,"lastSubmitted":"","renderFault":false,"recoveryCount":0,"listValues":[{"id":"first","text":"A"}],"listNodes":[{"id":"list-first","text":"A","rect":{"x":0,"y":230,"width":30,"height":10}}],"profile":2,"packFontWidth":16,"usernameRect":{"x":12,"y":57,"width":196,"height":20},"passwordRect":{"x":12,"y":96,"width":196,"height":20},"submitRect":{"x":12,"y":124,"width":92,"height":20}}
[0710月2026 02:28:44.290] [NekoJS-Log-Flusher/INFO] [NekoJS/]: [client] [ticket48-auto] {"stage":"sample","ticks":9200,"elapsedMs":459504,"statistics":{"initialBuild":1,"layout":9,"reconcile":0,"resize":1,"paint":15144,"diagnostics":0,"cleanup":0},"disposed":false,"username":"","passwordLength":0,"error":"","submitting":false,"lastSubmitted":"","renderFault":false,"recoveryCount":0,"listValues":[{"id":"first","text":"A"}],"listNodes":[{"id":"list-first","text":"A","rect":{"x":0,"y":230,"width":30,"height":10}}],"profile":2,"packFontWidth":16,"usernameRect":{"x":12,"y":57,"width":196,"height":20},"passwordRect":{"x":12,"y":96,"width":196,"height":20},"submitRect":{"x":12,"y":124,"width":92,"height":20}}
[0710月2026 02:28:49.290] [NekoJS-Log-Flusher/INFO] [NekoJS/]: [client] [ticket48-auto] {"stage":"sample","ticks":9300,"elapsedMs":464485,"statistics":{"initialBuild":1,"layout":9,"reconcile":0,"resize":1,"paint":15293,"diagnostics":0,"cleanup":0},"disposed":false,"username":"","passwordLength":0,"error":"","submitting":false,"lastSubmitted":"","renderFault":false,"recoveryCount":0,"listValues":[{"id":"first","text":"A"}],"listNodes":[{"id":"list-first","text":"A","rect":{"x":0,"y":230,"width":30,"height":10}}],"profile":2,"packFontWidth":16,"usernameRect":{"x":12,"y":57,"width":196,"height":20},"passwordRect":{"x":12,"y":96,"width":196,"height":20},"submitRect":{"x":12,"y":124,"width":92,"height":20}}
[0710月2026 02:28:54.289] [NekoJS-Log-Flusher/INFO] [NekoJS/]: [client] [ticket48-auto] {"stage":"sample","ticks":9400,"elapsedMs":469498,"statistics":{"initialBuild":1,"layout":9,"reconcile":0,"resize":1,"paint":15443,"diagnostics":0,"cleanup":0},"disposed":false,"username":"","passwordLength":0,"error":"","submitting":false,"lastSubmitted":"","renderFault":false,"recoveryCount":0,"listValues":[{"id":"first","text":"A"}],"listNodes":[{"id":"list-first","text":"A","rect":{"x":0,"y":230,"width":30,"height":10}}],"profile":2,"packFontWidth":16,"usernameRect":{"x":12,"y":57,"width":196,"height":20},"passwordRect":{"x":12,"y":96,"width":196,"height":20},"submitRect":{"x":12,"y":124,"width":92,"height":20}}
[0710月2026 02:28:59.291] [NekoJS-Log-Flusher/INFO] [NekoJS/]: [client] [ticket48-auto] {"stage":"sample","ticks":9500,"elapsedMs":474511,"statistics":{"initialBuild":1,"layout":9,"reconcile":0,"resize":1,"paint":15593,"diagnostics":0,"cleanup":0},"disposed":false,"username":"","passwordLength":0,"error":"","submitting":false,"lastSubmitted":"","renderFault":false,"recoveryCount":0,"listValues":[{"id":"first","text":"A"}],"listNodes":[{"id":"list-first","text":"A","rect":{"x":0,"y":230,"width":30,"height":10}}],"profile":2,"packFontWidth":16,"usernameRect":{"x":12,"y":57,"width":196,"height":20},"passwordRect":{"x":12,"y":96,"width":196,"height":20},"submitRect":{"x":12,"y":124,"width":92,"height":20}}
[0710月2026 02:29:04.289] [NekoJS-Log-Flusher/INFO] [NekoJS/]: [client] [ticket48-auto] {"stage":"sample","ticks":9600,"elapsedMs":479491,"statistics":{"initialBuild":1,"layout":9,"reconcile":0,"resize":1,"paint":15742,"diagnostics":0,"cleanup":0},"disposed":false,"username":"","passwordLength":0,"error":"","submitting":false,"lastSubmitted":"","renderFault":false,"recoveryCount":0,"listValues":[{"id":"first","text":"A"}],"listNodes":[{"id":"list-first","text":"A","rect":{"x":0,"y":230,"width":30,"height":10}}],"profile":2,"packFontWidth":16,"usernameRect":{"x":12,"y":57,"width":196,"height":20},"passwordRect":{"x":12,"y":96,"width":196,"height":20},"submitRect":{"x":12,"y":124,"width":92,"height":20}}
[0710月2026 02:29:09.290] [NekoJS-Log-Flusher/INFO] [NekoJS/]: [client] [ticket48-auto] {"stage":"sample","ticks":9700,"elapsedMs":484504,"statistics":{"initialBuild":1,"layout":9,"reconcile":0,"resize":1,"paint":15892,"diagnostics":0,"cleanup":0},"disposed":false,"username":"","passwordLength":0,"error":"","submitting":false,"lastSubmitted":"","renderFault":false,"recoveryCount":0,"listValues":[{"id":"first","text":"A"}],"listNodes":[{"id":"list-first","text":"A","rect":{"x":0,"y":230,"width":30,"height":10}}],"profile":2,"packFontWidth":16,"usernameRect":{"x":12,"y":57,"width":196,"height":20},"passwordRect":{"x":12,"y":96,"width":196,"height":20},"submitRect":{"x":12,"y":124,"width":92,"height":20}}
[0710月2026 02:29:14.290] [NekoJS-Log-Flusher/INFO] [NekoJS/]: [client] [ticket48-auto] {"stage":"sample","ticks":9800,"elapsedMs":489480,"statistics":{"initialBuild":1,"layout":9,"reconcile":0,"resize":1,"paint":16041,"diagnostics":0,"cleanup":0},"disposed":false,"username":"","passwordLength":0,"error":"","submitting":false,"lastSubmitted":"","renderFault":false,"recoveryCount":0,"listValues":[{"id":"first","text":"A"}],"listNodes":[{"id":"list-first","text":"A","rect":{"x":0,"y":230,"width":30,"height":10}}],"profile":2,"packFontWidth":16,"usernameRect":{"x":12,"y":57,"width":196,"height":20},"passwordRect":{"x":12,"y":96,"width":196,"height":20},"submitRect":{"x":12,"y":124,"width":92,"height":20}}
[0710月2026 02:29:19.290] [NekoJS-Log-Flusher/INFO] [NekoJS/]: [client] [ticket48-auto] {"stage":"sample","ticks":9900,"elapsedMs":494493,"statistics":{"initialBuild":1,"layout":9,"reconcile":0,"resize":1,"paint":16191,"diagnostics":0,"cleanup":0},"disposed":false,"username":"","passwordLength":0,"error":"","submitting":false,"lastSubmitted":"","renderFault":false,"recoveryCount":0,"listValues":[{"id":"first","text":"A"}],"listNodes":[{"id":"list-first","text":"A","rect":{"x":0,"y":230,"width":30,"height":10}}],"profile":2,"packFontWidth":16,"usernameRect":{"x":12,"y":57,"width":196,"height":20},"passwordRect":{"x":12,"y":96,"width":196,"height":20},"submitRect":{"x":12,"y":124,"width":92,"height":20}}
[0710月2026 02:29:24.290] [NekoJS-Log-Flusher/INFO] [NekoJS/]: [client] [ticket48-auto] {"stage":"sample","ticks":10000,"elapsedMs":499509,"statistics":{"initialBuild":1,"layout":9,"reconcile":0,"resize":1,"paint":16341,"diagnostics":0,"cleanup":0},"disposed":false,"username":"","passwordLength":0,"error":"","submitting":false,"lastSubmitted":"","renderFault":false,"recoveryCount":0,"listValues":[{"id":"first","text":"A"}],"listNodes":[{"id":"list-first","text":"A","rect":{"x":0,"y":230,"width":30,"height":10}}],"profile":2,"packFontWidth":16,"usernameRect":{"x":12,"y":57,"width":196,"height":20},"passwordRect":{"x":12,"y":96,"width":196,"height":20},"submitRect":{"x":12,"y":124,"width":92,"height":20}}
[0710月2026 02:29:29.291] [NekoJS-Log-Flusher/INFO] [NekoJS/]: [client] [ticket48-auto] {"stage":"sample","ticks":10100,"elapsedMs":504486,"statistics":{"initialBuild":1,"layout":9,"reconcile":0,"resize":1,"paint":16490,"diagnostics":0,"cleanup":0},"disposed":false,"username":"","passwordLength":0,"error":"","submitting":false,"lastSubmitted":"","renderFault":false,"recoveryCount":0,"listValues":[{"id":"first","text":"A"}],"listNodes":[{"id":"list-first","text":"A","rect":{"x":0,"y":230,"width":30,"height":10}}],"profile":2,"packFontWidth":16,"usernameRect":{"x":12,"y":57,"width":196,"height":20},"passwordRect":{"x":12,"y":96,"width":196,"height":20},"submitRect":{"x":12,"y":124,"width":92,"height":20}}
[0710月2026 02:29:34.290] [NekoJS-Log-Flusher/INFO] [NekoJS/]: [client] [ticket48-auto] {"stage":"sample","ticks":10200,"elapsedMs":509496,"statistics":{"initialBuild":1,"layout":9,"reconcile":0,"resize":1,"paint":16638,"diagnostics":0,"cleanup":0},"disposed":false,"username":"","passwordLength":0,"error":"","submitting":false,"lastSubmitted":"","renderFault":false,"recoveryCount":0,"listValues":[{"id":"first","text":"A"}],"listNodes":[{"id":"list-first","text":"A","rect":{"x":0,"y":230,"width":30,"height":10}}],"profile":2,"packFontWidth":16,"usernameRect":{"x":12,"y":57,"width":196,"height":20},"passwordRect":{"x":12,"y":96,"width":196,"height":20},"submitRect":{"x":12,"y":124,"width":92,"height":20}}
[0710月2026 02:29:39.290] [NekoJS-Log-Flusher/INFO] [NekoJS/]: [client] [ticket48-auto] {"stage":"sample","ticks":10300,"elapsedMs":514509,"statistics":{"initialBuild":1,"layout":9,"reconcile":0,"resize":1,"paint":16788,"diagnostics":0,"cleanup":0},"disposed":false,"username":"","passwordLength":0,"error":"","submitting":false,"lastSubmitted":"","renderFault":false,"recoveryCount":0,"listValues":[{"id":"first","text":"A"}],"listNodes":[{"id":"list-first","text":"A","rect":{"x":0,"y":230,"width":30,"height":10}}],"profile":2,"packFontWidth":16,"usernameRect":{"x":12,"y":57,"width":196,"height":20},"passwordRect":{"x":12,"y":96,"width":196,"height":20},"submitRect":{"x":12,"y":124,"width":92,"height":20}}
[0710月2026 02:29:44.290] [NekoJS-Log-Flusher/INFO] [NekoJS/]: [client] [ticket48-auto] {"stage":"sample","ticks":10400,"elapsedMs":519491,"statistics":{"initialBuild":1,"layout":9,"reconcile":0,"resize":1,"paint":16937,"diagnostics":0,"cleanup":0},"disposed":false,"username":"","passwordLength":0,"error":"","submitting":false,"lastSubmitted":"","renderFault":false,"recoveryCount":0,"listValues":[{"id":"first","text":"A"}],"listNodes":[{"id":"list-first","text":"A","rect":{"x":0,"y":230,"width":30,"height":10}}],"profile":2,"packFontWidth":16,"usernameRect":{"x":12,"y":57,"width":196,"height":20},"passwordRect":{"x":12,"y":96,"width":196,"height":20},"submitRect":{"x":12,"y":124,"width":92,"height":20}}
[0710月2026 02:29:49.290] [NekoJS-Log-Flusher/INFO] [NekoJS/]: [client] [ticket48-auto] {"stage":"sample","ticks":10500,"elapsedMs":524503,"statistics":{"initialBuild":1,"layout":9,"reconcile":0,"resize":1,"paint":17087,"diagnostics":0,"cleanup":0},"disposed":false,"username":"","passwordLength":0,"error":"","submitting":false,"lastSubmitted":"","renderFault":false,"recoveryCount":0,"listValues":[{"id":"first","text":"A"}],"listNodes":[{"id":"list-first","text":"A","rect":{"x":0,"y":230,"width":30,"height":10}}],"profile":2,"packFontWidth":16,"usernameRect":{"x":12,"y":57,"width":196,"height":20},"passwordRect":{"x":12,"y":96,"width":196,"height":20},"submitRect":{"x":12,"y":124,"width":92,"height":20}}
[0710月2026 02:29:54.290] [NekoJS-Log-Flusher/INFO] [NekoJS/]: [client] [ticket48-auto] {"stage":"sample","ticks":10600,"elapsedMs":529482,"statistics":{"initialBuild":1,"layout":9,"reconcile":0,"resize":1,"paint":17236,"diagnostics":0,"cleanup":0},"disposed":false,"username":"","passwordLength":0,"error":"","submitting":false,"lastSubmitted":"","renderFault":false,"recoveryCount":0,"listValues":[{"id":"first","text":"A"}],"listNodes":[{"id":"list-first","text":"A","rect":{"x":0,"y":230,"width":30,"height":10}}],"profile":2,"packFontWidth":16,"usernameRect":{"x":12,"y":57,"width":196,"height":20},"passwordRect":{"x":12,"y":96,"width":196,"height":20},"submitRect":{"x":12,"y":124,"width":92,"height":20}}
[0710月2026 02:29:59.290] [NekoJS-Log-Flusher/INFO] [NekoJS/]: [client] [ticket48-auto] {"stage":"sample","ticks":10700,"elapsedMs":534496,"statistics":{"initialBuild":1,"layout":9,"reconcile":0,"resize":1,"paint":17386,"diagnostics":0,"cleanup":0},"disposed":false,"username":"","passwordLength":0,"error":"","submitting":false,"lastSubmitted":"","renderFault":false,"recoveryCount":0,"listValues":[{"id":"first","text":"A"}],"listNodes":[{"id":"list-first","text":"A","rect":{"x":0,"y":230,"width":30,"height":10}}],"profile":2,"packFontWidth":16,"usernameRect":{"x":12,"y":57,"width":196,"height":20},"passwordRect":{"x":12,"y":96,"width":196,"height":20},"submitRect":{"x":12,"y":124,"width":92,"height":20}}
[0710月2026 02:30:04.291] [NekoJS-Log-Flusher/INFO] [NekoJS/]: [client] [ticket48-auto] {"stage":"sample","ticks":10800,"elapsedMs":539511,"statistics":{"initialBuild":1,"layout":9,"reconcile":0,"resize":1,"paint":17536,"diagnostics":0,"cleanup":0},"disposed":false,"username":"","passwordLength":0,"error":"","submitting":false,"lastSubmitted":"","renderFault":false,"recoveryCount":0,"listValues":[{"id":"first","text":"A"}],"listNodes":[{"id":"list-first","text":"A","rect":{"x":0,"y":230,"width":30,"height":10}}],"profile":2,"packFontWidth":16,"usernameRect":{"x":12,"y":57,"width":196,"height":20},"passwordRect":{"x":12,"y":96,"width":196,"height":20},"submitRect":{"x":12,"y":124,"width":92,"height":20}}
[0710月2026 02:30:09.290] [NekoJS-Log-Flusher/INFO] [NekoJS/]: [client] [ticket48-auto] {"stage":"sample","ticks":10900,"elapsedMs":544492,"statistics":{"initialBuild":1,"layout":9,"reconcile":0,"resize":1,"paint":17685,"diagnostics":0,"cleanup":0},"disposed":false,"username":"","passwordLength":0,"error":"","submitting":false,"lastSubmitted":"","renderFault":false,"recoveryCount":0,"listValues":[{"id":"first","text":"A"}],"listNodes":[{"id":"list-first","text":"A","rect":{"x":0,"y":230,"width":30,"height":10}}],"profile":2,"packFontWidth":16,"usernameRect":{"x":12,"y":57,"width":196,"height":20},"passwordRect":{"x":12,"y":96,"width":196,"height":20},"submitRect":{"x":12,"y":124,"width":92,"height":20}}
[0710月2026 02:30:14.291] [NekoJS-Log-Flusher/INFO] [NekoJS/]: [client] [ticket48-auto] {"stage":"sample","ticks":11000,"elapsedMs":549507,"statistics":{"initialBuild":1,"layout":9,"reconcile":0,"resize":1,"paint":17835,"diagnostics":0,"cleanup":0},"disposed":false,"username":"","passwordLength":0,"error":"","submitting":false,"lastSubmitted":"","renderFault":false,"recoveryCount":0,"listValues":[{"id":"first","text":"A"}],"listNodes":[{"id":"list-first","text":"A","rect":{"x":0,"y":230,"width":30,"height":10}}],"profile":2,"packFontWidth":16,"usernameRect":{"x":12,"y":57,"width":196,"height":20},"passwordRect":{"x":12,"y":96,"width":196,"height":20},"submitRect":{"x":12,"y":124,"width":92,"height":20}}
[0710月2026 02:30:19.290] [NekoJS-Log-Flusher/INFO] [NekoJS/]: [client] [ticket48-auto] {"stage":"sample","ticks":11100,"elapsedMs":554488,"statistics":{"initialBuild":1,"layout":9,"reconcile":0,"resize":1,"paint":17984,"diagnostics":0,"cleanup":0},"disposed":false,"username":"","passwordLength":0,"error":"","submitting":false,"lastSubmitted":"","renderFault":false,"recoveryCount":0,"listValues":[{"id":"first","text":"A"}],"listNodes":[{"id":"list-first","text":"A","rect":{"x":0,"y":230,"width":30,"height":10}}],"profile":2,"packFontWidth":16,"usernameRect":{"x":12,"y":57,"width":196,"height":20},"passwordRect":{"x":12,"y":96,"width":196,"height":20},"submitRect":{"x":12,"y":124,"width":92,"height":20}}
[0710月2026 02:30:24.290] [NekoJS-Log-Flusher/INFO] [NekoJS/]: [client] [ticket48-auto] {"stage":"sample","ticks":11200,"elapsedMs":559502,"statistics":{"initialBuild":1,"layout":9,"reconcile":0,"resize":1,"paint":18134,"diagnostics":0,"cleanup":0},"disposed":false,"username":"","passwordLength":0,"error":"","submitting":false,"lastSubmitted":"","renderFault":false,"recoveryCount":0,"listValues":[{"id":"first","text":"A"}],"listNodes":[{"id":"list-first","text":"A","rect":{"x":0,"y":230,"width":30,"height":10}}],"profile":2,"packFontWidth":16,"usernameRect":{"x":12,"y":57,"width":196,"height":20},"passwordRect":{"x":12,"y":96,"width":196,"height":20},"submitRect":{"x":12,"y":124,"width":92,"height":20}}
[0710月2026 02:30:29.291] [NekoJS-Log-Flusher/INFO] [NekoJS/]: [client] [ticket48-auto] {"stage":"sample","ticks":11300,"elapsedMs":564485,"statistics":{"initialBuild":1,"layout":9,"reconcile":0,"resize":1,"paint":18283,"diagnostics":0,"cleanup":0},"disposed":false,"username":"","passwordLength":0,"error":"","submitting":false,"lastSubmitted":"","renderFault":false,"recoveryCount":0,"listValues":[{"id":"first","text":"A"}],"listNodes":[{"id":"list-first","text":"A","rect":{"x":0,"y":230,"width":30,"height":10}}],"profile":2,"packFontWidth":16,"usernameRect":{"x":12,"y":57,"width":196,"height":20},"passwordRect":{"x":12,"y":96,"width":196,"height":20},"submitRect":{"x":12,"y":124,"width":92,"height":20}}
[0710月2026 02:30:34.291] [NekoJS-Log-Flusher/INFO] [NekoJS/]: [client] [ticket48-auto] {"stage":"sample","ticks":11400,"elapsedMs":569498,"statistics":{"initialBuild":1,"layout":9,"reconcile":0,"resize":1,"paint":18433,"diagnostics":0,"cleanup":0},"disposed":false,"username":"","passwordLength":0,"error":"","submitting":false,"lastSubmitted":"","renderFault":false,"recoveryCount":0,"listValues":[{"id":"first","text":"A"}],"listNodes":[{"id":"list-first","text":"A","rect":{"x":0,"y":230,"width":30,"height":10}}],"profile":2,"packFontWidth":16,"usernameRect":{"x":12,"y":57,"width":196,"height":20},"passwordRect":{"x":12,"y":96,"width":196,"height":20},"submitRect":{"x":12,"y":124,"width":92,"height":20}}
[0710月2026 02:30:39.291] [NekoJS-Log-Flusher/INFO] [NekoJS/]: [client] [ticket48-auto] {"stage":"sample","ticks":11500,"elapsedMs":574482,"statistics":{"initialBuild":1,"layout":9,"reconcile":0,"resize":1,"paint":18582,"diagnostics":0,"cleanup":0},"disposed":false,"username":"","passwordLength":0,"error":"","submitting":false,"lastSubmitted":"","renderFault":false,"recoveryCount":0,"listValues":[{"id":"first","text":"A"}],"listNodes":[{"id":"list-first","text":"A","rect":{"x":0,"y":230,"width":30,"height":10}}],"profile":2,"packFontWidth":16,"usernameRect":{"x":12,"y":57,"width":196,"height":20},"passwordRect":{"x":12,"y":96,"width":196,"height":20},"submitRect":{"x":12,"y":124,"width":92,"height":20}}
[0710月2026 02:30:44.291] [NekoJS-Log-Flusher/INFO] [NekoJS/]: [client] [ticket48-auto] {"stage":"sample","ticks":11600,"elapsedMs":579500,"statistics":{"initialBuild":1,"layout":9,"reconcile":0,"resize":1,"paint":18732,"diagnostics":0,"cleanup":0},"disposed":false,"username":"","passwordLength":0,"error":"","submitting":false,"lastSubmitted":"","renderFault":false,"recoveryCount":0,"listValues":[{"id":"first","text":"A"}],"listNodes":[{"id":"list-first","text":"A","rect":{"x":0,"y":230,"width":30,"height":10}}],"profile":2,"packFontWidth":16,"usernameRect":{"x":12,"y":57,"width":196,"height":20},"passwordRect":{"x":12,"y":96,"width":196,"height":20},"submitRect":{"x":12,"y":124,"width":92,"height":20}}
[0710月2026 02:30:49.291] [NekoJS-Log-Flusher/INFO] [NekoJS/]: [client] [ticket48-auto] {"stage":"sample","ticks":11700,"elapsedMs":584485,"statistics":{"initialBuild":1,"layout":9,"reconcile":0,"resize":1,"paint":18881,"diagnostics":0,"cleanup":0},"disposed":false,"username":"","passwordLength":0,"error":"","submitting":false,"lastSubmitted":"","renderFault":false,"recoveryCount":0,"listValues":[{"id":"first","text":"A"}],"listNodes":[{"id":"list-first","text":"A","rect":{"x":0,"y":230,"width":30,"height":10}}],"profile":2,"packFontWidth":16,"usernameRect":{"x":12,"y":57,"width":196,"height":20},"passwordRect":{"x":12,"y":96,"width":196,"height":20},"submitRect":{"x":12,"y":124,"width":92,"height":20}}
[0710月2026 02:30:54.291] [NekoJS-Log-Flusher/INFO] [NekoJS/]: [client] [ticket48-auto] {"stage":"sample","ticks":11800,"elapsedMs":589500,"statistics":{"initialBuild":1,"layout":9,"reconcile":0,"resize":1,"paint":19031,"diagnostics":0,"cleanup":0},"disposed":false,"username":"","passwordLength":0,"error":"","submitting":false,"lastSubmitted":"","renderFault":false,"recoveryCount":0,"listValues":[{"id":"first","text":"A"}],"listNodes":[{"id":"list-first","text":"A","rect":{"x":0,"y":230,"width":30,"height":10}}],"profile":2,"packFontWidth":16,"usernameRect":{"x":12,"y":57,"width":196,"height":20},"passwordRect":{"x":12,"y":96,"width":196,"height":20},"submitRect":{"x":12,"y":124,"width":92,"height":20}}
[0710月2026 02:30:59.290] [NekoJS-Log-Flusher/INFO] [NekoJS/]: [client] [ticket48-auto] {"stage":"sample","ticks":11900,"elapsedMs":594484,"statistics":{"initialBuild":1,"layout":9,"reconcile":0,"resize":1,"paint":19180,"diagnostics":0,"cleanup":0},"disposed":false,"username":"","passwordLength":0,"error":"","submitting":false,"lastSubmitted":"","renderFault":false,"recoveryCount":0,"listValues":[{"id":"first","text":"A"}],"listNodes":[{"id":"list-first","text":"A","rect":{"x":0,"y":230,"width":30,"height":10}}],"profile":2,"packFontWidth":16,"usernameRect":{"x":12,"y":57,"width":196,"height":20},"passwordRect":{"x":12,"y":96,"width":196,"height":20},"submitRect":{"x":12,"y":124,"width":92,"height":20}}
[0710月2026 02:31:04.292] [NekoJS-Log-Flusher/INFO] [NekoJS/]: [client] [ticket48-auto] {"stage":"sample","ticks":12000,"elapsedMs":599497,"statistics":{"initialBuild":1,"layout":9,"reconcile":0,"resize":1,"paint":19308,"diagnostics":0,"cleanup":0},"disposed":false,"username":"","passwordLength":0,"error":"","submitting":false,"lastSubmitted":"","renderFault":false,"recoveryCount":0,"listValues":[{"id":"first","text":"A"}],"listNodes":[{"id":"list-first","text":"A","rect":{"x":0,"y":230,"width":30,"height":10}}],"profile":2,"packFontWidth":16,"usernameRect":{"x":12,"y":57,"width":196,"height":20},"passwordRect":{"x":12,"y":96,"width":196,"height":20},"submitRect":{"x":12,"y":124,"width":92,"height":20}}
[0710月2026 02:31:09.291] [NekoJS-Log-Flusher/INFO] [NekoJS/]: [client] [ticket48-auto] {"stage":"sample","ticks":12100,"elapsedMs":604501,"statistics":{"initialBuild":1,"layout":9,"reconcile":0,"resize":1,"paint":19358,"diagnostics":0,"cleanup":0},"disposed":false,"username":"","passwordLength":0,"error":"","submitting":false,"lastSubmitted":"","renderFault":false,"recoveryCount":0,"listValues":[{"id":"first","text":"A"}],"listNodes":[{"id":"list-first","text":"A","rect":{"x":0,"y":230,"width":30,"height":10}}],"profile":2,"packFontWidth":16,"usernameRect":{"x":12,"y":57,"width":196,"height":20},"passwordRect":{"x":12,"y":96,"width":196,"height":20},"submitRect":{"x":12,"y":124,"width":92,"height":20}}
[0710月2026 02:31:14.292] [NekoJS-Log-Flusher/INFO] [NekoJS/]: [client] [ticket48-auto] {"stage":"sample","ticks":12200,"elapsedMs":609501,"statistics":{"initialBuild":1,"layout":9,"reconcile":0,"resize":1,"paint":19408,"diagnostics":0,"cleanup":0},"disposed":false,"username":"","passwordLength":0,"error":"","submitting":false,"lastSubmitted":"","renderFault":false,"recoveryCount":0,"listValues":[{"id":"first","text":"A"}],"listNodes":[{"id":"list-first","text":"A","rect":{"x":0,"y":230,"width":30,"height":10}}],"profile":2,"packFontWidth":16,"usernameRect":{"x":12,"y":57,"width":196,"height":20},"passwordRect":{"x":12,"y":96,"width":196,"height":20},"submitRect":{"x":12,"y":124,"width":92,"height":20}}
[0710月2026 02:31:19.291] [NekoJS-Log-Flusher/INFO] [NekoJS/]: [client] [ticket48-auto] {"stage":"sample","ticks":12300,"elapsedMs":614505,"statistics":{"initialBuild":1,"layout":9,"reconcile":0,"resize":1,"paint":19458,"diagnostics":0,"cleanup":0},"disposed":false,"username":"","passwordLength":0,"error":"","submitting":false,"lastSubmitted":"","renderFault":false,"recoveryCount":0,"listValues":[{"id":"first","text":"A"}],"listNodes":[{"id":"list-first","text":"A","rect":{"x":0,"y":230,"width":30,"height":10}}],"profile":2,"packFontWidth":16,"usernameRect":{"x":12,"y":57,"width":196,"height":20},"passwordRect":{"x":12,"y":96,"width":196,"height":20},"submitRect":{"x":12,"y":124,"width":92,"height":20}}
[0710月2026 02:31:24.291] [NekoJS-Log-Flusher/INFO] [NekoJS/]: [client] [ticket48-auto] {"stage":"sample","ticks":12400,"elapsedMs":619510,"statistics":{"initialBuild":1,"layout":9,"reconcile":0,"resize":1,"paint":19508,"diagnostics":0,"cleanup":0},"disposed":false,"username":"","passwordLength":0,"error":"","submitting":false,"lastSubmitted":"","renderFault":false,"recoveryCount":0,"listValues":[{"id":"first","text":"A"}],"listNodes":[{"id":"list-first","text":"A","rect":{"x":0,"y":230,"width":30,"height":10}}],"profile":2,"packFontWidth":16,"usernameRect":{"x":12,"y":57,"width":196,"height":20},"passwordRect":{"x":12,"y":96,"width":196,"height":20},"submitRect":{"x":12,"y":124,"width":92,"height":20}}
[0710月2026 02:31:29.292] [NekoJS-Log-Flusher/INFO] [NekoJS/]: [client] [ticket48-auto] {"stage":"sample","ticks":12500,"elapsedMs":624510,"statistics":{"initialBuild":1,"layout":9,"reconcile":0,"resize":1,"paint":19558,"diagnostics":0,"cleanup":0},"disposed":false,"username":"","passwordLength":0,"error":"","submitting":false,"lastSubmitted":"","renderFault":false,"recoveryCount":0,"listValues":[{"id":"first","text":"A"}],"listNodes":[{"id":"list-first","text":"A","rect":{"x":0,"y":230,"width":30,"height":10}}],"profile":2,"packFontWidth":16,"usernameRect":{"x":12,"y":57,"width":196,"height":20},"passwordRect":{"x":12,"y":96,"width":196,"height":20},"submitRect":{"x":12,"y":124,"width":92,"height":20}}
[0710月2026 02:31:34.291] [NekoJS-Log-Flusher/INFO] [NekoJS/]: [client] [ticket48-auto] {"stage":"sample","ticks":12600,"elapsedMs":629512,"statistics":{"initialBuild":1,"layout":9,"reconcile":0,"resize":1,"paint":19608,"diagnostics":0,"cleanup":0},"disposed":false,"username":"","passwordLength":0,"error":"","submitting":false,"lastSubmitted":"","renderFault":false,"recoveryCount":0,"listValues":[{"id":"first","text":"A"}],"listNodes":[{"id":"list-first","text":"A","rect":{"x":0,"y":230,"width":30,"height":10}}],"profile":2,"packFontWidth":16,"usernameRect":{"x":12,"y":57,"width":196,"height":20},"passwordRect":{"x":12,"y":96,"width":196,"height":20},"submitRect":{"x":12,"y":124,"width":92,"height":20}}
[0710月2026 02:31:39.292] [NekoJS-Log-Flusher/INFO] [NekoJS/]: [client] [ticket48-auto] {"stage":"sample","ticks":12700,"elapsedMs":634516,"statistics":{"initialBuild":1,"layout":9,"reconcile":0,"resize":1,"paint":19658,"diagnostics":0,"cleanup":0},"disposed":false,"username":"","passwordLength":0,"error":"","submitting":false,"lastSubmitted":"","renderFault":false,"recoveryCount":0,"listValues":[{"id":"first","text":"A"}],"listNodes":[{"id":"list-first","text":"A","rect":{"x":0,"y":230,"width":30,"height":10}}],"profile":2,"packFontWidth":16,"usernameRect":{"x":12,"y":57,"width":196,"height":20},"passwordRect":{"x":12,"y":96,"width":196,"height":20},"submitRect":{"x":12,"y":124,"width":92,"height":20}}
[0710月2026 02:31:44.292] [NekoJS-Log-Flusher/INFO] [NekoJS/]: [client] [ticket48-auto] {"stage":"sample","ticks":12800,"elapsedMs":639520,"statistics":{"initialBuild":1,"layout":9,"reconcile":0,"resize":1,"paint":19708,"diagnostics":0,"cleanup":0},"disposed":false,"username":"","passwordLength":0,"error":"","submitting":false,"lastSubmitted":"","renderFault":false,"recoveryCount":0,"listValues":[{"id":"first","text":"A"}],"listNodes":[{"id":"list-first","text":"A","rect":{"x":0,"y":230,"width":30,"height":10}}],"profile":2,"packFontWidth":16,"usernameRect":{"x":12,"y":57,"width":196,"height":20},"passwordRect":{"x":12,"y":96,"width":196,"height":20},"submitRect":{"x":12,"y":124,"width":92,"height":20}}
[0710月2026 02:31:49.291] [NekoJS-Log-Flusher/INFO] [NekoJS/]: [client] [ticket48-auto] {"stage":"sample","ticks":12900,"elapsedMs":644522,"statistics":{"initialBuild":1,"layout":9,"reconcile":0,"resize":1,"paint":19758,"diagnostics":0,"cleanup":0},"disposed":false,"username":"","passwordLength":0,"error":"","submitting":false,"lastSubmitted":"","renderFault":false,"recoveryCount":0,"listValues":[{"id":"first","text":"A"}],"listNodes":[{"id":"list-first","text":"A","rect":{"x":0,"y":230,"width":30,"height":10}}],"profile":2,"packFontWidth":16,"usernameRect":{"x":12,"y":57,"width":196,"height":20},"passwordRect":{"x":12,"y":96,"width":196,"height":20},"submitRect":{"x":12,"y":124,"width":92,"height":20}}
[0710月2026 02:31:54.292] [NekoJS-Log-Flusher/INFO] [NekoJS/]: [client] [ticket48-auto] {"stage":"sample","ticks":13000,"elapsedMs":649526,"statistics":{"initialBuild":1,"layout":9,"reconcile":0,"resize":1,"paint":19808,"diagnostics":0,"cleanup":0},"disposed":false,"username":"","passwordLength":0,"error":"","submitting":false,"lastSubmitted":"","renderFault":false,"recoveryCount":0,"listValues":[{"id":"first","text":"A"}],"listNodes":[{"id":"list-first","text":"A","rect":{"x":0,"y":230,"width":30,"height":10}}],"profile":2,"packFontWidth":16,"usernameRect":{"x":12,"y":57,"width":196,"height":20},"passwordRect":{"x":12,"y":96,"width":196,"height":20},"submitRect":{"x":12,"y":124,"width":92,"height":20}}
[0710月2026 02:31:59.293] [NekoJS-Log-Flusher/INFO] [NekoJS/]: [client] [ticket48-auto] {"stage":"sample","ticks":13100,"elapsedMs":654529,"statistics":{"initialBuild":1,"layout":9,"reconcile":0,"resize":1,"paint":19858,"diagnostics":0,"cleanup":0},"disposed":false,"username":"","passwordLength":0,"error":"","submitting":false,"lastSubmitted":"","renderFault":false,"recoveryCount":0,"listValues":[{"id":"first","text":"A"}],"listNodes":[{"id":"list-first","text":"A","rect":{"x":0,"y":230,"width":30,"height":10}}],"profile":2,"packFontWidth":16,"usernameRect":{"x":12,"y":57,"width":196,"height":20},"passwordRect":{"x":12,"y":96,"width":196,"height":20},"submitRect":{"x":12,"y":124,"width":92,"height":20}}
[0710月2026 02:32:04.291] [NekoJS-Log-Flusher/INFO] [NekoJS/]: [client] [ticket48-auto] {"stage":"sample","ticks":13200,"elapsedMs":659532,"statistics":{"initialBuild":1,"layout":9,"reconcile":0,"resize":1,"paint":19908,"diagnostics":0,"cleanup":0},"disposed":false,"username":"","passwordLength":0,"error":"","submitting":false,"lastSubmitted":"","renderFault":false,"recoveryCount":0,"listValues":[{"id":"first","text":"A"}],"listNodes":[{"id":"list-first","text":"A","rect":{"x":0,"y":230,"width":30,"height":10}}],"profile":2,"packFontWidth":16,"usernameRect":{"x":12,"y":57,"width":196,"height":20},"passwordRect":{"x":12,"y":96,"width":196,"height":20},"submitRect":{"x":12,"y":124,"width":92,"height":20}}
[0710月2026 02:32:09.291] [NekoJS-Log-Flusher/INFO] [NekoJS/]: [client] [ticket48-auto] {"stage":"sample","ticks":13300,"elapsedMs":664537,"statistics":{"initialBuild":1,"layout":9,"reconcile":0,"resize":1,"paint":19958,"diagnostics":0,"cleanup":0},"disposed":false,"username":"","passwordLength":0,"error":"","submitting":false,"lastSubmitted":"","renderFault":false,"recoveryCount":0,"listValues":[{"id":"first","text":"A"}],"listNodes":[{"id":"list-first","text":"A","rect":{"x":0,"y":230,"width":30,"height":10}}],"profile":2,"packFontWidth":16,"usernameRect":{"x":12,"y":57,"width":196,"height":20},"passwordRect":{"x":12,"y":96,"width":196,"height":20},"submitRect":{"x":12,"y":124,"width":92,"height":20}}
[0710月2026 02:32:14.293] [NekoJS-Log-Flusher/INFO] [NekoJS/]: [client] [ticket48-auto] {"stage":"sample","ticks":13400,"elapsedMs":669542,"statistics":{"initialBuild":1,"layout":9,"reconcile":0,"resize":1,"paint":20008,"diagnostics":0,"cleanup":0},"disposed":false,"username":"","passwordLength":0,"error":"","submitting":false,"lastSubmitted":"","renderFault":false,"recoveryCount":0,"listValues":[{"id":"first","text":"A"}],"listNodes":[{"id":"list-first","text":"A","rect":{"x":0,"y":230,"width":30,"height":10}}],"profile":2,"packFontWidth":16,"usernameRect":{"x":12,"y":57,"width":196,"height":20},"passwordRect":{"x":12,"y":96,"width":196,"height":20},"submitRect":{"x":12,"y":124,"width":92,"height":20}}
[0710月2026 02:32:19.291] [NekoJS-Log-Flusher/INFO] [NekoJS/]: [client] [ticket48-auto] {"stage":"sample","ticks":13500,"elapsedMs":674546,"statistics":{"initialBuild":1,"layout":9,"reconcile":0,"resize":1,"paint":20058,"diagnostics":0,"cleanup":0},"disposed":false,"username":"","passwordLength":0,"error":"","submitting":false,"lastSubmitted":"","renderFault":false,"recoveryCount":0,"listValues":[{"id":"first","text":"A"}],"listNodes":[{"id":"list-first","text":"A","rect":{"x":0,"y":230,"width":30,"height":10}}],"profile":2,"packFontWidth":16,"usernameRect":{"x":12,"y":57,"width":196,"height":20},"passwordRect":{"x":12,"y":96,"width":196,"height":20},"submitRect":{"x":12,"y":124,"width":92,"height":20}}
[0710月2026 02:32:24.292] [NekoJS-Log-Flusher/INFO] [NekoJS/]: [client] [ticket48-auto] {"stage":"sample","ticks":13600,"elapsedMs":679551,"statistics":{"initialBuild":1,"layout":9,"reconcile":0,"resize":1,"paint":20108,"diagnostics":0,"cleanup":0},"disposed":false,"username":"","passwordLength":0,"error":"","submitting":false,"lastSubmitted":"","renderFault":false,"recoveryCount":0,"listValues":[{"id":"first","text":"A"}],"listNodes":[{"id":"list-first","text":"A","rect":{"x":0,"y":230,"width":30,"height":10}}],"profile":2,"packFontWidth":16,"usernameRect":{"x":12,"y":57,"width":196,"height":20},"passwordRect":{"x":12,"y":96,"width":196,"height":20},"submitRect":{"x":12,"y":124,"width":92,"height":20}}
[0710月2026 02:32:29.293] [NekoJS-Log-Flusher/INFO] [NekoJS/]: [client] [ticket48-auto] {"stage":"sample","ticks":13700,"elapsedMs":684553,"statistics":{"initialBuild":1,"layout":9,"reconcile":0,"resize":1,"paint":20158,"diagnostics":0,"cleanup":0},"disposed":false,"username":"","passwordLength":0,"error":"","submitting":false,"lastSubmitted":"","renderFault":false,"recoveryCount":0,"listValues":[{"id":"first","text":"A"}],"listNodes":[{"id":"list-first","text":"A","rect":{"x":0,"y":230,"width":30,"height":10}}],"profile":2,"packFontWidth":16,"usernameRect":{"x":12,"y":57,"width":196,"height":20},"passwordRect":{"x":12,"y":96,"width":196,"height":20},"submitRect":{"x":12,"y":124,"width":92,"height":20}}
[0710月2026 02:32:34.292] [NekoJS-Log-Flusher/INFO] [NekoJS/]: [client] [ticket48-auto] {"stage":"sample","ticks":13800,"elapsedMs":689559,"statistics":{"initialBuild":1,"layout":9,"reconcile":0,"resize":1,"paint":20208,"diagnostics":0,"cleanup":0},"disposed":false,"username":"","passwordLength":0,"error":"","submitting":false,"lastSubmitted":"","renderFault":false,"recoveryCount":0,"listValues":[{"id":"first","text":"A"}],"listNodes":[{"id":"list-first","text":"A","rect":{"x":0,"y":230,"width":30,"height":10}}],"profile":2,"packFontWidth":16,"usernameRect":{"x":12,"y":57,"width":196,"height":20},"passwordRect":{"x":12,"y":96,"width":196,"height":20},"submitRect":{"x":12,"y":124,"width":92,"height":20}}
[0710月2026 02:32:39.293] [NekoJS-Log-Flusher/INFO] [NekoJS/]: [client] [ticket48-auto] {"stage":"sample","ticks":13900,"elapsedMs":694561,"statistics":{"initialBuild":1,"layout":9,"reconcile":0,"resize":1,"paint":20258,"diagnostics":0,"cleanup":0},"disposed":false,"username":"","passwordLength":0,"error":"","submitting":false,"lastSubmitted":"","renderFault":false,"recoveryCount":0,"listValues":[{"id":"first","text":"A"}],"listNodes":[{"id":"list-first","text":"A","rect":{"x":0,"y":230,"width":30,"height":10}}],"profile":2,"packFontWidth":16,"usernameRect":{"x":12,"y":57,"width":196,"height":20},"passwordRect":{"x":12,"y":96,"width":196,"height":20},"submitRect":{"x":12,"y":124,"width":92,"height":20}}
[0710月2026 02:32:44.292] [NekoJS-Log-Flusher/INFO] [NekoJS/]: [client] [ticket48-auto] {"stage":"sample","ticks":14000,"elapsedMs":699563,"statistics":{"initialBuild":1,"layout":9,"reconcile":0,"resize":1,"paint":20308,"diagnostics":0,"cleanup":0},"disposed":false,"username":"","passwordLength":0,"error":"","submitting":false,"lastSubmitted":"","renderFault":false,"recoveryCount":0,"listValues":[{"id":"first","text":"A"}],"listNodes":[{"id":"list-first","text":"A","rect":{"x":0,"y":230,"width":30,"height":10}}],"profile":2,"packFontWidth":16,"usernameRect":{"x":12,"y":57,"width":196,"height":20},"passwordRect":{"x":12,"y":96,"width":196,"height":20},"submitRect":{"x":12,"y":124,"width":92,"height":20}}
[0710月2026 02:32:49.292] [NekoJS-Log-Flusher/INFO] [NekoJS/]: [client] [ticket48-auto] {"stage":"sample","ticks":14100,"elapsedMs":704563,"statistics":{"initialBuild":1,"layout":9,"reconcile":0,"resize":1,"paint":20358,"diagnostics":0,"cleanup":0},"disposed":false,"username":"","passwordLength":0,"error":"","submitting":false,"lastSubmitted":"","renderFault":false,"recoveryCount":0,"listValues":[{"id":"first","text":"A"}],"listNodes":[{"id":"list-first","text":"A","rect":{"x":0,"y":230,"width":30,"height":10}}],"profile":2,"packFontWidth":16,"usernameRect":{"x":12,"y":57,"width":196,"height":20},"passwordRect":{"x":12,"y":96,"width":196,"height":20},"submitRect":{"x":12,"y":124,"width":92,"height":20}}
[0710月2026 02:32:54.292] [NekoJS-Log-Flusher/INFO] [NekoJS/]: [client] [ticket48-auto] {"stage":"sample","ticks":14200,"elapsedMs":709568,"statistics":{"initialBuild":1,"layout":9,"reconcile":0,"resize":1,"paint":20408,"diagnostics":0,"cleanup":0},"disposed":false,"username":"","passwordLength":0,"error":"","submitting":false,"lastSubmitted":"","renderFault":false,"recoveryCount":0,"listValues":[{"id":"first","text":"A"}],"listNodes":[{"id":"list-first","text":"A","rect":{"x":0,"y":230,"width":30,"height":10}}],"profile":2,"packFontWidth":16,"usernameRect":{"x":12,"y":57,"width":196,"height":20},"passwordRect":{"x":12,"y":96,"width":196,"height":20},"submitRect":{"x":12,"y":124,"width":92,"height":20}}
[0710月2026 02:32:59.293] [NekoJS-Log-Flusher/INFO] [NekoJS/]: [client] [ticket48-auto] {"stage":"sample","ticks":14300,"elapsedMs":714572,"statistics":{"initialBuild":1,"layout":9,"reconcile":0,"resize":1,"paint":20458,"diagnostics":0,"cleanup":0},"disposed":false,"username":"","passwordLength":0,"error":"","submitting":false,"lastSubmitted":"","renderFault":false,"recoveryCount":0,"listValues":[{"id":"first","text":"A"}],"listNodes":[{"id":"list-first","text":"A","rect":{"x":0,"y":230,"width":30,"height":10}}],"profile":2,"packFontWidth":16,"usernameRect":{"x":12,"y":57,"width":196,"height":20},"passwordRect":{"x":12,"y":96,"width":196,"height":20},"submitRect":{"x":12,"y":124,"width":92,"height":20}}
[0710月2026 02:33:04.292] [NekoJS-Log-Flusher/INFO] [NekoJS/]: [client] [ticket48-auto] {"stage":"sample","ticks":14400,"elapsedMs":719577,"statistics":{"initialBuild":1,"layout":9,"reconcile":0,"resize":1,"paint":20508,"diagnostics":0,"cleanup":0},"disposed":false,"username":"","passwordLength":0,"error":"","submitting":false,"lastSubmitted":"","renderFault":false,"recoveryCount":0,"listValues":[{"id":"first","text":"A"}],"listNodes":[{"id":"list-first","text":"A","rect":{"x":0,"y":230,"width":30,"height":10}}],"profile":2,"packFontWidth":16,"usernameRect":{"x":12,"y":57,"width":196,"height":20},"passwordRect":{"x":12,"y":96,"width":196,"height":20},"submitRect":{"x":12,"y":124,"width":92,"height":20}}
[0710月2026 02:33:09.292] [NekoJS-Log-Flusher/INFO] [NekoJS/]: [client] [ticket48-auto] {"stage":"sample","ticks":14500,"elapsedMs":724482,"statistics":{"initialBuild":1,"layout":9,"reconcile":0,"resize":1,"paint":20557,"diagnostics":0,"cleanup":0},"disposed":false,"username":"","passwordLength":0,"error":"","submitting":false,"lastSubmitted":"","renderFault":false,"recoveryCount":0,"listValues":[{"id":"first","text":"A"}],"listNodes":[{"id":"list-first","text":"A","rect":{"x":0,"y":230,"width":30,"height":10}}],"profile":2,"packFontWidth":16,"usernameRect":{"x":12,"y":57,"width":196,"height":20},"passwordRect":{"x":12,"y":96,"width":196,"height":20},"submitRect":{"x":12,"y":124,"width":92,"height":20}}
[0710月2026 02:33:14.292] [NekoJS-Log-Flusher/INFO] [NekoJS/]: [client] [ticket48-auto] {"stage":"sample","ticks":14600,"elapsedMs":729483,"statistics":{"initialBuild":1,"layout":9,"reconcile":0,"resize":1,"paint":20607,"diagnostics":0,"cleanup":0},"disposed":false,"username":"","passwordLength":0,"error":"","submitting":false,"lastSubmitted":"","renderFault":false,"recoveryCount":0,"listValues":[{"id":"first","text":"A"}],"listNodes":[{"id":"list-first","text":"A","rect":{"x":0,"y":230,"width":30,"height":10}}],"profile":2,"packFontWidth":16,"usernameRect":{"x":12,"y":57,"width":196,"height":20},"passwordRect":{"x":12,"y":96,"width":196,"height":20},"submitRect":{"x":12,"y":124,"width":92,"height":20}}
[0710月2026 02:33:19.293] [NekoJS-Log-Flusher/INFO] [NekoJS/]: [client] [ticket48-auto] {"stage":"sample","ticks":14700,"elapsedMs":734487,"statistics":{"initialBuild":1,"layout":9,"reconcile":0,"resize":1,"paint":20657,"diagnostics":0,"cleanup":0},"disposed":false,"username":"","passwordLength":0,"error":"","submitting":false,"lastSubmitted":"","renderFault":false,"recoveryCount":0,"listValues":[{"id":"first","text":"A"}],"listNodes":[{"id":"list-first","text":"A","rect":{"x":0,"y":230,"width":30,"height":10}}],"profile":2,"packFontWidth":16,"usernameRect":{"x":12,"y":57,"width":196,"height":20},"passwordRect":{"x":12,"y":96,"width":196,"height":20},"submitRect":{"x":12,"y":124,"width":92,"height":20}}
[0710月2026 02:33:24.292] [NekoJS-Log-Flusher/INFO] [NekoJS/]: [client] [ticket48-auto] {"stage":"sample","ticks":14800,"elapsedMs":739491,"statistics":{"initialBuild":1,"layout":9,"reconcile":0,"resize":1,"paint":20707,"diagnostics":0,"cleanup":0},"disposed":false,"username":"","passwordLength":0,"error":"","submitting":false,"lastSubmitted":"","renderFault":false,"recoveryCount":0,"listValues":[{"id":"first","text":"A"}],"listNodes":[{"id":"list-first","text":"A","rect":{"x":0,"y":230,"width":30,"height":10}}],"profile":2,"packFontWidth":16,"usernameRect":{"x":12,"y":57,"width":196,"height":20},"passwordRect":{"x":12,"y":96,"width":196,"height":20},"submitRect":{"x":12,"y":124,"width":92,"height":20}}
[0710月2026 02:33:29.292] [NekoJS-Log-Flusher/INFO] [NekoJS/]: [client] [ticket48-auto] {"stage":"sample","ticks":14900,"elapsedMs":744493,"statistics":{"initialBuild":1,"layout":9,"reconcile":0,"resize":1,"paint":20757,"diagnostics":0,"cleanup":0},"disposed":false,"username":"","passwordLength":0,"error":"","submitting":false,"lastSubmitted":"","renderFault":false,"recoveryCount":0,"listValues":[{"id":"first","text":"A"}],"listNodes":[{"id":"list-first","text":"A","rect":{"x":0,"y":230,"width":30,"height":10}}],"profile":2,"packFontWidth":16,"usernameRect":{"x":12,"y":57,"width":196,"height":20},"passwordRect":{"x":12,"y":96,"width":196,"height":20},"submitRect":{"x":12,"y":124,"width":92,"height":20}}
[0710月2026 02:33:34.292] [NekoJS-Log-Flusher/INFO] [NekoJS/]: [client] [ticket48-auto] {"stage":"sample","ticks":15000,"elapsedMs":749495,"statistics":{"initialBuild":1,"layout":9,"reconcile":0,"resize":1,"paint":20807,"diagnostics":0,"cleanup":0},"disposed":false,"username":"","passwordLength":0,"error":"","submitting":false,"lastSubmitted":"","renderFault":false,"recoveryCount":0,"listValues":[{"id":"first","text":"A"}],"listNodes":[{"id":"list-first","text":"A","rect":{"x":0,"y":230,"width":30,"height":10}}],"profile":2,"packFontWidth":16,"usernameRect":{"x":12,"y":57,"width":196,"height":20},"passwordRect":{"x":12,"y":96,"width":196,"height":20},"submitRect":{"x":12,"y":124,"width":92,"height":20}}
[0710月2026 02:33:39.292] [NekoJS-Log-Flusher/INFO] [NekoJS/]: [client] [ticket48-auto] {"stage":"sample","ticks":15100,"elapsedMs":754501,"statistics":{"initialBuild":1,"layout":9,"reconcile":0,"resize":1,"paint":20857,"diagnostics":0,"cleanup":0},"disposed":false,"username":"","passwordLength":0,"error":"","submitting":false,"lastSubmitted":"","renderFault":false,"recoveryCount":0,"listValues":[{"id":"first","text":"A"}],"listNodes":[{"id":"list-first","text":"A","rect":{"x":0,"y":230,"width":30,"height":10}}],"profile":2,"packFontWidth":16,"usernameRect":{"x":12,"y":57,"width":196,"height":20},"passwordRect":{"x":12,"y":96,"width":196,"height":20},"submitRect":{"x":12,"y":124,"width":92,"height":20}}
[0710月2026 02:33:44.292] [NekoJS-Log-Flusher/INFO] [NekoJS/]: [client] [ticket48-auto] {"stage":"sample","ticks":15200,"elapsedMs":759503,"statistics":{"initialBuild":1,"layout":9,"reconcile":0,"resize":1,"paint":20907,"diagnostics":0,"cleanup":0},"disposed":false,"username":"","passwordLength":0,"error":"","submitting":false,"lastSubmitted":"","renderFault":false,"recoveryCount":0,"listValues":[{"id":"first","text":"A"}],"listNodes":[{"id":"list-first","text":"A","rect":{"x":0,"y":230,"width":30,"height":10}}],"profile":2,"packFontWidth":16,"usernameRect":{"x":12,"y":57,"width":196,"height":20},"passwordRect":{"x":12,"y":96,"width":196,"height":20},"submitRect":{"x":12,"y":124,"width":92,"height":20}}
[0710月2026 02:33:49.292] [NekoJS-Log-Flusher/INFO] [NekoJS/]: [client] [ticket48-auto] {"stage":"sample","ticks":15300,"elapsedMs":764506,"statistics":{"initialBuild":1,"layout":9,"reconcile":0,"resize":1,"paint":20957,"diagnostics":0,"cleanup":0},"disposed":false,"username":"","passwordLength":0,"error":"","submitting":false,"lastSubmitted":"","renderFault":false,"recoveryCount":0,"listValues":[{"id":"first","text":"A"}],"listNodes":[{"id":"list-first","text":"A","rect":{"x":0,"y":230,"width":30,"height":10}}],"profile":2,"packFontWidth":16,"usernameRect":{"x":12,"y":57,"width":196,"height":20},"passwordRect":{"x":12,"y":96,"width":196,"height":20},"submitRect":{"x":12,"y":124,"width":92,"height":20}}
[0710月2026 02:33:54.292] [NekoJS-Log-Flusher/INFO] [NekoJS/]: [client] [ticket48-auto] {"stage":"sample","ticks":15400,"elapsedMs":769512,"statistics":{"initialBuild":1,"layout":9,"reconcile":0,"resize":1,"paint":21007,"diagnostics":0,"cleanup":0},"disposed":false,"username":"","passwordLength":0,"error":"","submitting":false,"lastSubmitted":"","renderFault":false,"recoveryCount":0,"listValues":[{"id":"first","text":"A"}],"listNodes":[{"id":"list-first","text":"A","rect":{"x":0,"y":230,"width":30,"height":10}}],"profile":2,"packFontWidth":16,"usernameRect":{"x":12,"y":57,"width":196,"height":20},"passwordRect":{"x":12,"y":96,"width":196,"height":20},"submitRect":{"x":12,"y":124,"width":92,"height":20}}
[0710月2026 02:33:59.293] [NekoJS-Log-Flusher/INFO] [NekoJS/]: [client] [ticket48-auto] {"stage":"sample","ticks":15500,"elapsedMs":774513,"statistics":{"initialBuild":1,"layout":9,"reconcile":0,"resize":1,"paint":21057,"diagnostics":0,"cleanup":0},"disposed":false,"username":"","passwordLength":0,"error":"","submitting":false,"lastSubmitted":"","renderFault":false,"recoveryCount":0,"listValues":[{"id":"first","text":"A"}],"listNodes":[{"id":"list-first","text":"A","rect":{"x":0,"y":230,"width":30,"height":10}}],"profile":2,"packFontWidth":16,"usernameRect":{"x":12,"y":57,"width":196,"height":20},"passwordRect":{"x":12,"y":96,"width":196,"height":20},"submitRect":{"x":12,"y":124,"width":92,"height":20}}
[0710月2026 02:34:04.293] [NekoJS-Log-Flusher/INFO] [NekoJS/]: [client] [ticket48-auto] {"stage":"sample","ticks":15600,"elapsedMs":779518,"statistics":{"initialBuild":1,"layout":9,"reconcile":0,"resize":1,"paint":21107,"diagnostics":0,"cleanup":0},"disposed":false,"username":"","passwordLength":0,"error":"","submitting":false,"lastSubmitted":"","renderFault":false,"recoveryCount":0,"listValues":[{"id":"first","text":"A"}],"listNodes":[{"id":"list-first","text":"A","rect":{"x":0,"y":230,"width":30,"height":10}}],"profile":2,"packFontWidth":16,"usernameRect":{"x":12,"y":57,"width":196,"height":20},"passwordRect":{"x":12,"y":96,"width":196,"height":20},"submitRect":{"x":12,"y":124,"width":92,"height":20}}
[0710月2026 02:34:09.294] [NekoJS-Log-Flusher/INFO] [NekoJS/]: [client] [ticket48-auto] {"stage":"sample","ticks":15700,"elapsedMs":784522,"statistics":{"initialBuild":1,"layout":9,"reconcile":0,"resize":1,"paint":21157,"diagnostics":0,"cleanup":0},"disposed":false,"username":"","passwordLength":0,"error":"","submitting":false,"lastSubmitted":"","renderFault":false,"recoveryCount":0,"listValues":[{"id":"first","text":"A"}],"listNodes":[{"id":"list-first","text":"A","rect":{"x":0,"y":230,"width":30,"height":10}}],"profile":2,"packFontWidth":16,"usernameRect":{"x":12,"y":57,"width":196,"height":20},"passwordRect":{"x":12,"y":96,"width":196,"height":20},"submitRect":{"x":12,"y":124,"width":92,"height":20}}
[0710月2026 02:34:14.363] [NekoJS-Log-Flusher/INFO] [NekoJS/]: [client] [ticket48-auto] {"stage":"sample","ticks":15800,"elapsedMs":789533,"statistics":{"initialBuild":1,"layout":9,"reconcile":0,"resize":1,"paint":21203,"diagnostics":0,"cleanup":0},"disposed":false,"username":"","passwordLength":0,"error":"","submitting":false,"lastSubmitted":"","renderFault":false,"recoveryCount":0,"listValues":[{"id":"first","text":"A"}],"listNodes":[{"id":"list-first","text":"A","rect":{"x":0,"y":230,"width":30,"height":10}}],"profile":2,"packFontWidth":16,"usernameRect":{"x":12,"y":57,"width":196,"height":20},"passwordRect":{"x":12,"y":96,"width":196,"height":20},"submitRect":{"x":12,"y":124,"width":92,"height":20}}
[0710月2026 02:34:19.293] [NekoJS-Log-Flusher/INFO] [NekoJS/]: [client] [ticket48-auto] {"stage":"sample","ticks":15900,"elapsedMs":794540,"statistics":{"initialBuild":1,"layout":9,"reconcile":0,"resize":1,"paint":21245,"diagnostics":0,"cleanup":0},"disposed":false,"username":"","passwordLength":0,"error":"","submitting":false,"lastSubmitted":"","renderFault":false,"recoveryCount":0,"listValues":[{"id":"first","text":"A"}],"listNodes":[{"id":"list-first","text":"A","rect":{"x":0,"y":230,"width":30,"height":10}}],"profile":2,"packFontWidth":16,"usernameRect":{"x":12,"y":57,"width":196,"height":20},"passwordRect":{"x":12,"y":96,"width":196,"height":20},"submitRect":{"x":12,"y":124,"width":92,"height":20}}
[0710月2026 02:34:24.293] [NekoJS-Log-Flusher/INFO] [NekoJS/]: [client] [ticket48-auto] {"stage":"sample","ticks":16000,"elapsedMs":799543,"statistics":{"initialBuild":1,"layout":9,"reconcile":0,"resize":1,"paint":21295,"diagnostics":0,"cleanup":0},"disposed":false,"username":"","passwordLength":0,"error":"","submitting":false,"lastSubmitted":"","renderFault":false,"recoveryCount":0,"listValues":[{"id":"first","text":"A"}],"listNodes":[{"id":"list-first","text":"A","rect":{"x":0,"y":230,"width":30,"height":10}}],"profile":2,"packFontWidth":16,"usernameRect":{"x":12,"y":57,"width":196,"height":20},"passwordRect":{"x":12,"y":96,"width":196,"height":20},"submitRect":{"x":12,"y":124,"width":92,"height":20}}
[0710月2026 02:34:29.294] [NekoJS-Log-Flusher/INFO] [NekoJS/]: [client] [ticket48-auto] {"stage":"sample","ticks":16100,"elapsedMs":804545,"statistics":{"initialBuild":1,"layout":9,"reconcile":0,"resize":1,"paint":21345,"diagnostics":0,"cleanup":0},"disposed":false,"username":"","passwordLength":0,"error":"","submitting":false,"lastSubmitted":"","renderFault":false,"recoveryCount":0,"listValues":[{"id":"first","text":"A"}],"listNodes":[{"id":"list-first","text":"A","rect":{"x":0,"y":230,"width":30,"height":10}}],"profile":2,"packFontWidth":16,"usernameRect":{"x":12,"y":57,"width":196,"height":20},"passwordRect":{"x":12,"y":96,"width":196,"height":20},"submitRect":{"x":12,"y":124,"width":92,"height":20}}
[0710月2026 02:34:34.292] [NekoJS-Log-Flusher/INFO] [NekoJS/]: [client] [ticket48-auto] {"stage":"sample","ticks":16200,"elapsedMs":809552,"statistics":{"initialBuild":1,"layout":9,"reconcile":0,"resize":1,"paint":21395,"diagnostics":0,"cleanup":0},"disposed":false,"username":"","passwordLength":0,"error":"","submitting":false,"lastSubmitted":"","renderFault":false,"recoveryCount":0,"listValues":[{"id":"first","text":"A"}],"listNodes":[{"id":"list-first","text":"A","rect":{"x":0,"y":230,"width":30,"height":10}}],"profile":2,"packFontWidth":16,"usernameRect":{"x":12,"y":57,"width":196,"height":20},"passwordRect":{"x":12,"y":96,"width":196,"height":20},"submitRect":{"x":12,"y":124,"width":92,"height":20}}
[0710月2026 02:34:39.293] [NekoJS-Log-Flusher/INFO] [NekoJS/]: [client] [ticket48-auto] {"stage":"sample","ticks":16300,"elapsedMs":814552,"statistics":{"initialBuild":1,"layout":9,"reconcile":0,"resize":1,"paint":21445,"diagnostics":0,"cleanup":0},"disposed":false,"username":"","passwordLength":0,"error":"","submitting":false,"lastSubmitted":"","renderFault":false,"recoveryCount":0,"listValues":[{"id":"first","text":"A"}],"listNodes":[{"id":"list-first","text":"A","rect":{"x":0,"y":230,"width":30,"height":10}}],"profile":2,"packFontWidth":16,"usernameRect":{"x":12,"y":57,"width":196,"height":20},"passwordRect":{"x":12,"y":96,"width":196,"height":20},"submitRect":{"x":12,"y":124,"width":92,"height":20}}
[0710月2026 02:34:44.294] [NekoJS-Log-Flusher/INFO] [NekoJS/]: [client] [ticket48-auto] {"stage":"sample","ticks":16400,"elapsedMs":819556,"statistics":{"initialBuild":1,"layout":9,"reconcile":0,"resize":1,"paint":21495,"diagnostics":0,"cleanup":0},"disposed":false,"username":"","passwordLength":0,"error":"","submitting":false,"lastSubmitted":"","renderFault":false,"recoveryCount":0,"listValues":[{"id":"first","text":"A"}],"listNodes":[{"id":"list-first","text":"A","rect":{"x":0,"y":230,"width":30,"height":10}}],"profile":2,"packFontWidth":16,"usernameRect":{"x":12,"y":57,"width":196,"height":20},"passwordRect":{"x":12,"y":96,"width":196,"height":20},"submitRect":{"x":12,"y":124,"width":92,"height":20}}
[0710月2026 02:34:49.294] [NekoJS-Log-Flusher/INFO] [NekoJS/]: [client] [ticket48-auto] {"stage":"sample","ticks":16500,"elapsedMs":824560,"statistics":{"initialBuild":1,"layout":9,"reconcile":0,"resize":1,"paint":21545,"diagnostics":0,"cleanup":0},"disposed":false,"username":"","passwordLength":0,"error":"","submitting":false,"lastSubmitted":"","renderFault":false,"recoveryCount":0,"listValues":[{"id":"first","text":"A"}],"listNodes":[{"id":"list-first","text":"A","rect":{"x":0,"y":230,"width":30,"height":10}}],"profile":2,"packFontWidth":16,"usernameRect":{"x":12,"y":57,"width":196,"height":20},"passwordRect":{"x":12,"y":96,"width":196,"height":20},"submitRect":{"x":12,"y":124,"width":92,"height":20}}
[0710月2026 02:34:54.293] [NekoJS-Log-Flusher/INFO] [NekoJS/]: [client] [ticket48-auto] {"stage":"sample","ticks":16600,"elapsedMs":829562,"statistics":{"initialBuild":1,"layout":9,"reconcile":0,"resize":1,"paint":21595,"diagnostics":0,"cleanup":0},"disposed":false,"username":"","passwordLength":0,"error":"","submitting":false,"lastSubmitted":"","renderFault":false,"recoveryCount":0,"listValues":[{"id":"first","text":"A"}],"listNodes":[{"id":"list-first","text":"A","rect":{"x":0,"y":230,"width":30,"height":10}}],"profile":2,"packFontWidth":16,"usernameRect":{"x":12,"y":57,"width":196,"height":20},"passwordRect":{"x":12,"y":96,"width":196,"height":20},"submitRect":{"x":12,"y":124,"width":92,"height":20}}
[0710月2026 02:34:59.294] [NekoJS-Log-Flusher/INFO] [NekoJS/]: [client] [ticket48-auto] {"stage":"sample","ticks":16700,"elapsedMs":834563,"statistics":{"initialBuild":1,"layout":9,"reconcile":0,"resize":1,"paint":21645,"diagnostics":0,"cleanup":0},"disposed":false,"username":"","passwordLength":0,"error":"","submitting":false,"lastSubmitted":"","renderFault":false,"recoveryCount":0,"listValues":[{"id":"first","text":"A"}],"listNodes":[{"id":"list-first","text":"A","rect":{"x":0,"y":230,"width":30,"height":10}}],"profile":2,"packFontWidth":16,"usernameRect":{"x":12,"y":57,"width":196,"height":20},"passwordRect":{"x":12,"y":96,"width":196,"height":20},"submitRect":{"x":12,"y":124,"width":92,"height":20}}
[0710月2026 02:35:04.295] [NekoJS-Log-Flusher/INFO] [NekoJS/]: [client] [ticket48-auto] {"stage":"sample","ticks":16800,"elapsedMs":839564,"statistics":{"initialBuild":1,"layout":9,"reconcile":0,"resize":1,"paint":21695,"diagnostics":0,"cleanup":0},"disposed":false,"username":"","passwordLength":0,"error":"","submitting":false,"lastSubmitted":"","renderFault":false,"recoveryCount":0,"listValues":[{"id":"first","text":"A"}],"listNodes":[{"id":"list-first","text":"A","rect":{"x":0,"y":230,"width":30,"height":10}}],"profile":2,"packFontWidth":16,"usernameRect":{"x":12,"y":57,"width":196,"height":20},"passwordRect":{"x":12,"y":96,"width":196,"height":20},"submitRect":{"x":12,"y":124,"width":92,"height":20}}
[0710月2026 02:35:09.294] [NekoJS-Log-Flusher/INFO] [NekoJS/]: [client] [ticket48-auto] {"stage":"sample","ticks":16900,"elapsedMs":844568,"statistics":{"initialBuild":1,"layout":9,"reconcile":0,"resize":1,"paint":21745,"diagnostics":0,"cleanup":0},"disposed":false,"username":"","passwordLength":0,"error":"","submitting":false,"lastSubmitted":"","renderFault":false,"recoveryCount":0,"listValues":[{"id":"first","text":"A"}],"listNodes":[{"id":"list-first","text":"A","rect":{"x":0,"y":230,"width":30,"height":10}}],"profile":2,"packFontWidth":16,"usernameRect":{"x":12,"y":57,"width":196,"height":20},"passwordRect":{"x":12,"y":96,"width":196,"height":20},"submitRect":{"x":12,"y":124,"width":92,"height":20}}
[0710月2026 02:35:14.293] [NekoJS-Log-Flusher/INFO] [NekoJS/]: [client] [ticket48-auto] {"stage":"sample","ticks":17000,"elapsedMs":849573,"statistics":{"initialBuild":1,"layout":9,"reconcile":0,"resize":1,"paint":21795,"diagnostics":0,"cleanup":0},"disposed":false,"username":"","passwordLength":0,"error":"","submitting":false,"lastSubmitted":"","renderFault":false,"recoveryCount":0,"listValues":[{"id":"first","text":"A"}],"listNodes":[{"id":"list-first","text":"A","rect":{"x":0,"y":230,"width":30,"height":10}}],"profile":2,"packFontWidth":16,"usernameRect":{"x":12,"y":57,"width":196,"height":20},"passwordRect":{"x":12,"y":96,"width":196,"height":20},"submitRect":{"x":12,"y":124,"width":92,"height":20}}
[0710月2026 02:35:19.295] [NekoJS-Log-Flusher/INFO] [NekoJS/]: [client] [ticket48-auto] {"stage":"sample","ticks":17100,"elapsedMs":854573,"statistics":{"initialBuild":1,"layout":9,"reconcile":0,"resize":1,"paint":21845,"diagnostics":0,"cleanup":0},"disposed":false,"username":"","passwordLength":0,"error":"","submitting":false,"lastSubmitted":"","renderFault":false,"recoveryCount":0,"listValues":[{"id":"first","text":"A"}],"listNodes":[{"id":"list-first","text":"A","rect":{"x":0,"y":230,"width":30,"height":10}}],"profile":2,"packFontWidth":16,"usernameRect":{"x":12,"y":57,"width":196,"height":20},"passwordRect":{"x":12,"y":96,"width":196,"height":20},"submitRect":{"x":12,"y":124,"width":92,"height":20}}
[0710月2026 02:35:24.293] [NekoJS-Log-Flusher/INFO] [NekoJS/]: [client] [ticket48-auto] {"stage":"sample","ticks":17200,"elapsedMs":859574,"statistics":{"initialBuild":1,"layout":9,"reconcile":0,"resize":1,"paint":21895,"diagnostics":0,"cleanup":0},"disposed":false,"username":"","passwordLength":0,"error":"","submitting":false,"lastSubmitted":"","renderFault":false,"recoveryCount":0,"listValues":[{"id":"first","text":"A"}],"listNodes":[{"id":"list-first","text":"A","rect":{"x":0,"y":230,"width":30,"height":10}}],"profile":2,"packFontWidth":16,"usernameRect":{"x":12,"y":57,"width":196,"height":20},"passwordRect":{"x":12,"y":96,"width":196,"height":20},"submitRect":{"x":12,"y":124,"width":92,"height":20}}
[0710月2026 02:35:29.294] [NekoJS-Log-Flusher/INFO] [NekoJS/]: [client] [ticket48-auto] {"stage":"sample","ticks":17300,"elapsedMs":864577,"statistics":{"initialBuild":1,"layout":9,"reconcile":0,"resize":1,"paint":21945,"diagnostics":0,"cleanup":0},"disposed":false,"username":"","passwordLength":0,"error":"","submitting":false,"lastSubmitted":"","renderFault":false,"recoveryCount":0,"listValues":[{"id":"first","text":"A"}],"listNodes":[{"id":"list-first","text":"A","rect":{"x":0,"y":230,"width":30,"height":10}}],"profile":2,"packFontWidth":16,"usernameRect":{"x":12,"y":57,"width":196,"height":20},"passwordRect":{"x":12,"y":96,"width":196,"height":20},"submitRect":{"x":12,"y":124,"width":92,"height":20}}
[0710月2026 02:35:34.293] [NekoJS-Log-Flusher/INFO] [NekoJS/]: [client] [ticket48-auto] {"stage":"sample","ticks":17400,"elapsedMs":869493,"statistics":{"initialBuild":1,"layout":9,"reconcile":0,"resize":1,"paint":22109,"diagnostics":0,"cleanup":0},"disposed":false,"username":"","passwordLength":0,"error":"","submitting":false,"lastSubmitted":"","renderFault":false,"recoveryCount":0,"listValues":[{"id":"first","text":"A"}],"listNodes":[{"id":"list-first","text":"A","rect":{"x":0,"y":230,"width":30,"height":10}}],"profile":2,"packFontWidth":16,"usernameRect":{"x":12,"y":57,"width":196,"height":20},"passwordRect":{"x":12,"y":96,"width":196,"height":20},"submitRect":{"x":12,"y":124,"width":92,"height":20}}
[0710月2026 02:35:39.293] [NekoJS-Log-Flusher/INFO] [NekoJS/]: [client] [ticket48-auto] {"stage":"sample","ticks":17500,"elapsedMs":874496,"statistics":{"initialBuild":1,"layout":9,"reconcile":0,"resize":1,"paint":22408,"diagnostics":0,"cleanup":0},"disposed":false,"username":"","passwordLength":0,"error":"","submitting":false,"lastSubmitted":"","renderFault":false,"recoveryCount":0,"listValues":[{"id":"first","text":"A"}],"listNodes":[{"id":"list-first","text":"A","rect":{"x":0,"y":230,"width":30,"height":10}}],"profile":2,"packFontWidth":16,"usernameRect":{"x":12,"y":57,"width":196,"height":20},"passwordRect":{"x":12,"y":96,"width":196,"height":20},"submitRect":{"x":12,"y":124,"width":92,"height":20}}
[0710月2026 02:35:44.294] [NekoJS-Log-Flusher/INFO] [NekoJS/]: [client] [ticket48-auto] {"stage":"sample","ticks":17600,"elapsedMs":879497,"statistics":{"initialBuild":1,"layout":9,"reconcile":0,"resize":1,"paint":22706,"diagnostics":0,"cleanup":0},"disposed":false,"username":"","passwordLength":0,"error":"","submitting":false,"lastSubmitted":"","renderFault":false,"recoveryCount":0,"listValues":[{"id":"first","text":"A"}],"listNodes":[{"id":"list-first","text":"A","rect":{"x":0,"y":230,"width":30,"height":10}}],"profile":2,"packFontWidth":16,"usernameRect":{"x":12,"y":57,"width":196,"height":20},"passwordRect":{"x":12,"y":96,"width":196,"height":20},"submitRect":{"x":12,"y":124,"width":92,"height":20}}
[0710月2026 02:35:49.295] [NekoJS-Log-Flusher/INFO] [NekoJS/]: [client] [ticket48-auto] {"stage":"sample","ticks":17700,"elapsedMs":884491,"statistics":{"initialBuild":1,"layout":9,"reconcile":0,"resize":1,"paint":23004,"diagnostics":0,"cleanup":0},"disposed":false,"username":"","passwordLength":0,"error":"","submitting":false,"lastSubmitted":"","renderFault":false,"recoveryCount":0,"listValues":[{"id":"first","text":"A"}],"listNodes":[{"id":"list-first","text":"A","rect":{"x":0,"y":230,"width":30,"height":10}}],"profile":2,"packFontWidth":16,"usernameRect":{"x":12,"y":57,"width":196,"height":20},"passwordRect":{"x":12,"y":96,"width":196,"height":20},"submitRect":{"x":12,"y":124,"width":92,"height":20}}
[0710月2026 02:35:54.294] [NekoJS-Log-Flusher/INFO] [NekoJS/]: [client] [ticket48-auto] {"stage":"sample","ticks":17800,"elapsedMs":889486,"statistics":{"initialBuild":1,"layout":9,"reconcile":0,"resize":1,"paint":23302,"diagnostics":0,"cleanup":0},"disposed":false,"username":"","passwordLength":0,"error":"","submitting":false,"lastSubmitted":"","renderFault":false,"recoveryCount":0,"listValues":[{"id":"first","text":"A"}],"listNodes":[{"id":"list-first","text":"A","rect":{"x":0,"y":230,"width":30,"height":10}}],"profile":2,"packFontWidth":16,"usernameRect":{"x":12,"y":57,"width":196,"height":20},"passwordRect":{"x":12,"y":96,"width":196,"height":20},"submitRect":{"x":12,"y":124,"width":92,"height":20}}
[0710月2026 02:35:59.294] [NekoJS-Log-Flusher/INFO] [NekoJS/]: [client] [ticket48-auto] {"stage":"sample","ticks":17900,"elapsedMs":894492,"statistics":{"initialBuild":1,"layout":9,"reconcile":0,"resize":1,"paint":23601,"diagnostics":0,"cleanup":0},"disposed":false,"username":"","passwordLength":0,"error":"","submitting":false,"lastSubmitted":"","renderFault":false,"recoveryCount":0,"listValues":[{"id":"first","text":"A"}],"listNodes":[{"id":"list-first","text":"A","rect":{"x":0,"y":230,"width":30,"height":10}}],"profile":2,"packFontWidth":16,"usernameRect":{"x":12,"y":57,"width":196,"height":20},"passwordRect":{"x":12,"y":96,"width":196,"height":20},"submitRect":{"x":12,"y":124,"width":92,"height":20}}
[0710月2026 02:36:04.295] [NekoJS-Log-Flusher/INFO] [NekoJS/]: [client] [ticket48-auto] {"stage":"sample","ticks":18000,"elapsedMs":899484,"statistics":{"initialBuild":1,"layout":9,"reconcile":0,"resize":1,"paint":23899,"diagnostics":0,"cleanup":0},"disposed":false,"username":"","passwordLength":0,"error":"","submitting":false,"lastSubmitted":"","renderFault":false,"recoveryCount":0,"listValues":[{"id":"first","text":"A"}],"listNodes":[{"id":"list-first","text":"A","rect":{"x":0,"y":230,"width":30,"height":10}}],"profile":2,"packFontWidth":16,"usernameRect":{"x":12,"y":57,"width":196,"height":20},"passwordRect":{"x":12,"y":96,"width":196,"height":20},"submitRect":{"x":12,"y":124,"width":92,"height":20}}
[0710月2026 02:36:09.294] [NekoJS-Log-Flusher/INFO] [NekoJS/]: [client] [ticket48-auto] {"stage":"sample","ticks":18100,"elapsedMs":904496,"statistics":{"initialBuild":1,"layout":9,"reconcile":0,"resize":1,"paint":24198,"diagnostics":0,"cleanup":0},"disposed":false,"username":"","passwordLength":0,"error":"","submitting":false,"lastSubmitted":"","renderFault":false,"recoveryCount":0,"listValues":[{"id":"first","text":"A"}],"listNodes":[{"id":"list-first","text":"A","rect":{"x":0,"y":230,"width":30,"height":10}}],"profile":2,"packFontWidth":16,"usernameRect":{"x":12,"y":57,"width":196,"height":20},"passwordRect":{"x":12,"y":96,"width":196,"height":20},"submitRect":{"x":12,"y":124,"width":92,"height":20}}
[0710月2026 02:36:14.295] [NekoJS-Log-Flusher/INFO] [NekoJS/]: [client] [ticket48-auto] {"stage":"sample","ticks":18200,"elapsedMs":909491,"statistics":{"initialBuild":1,"layout":9,"reconcile":0,"resize":1,"paint":24496,"diagnostics":0,"cleanup":0},"disposed":false,"username":"","passwordLength":0,"error":"","submitting":false,"lastSubmitted":"","renderFault":false,"recoveryCount":0,"listValues":[{"id":"first","text":"A"}],"listNodes":[{"id":"list-first","text":"A","rect":{"x":0,"y":230,"width":30,"height":10}}],"profile":2,"packFontWidth":16,"usernameRect":{"x":12,"y":57,"width":196,"height":20},"passwordRect":{"x":12,"y":96,"width":196,"height":20},"submitRect":{"x":12,"y":124,"width":92,"height":20}}
[0710月2026 02:36:19.295] [NekoJS-Log-Flusher/INFO] [NekoJS/]: [client] [ticket48-auto] {"stage":"sample","ticks":18300,"elapsedMs":914495,"statistics":{"initialBuild":1,"layout":9,"reconcile":0,"resize":1,"paint":24795,"diagnostics":0,"cleanup":0},"disposed":false,"username":"","passwordLength":0,"error":"","submitting":false,"lastSubmitted":"","renderFault":false,"recoveryCount":0,"listValues":[{"id":"first","text":"A"}],"listNodes":[{"id":"list-first","text":"A","rect":{"x":0,"y":230,"width":30,"height":10}}],"profile":2,"packFontWidth":16,"usernameRect":{"x":12,"y":57,"width":196,"height":20},"passwordRect":{"x":12,"y":96,"width":196,"height":20},"submitRect":{"x":12,"y":124,"width":92,"height":20}}
[0710月2026 02:36:24.294] [NekoJS-Log-Flusher/INFO] [NekoJS/]: [client] [ticket48-auto] {"stage":"sample","ticks":18400,"elapsedMs":919487,"statistics":{"initialBuild":1,"layout":9,"reconcile":0,"resize":1,"paint":25093,"diagnostics":0,"cleanup":0},"disposed":false,"username":"","passwordLength":0,"error":"","submitting":false,"lastSubmitted":"","renderFault":false,"recoveryCount":0,"listValues":[{"id":"first","text":"A"}],"listNodes":[{"id":"list-first","text":"A","rect":{"x":0,"y":230,"width":30,"height":10}}],"profile":2,"packFontWidth":16,"usernameRect":{"x":12,"y":57,"width":196,"height":20},"passwordRect":{"x":12,"y":96,"width":196,"height":20},"submitRect":{"x":12,"y":124,"width":92,"height":20}}
[0710月2026 02:36:29.294] [NekoJS-Log-Flusher/INFO] [NekoJS/]: [client] [ticket48-auto] {"stage":"sample","ticks":18500,"elapsedMs":924485,"statistics":{"initialBuild":1,"layout":9,"reconcile":0,"resize":1,"paint":25391,"diagnostics":0,"cleanup":0},"disposed":false,"username":"","passwordLength":0,"error":"","submitting":false,"lastSubmitted":"","renderFault":false,"recoveryCount":0,"listValues":[{"id":"first","text":"A"}],"listNodes":[{"id":"list-first","text":"A","rect":{"x":0,"y":230,"width":30,"height":10}}],"profile":2,"packFontWidth":16,"usernameRect":{"x":12,"y":57,"width":196,"height":20},"passwordRect":{"x":12,"y":96,"width":196,"height":20},"submitRect":{"x":12,"y":124,"width":92,"height":20}}
[0710月2026 02:36:34.295] [NekoJS-Log-Flusher/INFO] [NekoJS/]: [client] [ticket48-auto] {"stage":"sample","ticks":18600,"elapsedMs":929510,"statistics":{"initialBuild":1,"layout":9,"reconcile":0,"resize":1,"paint":25626,"diagnostics":0,"cleanup":0},"disposed":false,"username":"","passwordLength":0,"error":"","submitting":false,"lastSubmitted":"","renderFault":false,"recoveryCount":0,"listValues":[{"id":"first","text":"A"}],"listNodes":[{"id":"list-first","text":"A","rect":{"x":0,"y":230,"width":30,"height":10}}],"profile":2,"packFontWidth":16,"usernameRect":{"x":12,"y":57,"width":196,"height":20},"passwordRect":{"x":12,"y":96,"width":196,"height":20},"submitRect":{"x":12,"y":124,"width":92,"height":20}}
[0710月2026 02:36:39.294] [NekoJS-Log-Flusher/INFO] [NekoJS/]: [client] [ticket48-auto] {"stage":"sample","ticks":18700,"elapsedMs":934490,"statistics":{"initialBuild":1,"layout":9,"reconcile":0,"resize":1,"paint":25775,"diagnostics":0,"cleanup":0},"disposed":false,"username":"","passwordLength":0,"error":"","submitting":false,"lastSubmitted":"","renderFault":false,"recoveryCount":0,"listValues":[{"id":"first","text":"A"}],"listNodes":[{"id":"list-first","text":"A","rect":{"x":0,"y":230,"width":30,"height":10}}],"profile":2,"packFontWidth":16,"usernameRect":{"x":12,"y":57,"width":196,"height":20},"passwordRect":{"x":12,"y":96,"width":196,"height":20},"submitRect":{"x":12,"y":124,"width":92,"height":20}}
[0710月2026 02:36:44.295] [NekoJS-Log-Flusher/INFO] [NekoJS/]: [client] [ticket48-auto] {"stage":"sample","ticks":18800,"elapsedMs":939501,"statistics":{"initialBuild":1,"layout":9,"reconcile":0,"resize":1,"paint":25925,"diagnostics":0,"cleanup":0},"disposed":false,"username":"","passwordLength":0,"error":"","submitting":false,"lastSubmitted":"","renderFault":false,"recoveryCount":0,"listValues":[{"id":"first","text":"A"}],"listNodes":[{"id":"list-first","text":"A","rect":{"x":0,"y":230,"width":30,"height":10}}],"profile":2,"packFontWidth":16,"usernameRect":{"x":12,"y":57,"width":196,"height":20},"passwordRect":{"x":12,"y":96,"width":196,"height":20},"submitRect":{"x":12,"y":124,"width":92,"height":20}}
[0710月2026 02:36:49.294] [NekoJS-Log-Flusher/INFO] [NekoJS/]: [client] [ticket48-auto] {"stage":"sample","ticks":18900,"elapsedMs":944484,"statistics":{"initialBuild":1,"layout":9,"reconcile":0,"resize":1,"paint":26074,"diagnostics":0,"cleanup":0},"disposed":false,"username":"","passwordLength":0,"error":"","submitting":false,"lastSubmitted":"","renderFault":false,"recoveryCount":0,"listValues":[{"id":"first","text":"A"}],"listNodes":[{"id":"list-first","text":"A","rect":{"x":0,"y":230,"width":30,"height":10}}],"profile":2,"packFontWidth":16,"usernameRect":{"x":12,"y":57,"width":196,"height":20},"passwordRect":{"x":12,"y":96,"width":196,"height":20},"submitRect":{"x":12,"y":124,"width":92,"height":20}}
[0710月2026 02:36:54.295] [NekoJS-Log-Flusher/INFO] [NekoJS/]: [client] [ticket48-auto] {"stage":"sample","ticks":19000,"elapsedMs":949494,"statistics":{"initialBuild":1,"layout":9,"reconcile":0,"resize":1,"paint":26224,"diagnostics":0,"cleanup":0},"disposed":false,"username":"","passwordLength":0,"error":"","submitting":false,"lastSubmitted":"","renderFault":false,"recoveryCount":0,"listValues":[{"id":"first","text":"A"}],"listNodes":[{"id":"list-first","text":"A","rect":{"x":0,"y":230,"width":30,"height":10}}],"profile":2,"packFontWidth":16,"usernameRect":{"x":12,"y":57,"width":196,"height":20},"passwordRect":{"x":12,"y":96,"width":196,"height":20},"submitRect":{"x":12,"y":124,"width":92,"height":20}}
[0710月2026 02:36:59.294] [NekoJS-Log-Flusher/INFO] [NekoJS/]: [client] [ticket48-auto] {"stage":"sample","ticks":19100,"elapsedMs":954507,"statistics":{"initialBuild":1,"layout":9,"reconcile":0,"resize":1,"paint":26374,"diagnostics":0,"cleanup":0},"disposed":false,"username":"","passwordLength":0,"error":"","submitting":false,"lastSubmitted":"","renderFault":false,"recoveryCount":0,"listValues":[{"id":"first","text":"A"}],"listNodes":[{"id":"list-first","text":"A","rect":{"x":0,"y":230,"width":30,"height":10}}],"profile":2,"packFontWidth":16,"usernameRect":{"x":12,"y":57,"width":196,"height":20},"passwordRect":{"x":12,"y":96,"width":196,"height":20},"submitRect":{"x":12,"y":124,"width":92,"height":20}}
[0710月2026 02:37:04.294] [NekoJS-Log-Flusher/INFO] [NekoJS/]: [client] [ticket48-auto] {"stage":"sample","ticks":19200,"elapsedMs":959488,"statistics":{"initialBuild":1,"layout":9,"reconcile":0,"resize":1,"paint":26523,"diagnostics":0,"cleanup":0},"disposed":false,"username":"","passwordLength":0,"error":"","submitting":false,"lastSubmitted":"","renderFault":false,"recoveryCount":0,"listValues":[{"id":"first","text":"A"}],"listNodes":[{"id":"list-first","text":"A","rect":{"x":0,"y":230,"width":30,"height":10}}],"profile":2,"packFontWidth":16,"usernameRect":{"x":12,"y":57,"width":196,"height":20},"passwordRect":{"x":12,"y":96,"width":196,"height":20},"submitRect":{"x":12,"y":124,"width":92,"height":20}}
[0710月2026 02:37:09.295] [NekoJS-Log-Flusher/INFO] [NekoJS/]: [client] [ticket48-auto] {"stage":"sample","ticks":19300,"elapsedMs":964497,"statistics":{"initialBuild":1,"layout":9,"reconcile":0,"resize":1,"paint":26673,"diagnostics":0,"cleanup":0},"disposed":false,"username":"","passwordLength":0,"error":"","submitting":false,"lastSubmitted":"","renderFault":false,"recoveryCount":0,"listValues":[{"id":"first","text":"A"}],"listNodes":[{"id":"list-first","text":"A","rect":{"x":0,"y":230,"width":30,"height":10}}],"profile":2,"packFontWidth":16,"usernameRect":{"x":12,"y":57,"width":196,"height":20},"passwordRect":{"x":12,"y":96,"width":196,"height":20},"submitRect":{"x":12,"y":124,"width":92,"height":20}}
[0710月2026 02:37:14.295] [NekoJS-Log-Flusher/INFO] [NekoJS/]: [client] [ticket48-auto] {"stage":"sample","ticks":19400,"elapsedMs":969507,"statistics":{"initialBuild":1,"layout":9,"reconcile":0,"resize":1,"paint":26823,"diagnostics":0,"cleanup":0},"disposed":false,"username":"","passwordLength":0,"error":"","submitting":false,"lastSubmitted":"","renderFault":false,"recoveryCount":0,"listValues":[{"id":"first","text":"A"}],"listNodes":[{"id":"list-first","text":"A","rect":{"x":0,"y":230,"width":30,"height":10}}],"profile":2,"packFontWidth":16,"usernameRect":{"x":12,"y":57,"width":196,"height":20},"passwordRect":{"x":12,"y":96,"width":196,"height":20},"submitRect":{"x":12,"y":124,"width":92,"height":20}}
[0710月2026 02:37:19.294] [NekoJS-Log-Flusher/INFO] [NekoJS/]: [client] [ticket48-auto] {"stage":"sample","ticks":19500,"elapsedMs":974492,"statistics":{"initialBuild":1,"layout":9,"reconcile":0,"resize":1,"paint":26972,"diagnostics":0,"cleanup":0},"disposed":false,"username":"","passwordLength":0,"error":"","submitting":false,"lastSubmitted":"","renderFault":false,"recoveryCount":0,"listValues":[{"id":"first","text":"A"}],"listNodes":[{"id":"list-first","text":"A","rect":{"x":0,"y":230,"width":30,"height":10}}],"profile":2,"packFontWidth":16,"usernameRect":{"x":12,"y":57,"width":196,"height":20},"passwordRect":{"x":12,"y":96,"width":196,"height":20},"submitRect":{"x":12,"y":124,"width":92,"height":20}}
[0710月2026 02:37:24.294] [NekoJS-Log-Flusher/INFO] [NekoJS/]: [client] [ticket48-auto] {"stage":"sample","ticks":19600,"elapsedMs":979500,"statistics":{"initialBuild":1,"layout":9,"reconcile":0,"resize":1,"paint":27122,"diagnostics":0,"cleanup":0},"disposed":false,"username":"","passwordLength":0,"error":"","submitting":false,"lastSubmitted":"","renderFault":false,"recoveryCount":0,"listValues":[{"id":"first","text":"A"}],"listNodes":[{"id":"list-first","text":"A","rect":{"x":0,"y":230,"width":30,"height":10}}],"profile":2,"packFontWidth":16,"usernameRect":{"x":12,"y":57,"width":196,"height":20},"passwordRect":{"x":12,"y":96,"width":196,"height":20},"submitRect":{"x":12,"y":124,"width":92,"height":20}}
[0710月2026 02:37:29.295] [NekoJS-Log-Flusher/INFO] [NekoJS/]: [client] [ticket48-auto] {"stage":"sample","ticks":19700,"elapsedMs":984513,"statistics":{"initialBuild":1,"layout":9,"reconcile":0,"resize":1,"paint":27272,"diagnostics":0,"cleanup":0},"disposed":false,"username":"","passwordLength":0,"error":"","submitting":false,"lastSubmitted":"","renderFault":false,"recoveryCount":0,"listValues":[{"id":"first","text":"A"}],"listNodes":[{"id":"list-first","text":"A","rect":{"x":0,"y":230,"width":30,"height":10}}],"profile":2,"packFontWidth":16,"usernameRect":{"x":12,"y":57,"width":196,"height":20},"passwordRect":{"x":12,"y":96,"width":196,"height":20},"submitRect":{"x":12,"y":124,"width":92,"height":20}}
[0710月2026 02:37:34.296] [NekoJS-Log-Flusher/INFO] [NekoJS/]: [client] [ticket48-auto] {"stage":"sample","ticks":19800,"elapsedMs":989493,"statistics":{"initialBuild":1,"layout":9,"reconcile":0,"resize":1,"paint":27421,"diagnostics":0,"cleanup":0},"disposed":false,"username":"","passwordLength":0,"error":"","submitting":false,"lastSubmitted":"","renderFault":false,"recoveryCount":0,"listValues":[{"id":"first","text":"A"}],"listNodes":[{"id":"list-first","text":"A","rect":{"x":0,"y":230,"width":30,"height":10}}],"profile":2,"packFontWidth":16,"usernameRect":{"x":12,"y":57,"width":196,"height":20},"passwordRect":{"x":12,"y":96,"width":196,"height":20},"submitRect":{"x":12,"y":124,"width":92,"height":20}}
[0710月2026 02:37:39.295] [NekoJS-Log-Flusher/INFO] [NekoJS/]: [client] [ticket48-auto] {"stage":"sample","ticks":19900,"elapsedMs":994506,"statistics":{"initialBuild":1,"layout":9,"reconcile":0,"resize":1,"paint":27571,"diagnostics":0,"cleanup":0},"disposed":false,"username":"","passwordLength":0,"error":"","submitting":false,"lastSubmitted":"","renderFault":false,"recoveryCount":0,"listValues":[{"id":"first","text":"A"}],"listNodes":[{"id":"list-first","text":"A","rect":{"x":0,"y":230,"width":30,"height":10}}],"profile":2,"packFontWidth":16,"usernameRect":{"x":12,"y":57,"width":196,"height":20},"passwordRect":{"x":12,"y":96,"width":196,"height":20},"submitRect":{"x":12,"y":124,"width":92,"height":20}}
[0710月2026 02:37:44.294] [NekoJS-Log-Flusher/INFO] [NekoJS/]: [client] [ticket48-auto] {"stage":"sample","ticks":20000,"elapsedMs":999513,"statistics":{"initialBuild":1,"layout":9,"reconcile":0,"resize":1,"paint":27721,"diagnostics":0,"cleanup":0},"disposed":false,"username":"","passwordLength":0,"error":"","submitting":false,"lastSubmitted":"","renderFault":false,"recoveryCount":0,"listValues":[{"id":"first","text":"A"}],"listNodes":[{"id":"list-first","text":"A","rect":{"x":0,"y":230,"width":30,"height":10}}],"profile":2,"packFontWidth":16,"usernameRect":{"x":12,"y":57,"width":196,"height":20},"passwordRect":{"x":12,"y":96,"width":196,"height":20},"submitRect":{"x":12,"y":124,"width":92,"height":20}}
[0710月2026 02:37:49.295] [NekoJS-Log-Flusher/INFO] [NekoJS/]: [client] [ticket48-auto] {"stage":"sample","ticks":20100,"elapsedMs":1004491,"statistics":{"initialBuild":1,"layout":9,"reconcile":0,"resize":1,"paint":27870,"diagnostics":0,"cleanup":0},"disposed":false,"username":"","passwordLength":0,"error":"","submitting":false,"lastSubmitted":"","renderFault":false,"recoveryCount":0,"listValues":[{"id":"first","text":"A"}],"listNodes":[{"id":"list-first","text":"A","rect":{"x":0,"y":230,"width":30,"height":10}}],"profile":2,"packFontWidth":16,"usernameRect":{"x":12,"y":57,"width":196,"height":20},"passwordRect":{"x":12,"y":96,"width":196,"height":20},"submitRect":{"x":12,"y":124,"width":92,"height":20}}
[0710月2026 02:37:54.295] [NekoJS-Log-Flusher/INFO] [NekoJS/]: [client] [ticket48-auto] {"stage":"sample","ticks":20200,"elapsedMs":1009504,"statistics":{"initialBuild":1,"layout":9,"reconcile":0,"resize":1,"paint":28020,"diagnostics":0,"cleanup":0},"disposed":false,"username":"","passwordLength":0,"error":"","submitting":false,"lastSubmitted":"","renderFault":false,"recoveryCount":0,"listValues":[{"id":"first","text":"A"}],"listNodes":[{"id":"list-first","text":"A","rect":{"x":0,"y":230,"width":30,"height":10}}],"profile":2,"packFontWidth":16,"usernameRect":{"x":12,"y":57,"width":196,"height":20},"passwordRect":{"x":12,"y":96,"width":196,"height":20},"submitRect":{"x":12,"y":124,"width":92,"height":20}}
[0710月2026 02:37:59.295] [NekoJS-Log-Flusher/INFO] [NekoJS/]: [client] [ticket48-auto] {"stage":"sample","ticks":20300,"elapsedMs":1014484,"statistics":{"initialBuild":1,"layout":9,"reconcile":0,"resize":1,"paint":28169,"diagnostics":0,"cleanup":0},"disposed":false,"username":"","passwordLength":0,"error":"","submitting":false,"lastSubmitted":"","renderFault":false,"recoveryCount":0,"listValues":[{"id":"first","text":"A"}],"listNodes":[{"id":"list-first","text":"A","rect":{"x":0,"y":230,"width":30,"height":10}}],"profile":2,"packFontWidth":16,"usernameRect":{"x":12,"y":57,"width":196,"height":20},"passwordRect":{"x":12,"y":96,"width":196,"height":20},"submitRect":{"x":12,"y":124,"width":92,"height":20}}
[0710月2026 02:38:04.295] [NekoJS-Log-Flusher/INFO] [NekoJS/]: [client] [ticket48-auto] {"stage":"sample","ticks":20400,"elapsedMs":1019495,"statistics":{"initialBuild":1,"layout":9,"reconcile":0,"resize":1,"paint":28319,"diagnostics":0,"cleanup":0},"disposed":false,"username":"","passwordLength":0,"error":"","submitting":false,"lastSubmitted":"","renderFault":false,"recoveryCount":0,"listValues":[{"id":"first","text":"A"}],"listNodes":[{"id":"list-first","text":"A","rect":{"x":0,"y":230,"width":30,"height":10}}],"profile":2,"packFontWidth":16,"usernameRect":{"x":12,"y":57,"width":196,"height":20},"passwordRect":{"x":12,"y":96,"width":196,"height":20},"submitRect":{"x":12,"y":124,"width":92,"height":20}}
[0710月2026 02:38:09.295] [NekoJS-Log-Flusher/INFO] [NekoJS/]: [client] [ticket48-auto] {"stage":"sample","ticks":20500,"elapsedMs":1024509,"statistics":{"initialBuild":1,"layout":9,"reconcile":0,"resize":1,"paint":28469,"diagnostics":0,"cleanup":0},"disposed":false,"username":"","passwordLength":0,"error":"","submitting":false,"lastSubmitted":"","renderFault":false,"recoveryCount":0,"listValues":[{"id":"first","text":"A"}],"listNodes":[{"id":"list-first","text":"A","rect":{"x":0,"y":230,"width":30,"height":10}}],"profile":2,"packFontWidth":16,"usernameRect":{"x":12,"y":57,"width":196,"height":20},"passwordRect":{"x":12,"y":96,"width":196,"height":20},"submitRect":{"x":12,"y":124,"width":92,"height":20}}
[0710月2026 02:38:14.294] [NekoJS-Log-Flusher/INFO] [NekoJS/]: [client] [ticket48-auto] {"stage":"sample","ticks":20600,"elapsedMs":1029489,"statistics":{"initialBuild":1,"layout":9,"reconcile":0,"resize":1,"paint":28618,"diagnostics":0,"cleanup":0},"disposed":false,"username":"","passwordLength":0,"error":"","submitting":false,"lastSubmitted":"","renderFault":false,"recoveryCount":0,"listValues":[{"id":"first","text":"A"}],"listNodes":[{"id":"list-first","text":"A","rect":{"x":0,"y":230,"width":30,"height":10}}],"profile":2,"packFontWidth":16,"usernameRect":{"x":12,"y":57,"width":196,"height":20},"passwordRect":{"x":12,"y":96,"width":196,"height":20},"submitRect":{"x":12,"y":124,"width":92,"height":20}}
[0710月2026 02:38:19.295] [NekoJS-Log-Flusher/INFO] [NekoJS/]: [client] [ticket48-auto] {"stage":"sample","ticks":20700,"elapsedMs":1034501,"statistics":{"initialBuild":1,"layout":9,"reconcile":0,"resize":1,"paint":28768,"diagnostics":0,"cleanup":0},"disposed":false,"username":"","passwordLength":0,"error":"","submitting":false,"lastSubmitted":"","renderFault":false,"recoveryCount":0,"listValues":[{"id":"first","text":"A"}],"listNodes":[{"id":"list-first","text":"A","rect":{"x":0,"y":230,"width":30,"height":10}}],"profile":2,"packFontWidth":16,"usernameRect":{"x":12,"y":57,"width":196,"height":20},"passwordRect":{"x":12,"y":96,"width":196,"height":20},"submitRect":{"x":12,"y":124,"width":92,"height":20}}
[0710月2026 02:38:24.295] [NekoJS-Log-Flusher/INFO] [NekoJS/]: [client] [ticket48-auto] {"stage":"sample","ticks":20800,"elapsedMs":1039511,"statistics":{"initialBuild":1,"layout":9,"reconcile":0,"resize":1,"paint":28918,"diagnostics":0,"cleanup":0},"disposed":false,"username":"","passwordLength":0,"error":"","submitting":false,"lastSubmitted":"","renderFault":false,"recoveryCount":0,"listValues":[{"id":"first","text":"A"}],"listNodes":[{"id":"list-first","text":"A","rect":{"x":0,"y":230,"width":30,"height":10}}],"profile":2,"packFontWidth":16,"usernameRect":{"x":12,"y":57,"width":196,"height":20},"passwordRect":{"x":12,"y":96,"width":196,"height":20},"submitRect":{"x":12,"y":124,"width":92,"height":20}}
[0710月2026 02:38:29.295] [NekoJS-Log-Flusher/INFO] [NekoJS/]: [client] [ticket48-auto] {"stage":"sample","ticks":20900,"elapsedMs":1044488,"statistics":{"initialBuild":1,"layout":9,"reconcile":0,"resize":1,"paint":29067,"diagnostics":0,"cleanup":0},"disposed":false,"username":"","passwordLength":0,"error":"","submitting":false,"lastSubmitted":"","renderFault":false,"recoveryCount":0,"listValues":[{"id":"first","text":"A"}],"listNodes":[{"id":"list-first","text":"A","rect":{"x":0,"y":230,"width":30,"height":10}}],"profile":2,"packFontWidth":16,"usernameRect":{"x":12,"y":57,"width":196,"height":20},"passwordRect":{"x":12,"y":96,"width":196,"height":20},"submitRect":{"x":12,"y":124,"width":92,"height":20}}
[0710月2026 02:38:34.294] [NekoJS-Log-Flusher/INFO] [NekoJS/]: [client] [ticket48-auto] {"stage":"sample","ticks":21000,"elapsedMs":1049501,"statistics":{"initialBuild":1,"layout":9,"reconcile":0,"resize":1,"paint":29217,"diagnostics":0,"cleanup":0},"disposed":false,"username":"","passwordLength":0,"error":"","submitting":false,"lastSubmitted":"","renderFault":false,"recoveryCount":0,"listValues":[{"id":"first","text":"A"}],"listNodes":[{"id":"list-first","text":"A","rect":{"x":0,"y":230,"width":30,"height":10}}],"profile":2,"packFontWidth":16,"usernameRect":{"x":12,"y":57,"width":196,"height":20},"passwordRect":{"x":12,"y":96,"width":196,"height":20},"submitRect":{"x":12,"y":124,"width":92,"height":20}}
[0710月2026 02:38:39.294] [NekoJS-Log-Flusher/INFO] [NekoJS/]: [client] [ticket48-auto] {"stage":"sample","ticks":21100,"elapsedMs":1054486,"statistics":{"initialBuild":1,"layout":9,"reconcile":0,"resize":1,"paint":29366,"diagnostics":0,"cleanup":0},"disposed":false,"username":"","passwordLength":0,"error":"","submitting":false,"lastSubmitted":"","renderFault":false,"recoveryCount":0,"listValues":[{"id":"first","text":"A"}],"listNodes":[{"id":"list-first","text":"A","rect":{"x":0,"y":230,"width":30,"height":10}}],"profile":2,"packFontWidth":16,"usernameRect":{"x":12,"y":57,"width":196,"height":20},"passwordRect":{"x":12,"y":96,"width":196,"height":20},"submitRect":{"x":12,"y":124,"width":92,"height":20}}
[0710月2026 02:38:44.294] [NekoJS-Log-Flusher/INFO] [NekoJS/]: [client] [ticket48-auto] {"stage":"sample","ticks":21200,"elapsedMs":1059499,"statistics":{"initialBuild":1,"layout":9,"reconcile":0,"resize":1,"paint":29516,"diagnostics":0,"cleanup":0},"disposed":false,"username":"","passwordLength":0,"error":"","submitting":false,"lastSubmitted":"","renderFault":false,"recoveryCount":0,"listValues":[{"id":"first","text":"A"}],"listNodes":[{"id":"list-first","text":"A","rect":{"x":0,"y":230,"width":30,"height":10}}],"profile":2,"packFontWidth":16,"usernameRect":{"x":12,"y":57,"width":196,"height":20},"passwordRect":{"x":12,"y":96,"width":196,"height":20},"submitRect":{"x":12,"y":124,"width":92,"height":20}}
[0710月2026 02:38:49.296] [NekoJS-Log-Flusher/INFO] [NekoJS/]: [client] [ticket48-auto] {"stage":"sample","ticks":21300,"elapsedMs":1064511,"statistics":{"initialBuild":1,"layout":9,"reconcile":0,"resize":1,"paint":29666,"diagnostics":0,"cleanup":0},"disposed":false,"username":"","passwordLength":0,"error":"","submitting":false,"lastSubmitted":"","renderFault":false,"recoveryCount":0,"listValues":[{"id":"first","text":"A"}],"listNodes":[{"id":"list-first","text":"A","rect":{"x":0,"y":230,"width":30,"height":10}}],"profile":2,"packFontWidth":16,"usernameRect":{"x":12,"y":57,"width":196,"height":20},"passwordRect":{"x":12,"y":96,"width":196,"height":20},"submitRect":{"x":12,"y":124,"width":92,"height":20}}
[0710月2026 02:38:54.295] [NekoJS-Log-Flusher/INFO] [NekoJS/]: [client] [ticket48-auto] {"stage":"sample","ticks":21400,"elapsedMs":1069491,"statistics":{"initialBuild":1,"layout":9,"reconcile":0,"resize":1,"paint":29815,"diagnostics":0,"cleanup":0},"disposed":false,"username":"","passwordLength":0,"error":"","submitting":false,"lastSubmitted":"","renderFault":false,"recoveryCount":0,"listValues":[{"id":"first","text":"A"}],"listNodes":[{"id":"list-first","text":"A","rect":{"x":0,"y":230,"width":30,"height":10}}],"profile":2,"packFontWidth":16,"usernameRect":{"x":12,"y":57,"width":196,"height":20},"passwordRect":{"x":12,"y":96,"width":196,"height":20},"submitRect":{"x":12,"y":124,"width":92,"height":20}}
[0710月2026 02:38:59.295] [NekoJS-Log-Flusher/INFO] [NekoJS/]: [client] [ticket48-auto] {"stage":"sample","ticks":21500,"elapsedMs":1074505,"statistics":{"initialBuild":1,"layout":9,"reconcile":0,"resize":1,"paint":29965,"diagnostics":0,"cleanup":0},"disposed":false,"username":"","passwordLength":0,"error":"","submitting":false,"lastSubmitted":"","renderFault":false,"recoveryCount":0,"listValues":[{"id":"first","text":"A"}],"listNodes":[{"id":"list-first","text":"A","rect":{"x":0,"y":230,"width":30,"height":10}}],"profile":2,"packFontWidth":16,"usernameRect":{"x":12,"y":57,"width":196,"height":20},"passwordRect":{"x":12,"y":96,"width":196,"height":20},"submitRect":{"x":12,"y":124,"width":92,"height":20}}
[0710月2026 02:39:04.296] [NekoJS-Log-Flusher/INFO] [NekoJS/]: [client] [ticket48-auto] {"stage":"sample","ticks":21600,"elapsedMs":1079516,"statistics":{"initialBuild":1,"layout":9,"reconcile":0,"resize":1,"paint":30115,"diagnostics":0,"cleanup":0},"disposed":false,"username":"","passwordLength":0,"error":"","submitting":false,"lastSubmitted":"","renderFault":false,"recoveryCount":0,"listValues":[{"id":"first","text":"A"}],"listNodes":[{"id":"list-first","text":"A","rect":{"x":0,"y":230,"width":30,"height":10}}],"profile":2,"packFontWidth":16,"usernameRect":{"x":12,"y":57,"width":196,"height":20},"passwordRect":{"x":12,"y":96,"width":196,"height":20},"submitRect":{"x":12,"y":124,"width":92,"height":20}}
[0710月2026 02:39:09.295] [NekoJS-Log-Flusher/INFO] [NekoJS/]: [client] [ticket48-auto] {"stage":"sample","ticks":21700,"elapsedMs":1084497,"statistics":{"initialBuild":1,"layout":9,"reconcile":0,"resize":1,"paint":30264,"diagnostics":0,"cleanup":0},"disposed":false,"username":"","passwordLength":0,"error":"","submitting":false,"lastSubmitted":"","renderFault":false,"recoveryCount":0,"listValues":[{"id":"first","text":"A"}],"listNodes":[{"id":"list-first","text":"A","rect":{"x":0,"y":230,"width":30,"height":10}}],"profile":2,"packFontWidth":16,"usernameRect":{"x":12,"y":57,"width":196,"height":20},"passwordRect":{"x":12,"y":96,"width":196,"height":20},"submitRect":{"x":12,"y":124,"width":92,"height":20}}
[0710月2026 02:39:14.295] [NekoJS-Log-Flusher/INFO] [NekoJS/]: [client] [ticket48-auto] {"stage":"sample","ticks":21800,"elapsedMs":1089512,"statistics":{"initialBuild":1,"layout":9,"reconcile":0,"resize":1,"paint":30414,"diagnostics":0,"cleanup":0},"disposed":false,"username":"","passwordLength":0,"error":"","submitting":false,"lastSubmitted":"","renderFault":false,"recoveryCount":0,"listValues":[{"id":"first","text":"A"}],"listNodes":[{"id":"list-first","text":"A","rect":{"x":0,"y":230,"width":30,"height":10}}],"profile":2,"packFontWidth":16,"usernameRect":{"x":12,"y":57,"width":196,"height":20},"passwordRect":{"x":12,"y":96,"width":196,"height":20},"submitRect":{"x":12,"y":124,"width":92,"height":20}}
[0710月2026 02:39:19.295] [NekoJS-Log-Flusher/INFO] [NekoJS/]: [client] [ticket48-auto] {"stage":"sample","ticks":21900,"elapsedMs":1094495,"statistics":{"initialBuild":1,"layout":9,"reconcile":0,"resize":1,"paint":30563,"diagnostics":0,"cleanup":0},"disposed":false,"username":"","passwordLength":0,"error":"","submitting":false,"lastSubmitted":"","renderFault":false,"recoveryCount":0,"listValues":[{"id":"first","text":"A"}],"listNodes":[{"id":"list-first","text":"A","rect":{"x":0,"y":230,"width":30,"height":10}}],"profile":2,"packFontWidth":16,"usernameRect":{"x":12,"y":57,"width":196,"height":20},"passwordRect":{"x":12,"y":96,"width":196,"height":20},"submitRect":{"x":12,"y":124,"width":92,"height":20}}
[0710月2026 02:39:24.296] [NekoJS-Log-Flusher/INFO] [NekoJS/]: [client] [ticket48-auto] {"stage":"sample","ticks":22000,"elapsedMs":1099508,"statistics":{"initialBuild":1,"layout":9,"reconcile":0,"resize":1,"paint":30713,"diagnostics":0,"cleanup":0},"disposed":false,"username":"","passwordLength":0,"error":"","submitting":false,"lastSubmitted":"","renderFault":false,"recoveryCount":0,"listValues":[{"id":"first","text":"A"}],"listNodes":[{"id":"list-first","text":"A","rect":{"x":0,"y":230,"width":30,"height":10}}],"profile":2,"packFontWidth":16,"usernameRect":{"x":12,"y":57,"width":196,"height":20},"passwordRect":{"x":12,"y":96,"width":196,"height":20},"submitRect":{"x":12,"y":124,"width":92,"height":20}}
[0710月2026 02:39:29.295] [NekoJS-Log-Flusher/INFO] [NekoJS/]: [client] [ticket48-auto] {"stage":"sample","ticks":22100,"elapsedMs":1104486,"statistics":{"initialBuild":1,"layout":9,"reconcile":0,"resize":1,"paint":30862,"diagnostics":0,"cleanup":0},"disposed":false,"username":"","passwordLength":0,"error":"","submitting":false,"lastSubmitted":"","renderFault":false,"recoveryCount":0,"listValues":[{"id":"first","text":"A"}],"listNodes":[{"id":"list-first","text":"A","rect":{"x":0,"y":230,"width":30,"height":10}}],"profile":2,"packFontWidth":16,"usernameRect":{"x":12,"y":57,"width":196,"height":20},"passwordRect":{"x":12,"y":96,"width":196,"height":20},"submitRect":{"x":12,"y":124,"width":92,"height":20}}
[0710月2026 02:39:34.296] [NekoJS-Log-Flusher/INFO] [NekoJS/]: [client] [ticket48-auto] {"stage":"sample","ticks":22200,"elapsedMs":1109496,"statistics":{"initialBuild":1,"layout":9,"reconcile":0,"resize":1,"paint":31012,"diagnostics":0,"cleanup":0},"disposed":false,"username":"","passwordLength":0,"error":"","submitting":false,"lastSubmitted":"","renderFault":false,"recoveryCount":0,"listValues":[{"id":"first","text":"A"}],"listNodes":[{"id":"list-first","text":"A","rect":{"x":0,"y":230,"width":30,"height":10}}],"profile":2,"packFontWidth":16,"usernameRect":{"x":12,"y":57,"width":196,"height":20},"passwordRect":{"x":12,"y":96,"width":196,"height":20},"submitRect":{"x":12,"y":124,"width":92,"height":20}}
[0710月2026 02:39:39.295] [NekoJS-Log-Flusher/INFO] [NekoJS/]: [client] [ticket48-auto] {"stage":"sample","ticks":22300,"elapsedMs":1114510,"statistics":{"initialBuild":1,"layout":9,"reconcile":0,"resize":1,"paint":31162,"diagnostics":0,"cleanup":0},"disposed":false,"username":"","passwordLength":0,"error":"","submitting":false,"lastSubmitted":"","renderFault":false,"recoveryCount":0,"listValues":[{"id":"first","text":"A"}],"listNodes":[{"id":"list-first","text":"A","rect":{"x":0,"y":230,"width":30,"height":10}}],"profile":2,"packFontWidth":16,"usernameRect":{"x":12,"y":57,"width":196,"height":20},"passwordRect":{"x":12,"y":96,"width":196,"height":20},"submitRect":{"x":12,"y":124,"width":92,"height":20}}
[0710月2026 02:39:44.295] [NekoJS-Log-Flusher/INFO] [NekoJS/]: [client] [ticket48-auto] {"stage":"sample","ticks":22400,"elapsedMs":1119488,"statistics":{"initialBuild":1,"layout":9,"reconcile":0,"resize":1,"paint":31311,"diagnostics":0,"cleanup":0},"disposed":false,"username":"","passwordLength":0,"error":"","submitting":false,"lastSubmitted":"","renderFault":false,"recoveryCount":0,"listValues":[{"id":"first","text":"A"}],"listNodes":[{"id":"list-first","text":"A","rect":{"x":0,"y":230,"width":30,"height":10}}],"profile":2,"packFontWidth":16,"usernameRect":{"x":12,"y":57,"width":196,"height":20},"passwordRect":{"x":12,"y":96,"width":196,"height":20},"submitRect":{"x":12,"y":124,"width":92,"height":20}}
[0710月2026 02:39:49.296] [NekoJS-Log-Flusher/INFO] [NekoJS/]: [client] [ticket48-auto] {"stage":"sample","ticks":22500,"elapsedMs":1124503,"statistics":{"initialBuild":1,"layout":9,"reconcile":0,"resize":1,"paint":31461,"diagnostics":0,"cleanup":0},"disposed":false,"username":"","passwordLength":0,"error":"","submitting":false,"lastSubmitted":"","renderFault":false,"recoveryCount":0,"listValues":[{"id":"first","text":"A"}],"listNodes":[{"id":"list-first","text":"A","rect":{"x":0,"y":230,"width":30,"height":10}}],"profile":2,"packFontWidth":16,"usernameRect":{"x":12,"y":57,"width":196,"height":20},"passwordRect":{"x":12,"y":96,"width":196,"height":20},"submitRect":{"x":12,"y":124,"width":92,"height":20}}
[0710月2026 02:39:54.295] [NekoJS-Log-Flusher/INFO] [NekoJS/]: [client] [ticket48-auto] {"stage":"sample","ticks":22600,"elapsedMs":1129512,"statistics":{"initialBuild":1,"layout":9,"reconcile":0,"resize":1,"paint":31611,"diagnostics":0,"cleanup":0},"disposed":false,"username":"","passwordLength":0,"error":"","submitting":false,"lastSubmitted":"","renderFault":false,"recoveryCount":0,"listValues":[{"id":"first","text":"A"}],"listNodes":[{"id":"list-first","text":"A","rect":{"x":0,"y":230,"width":30,"height":10}}],"profile":2,"packFontWidth":16,"usernameRect":{"x":12,"y":57,"width":196,"height":20},"passwordRect":{"x":12,"y":96,"width":196,"height":20},"submitRect":{"x":12,"y":124,"width":92,"height":20}}
[0710月2026 02:39:59.295] [NekoJS-Log-Flusher/INFO] [NekoJS/]: [client] [ticket48-auto] {"stage":"sample","ticks":22700,"elapsedMs":1134493,"statistics":{"initialBuild":1,"layout":9,"reconcile":0,"resize":1,"paint":31760,"diagnostics":0,"cleanup":0},"disposed":false,"username":"","passwordLength":0,"error":"","submitting":false,"lastSubmitted":"","renderFault":false,"recoveryCount":0,"listValues":[{"id":"first","text":"A"}],"listNodes":[{"id":"list-first","text":"A","rect":{"x":0,"y":230,"width":30,"height":10}}],"profile":2,"packFontWidth":16,"usernameRect":{"x":12,"y":57,"width":196,"height":20},"passwordRect":{"x":12,"y":96,"width":196,"height":20},"submitRect":{"x":12,"y":124,"width":92,"height":20}}
[0710月2026 02:40:04.297] [NekoJS-Log-Flusher/INFO] [NekoJS/]: [client] [ticket48-auto] {"stage":"sample","ticks":22800,"elapsedMs":1139504,"statistics":{"initialBuild":1,"layout":9,"reconcile":0,"resize":1,"paint":31910,"diagnostics":0,"cleanup":0},"disposed":false,"username":"","passwordLength":0,"error":"","submitting":false,"lastSubmitted":"","renderFault":false,"recoveryCount":0,"listValues":[{"id":"first","text":"A"}],"listNodes":[{"id":"list-first","text":"A","rect":{"x":0,"y":230,"width":30,"height":10}}],"profile":2,"packFontWidth":16,"usernameRect":{"x":12,"y":57,"width":196,"height":20},"passwordRect":{"x":12,"y":96,"width":196,"height":20},"submitRect":{"x":12,"y":124,"width":92,"height":20}}
[0710月2026 02:40:09.296] [NekoJS-Log-Flusher/INFO] [NekoJS/]: [client] [ticket48-auto] {"stage":"sample","ticks":22900,"elapsedMs":1144485,"statistics":{"initialBuild":1,"layout":9,"reconcile":0,"resize":1,"paint":32059,"diagnostics":0,"cleanup":0},"disposed":false,"username":"","passwordLength":0,"error":"","submitting":false,"lastSubmitted":"","renderFault":false,"recoveryCount":0,"listValues":[{"id":"first","text":"A"}],"listNodes":[{"id":"list-first","text":"A","rect":{"x":0,"y":230,"width":30,"height":10}}],"profile":2,"packFontWidth":16,"usernameRect":{"x":12,"y":57,"width":196,"height":20},"passwordRect":{"x":12,"y":96,"width":196,"height":20},"submitRect":{"x":12,"y":124,"width":92,"height":20}}
[0710月2026 02:40:14.296] [NekoJS-Log-Flusher/INFO] [NekoJS/]: [client] [ticket48-auto] {"stage":"sample","ticks":23000,"elapsedMs":1149497,"statistics":{"initialBuild":1,"layout":9,"reconcile":0,"resize":1,"paint":32209,"diagnostics":0,"cleanup":0},"disposed":false,"username":"","passwordLength":0,"error":"","submitting":false,"lastSubmitted":"","renderFault":false,"recoveryCount":0,"listValues":[{"id":"first","text":"A"}],"listNodes":[{"id":"list-first","text":"A","rect":{"x":0,"y":230,"width":30,"height":10}}],"profile":2,"packFontWidth":16,"usernameRect":{"x":12,"y":57,"width":196,"height":20},"passwordRect":{"x":12,"y":96,"width":196,"height":20},"submitRect":{"x":12,"y":124,"width":92,"height":20}}
[0710月2026 02:40:19.295] [NekoJS-Log-Flusher/INFO] [NekoJS/]: [client] [ticket48-auto] {"stage":"sample","ticks":23100,"elapsedMs":1154507,"statistics":{"initialBuild":1,"layout":9,"reconcile":0,"resize":1,"paint":32359,"diagnostics":0,"cleanup":0},"disposed":false,"username":"","passwordLength":0,"error":"","submitting":false,"lastSubmitted":"","renderFault":false,"recoveryCount":0,"listValues":[{"id":"first","text":"A"}],"listNodes":[{"id":"list-first","text":"A","rect":{"x":0,"y":230,"width":30,"height":10}}],"profile":2,"packFontWidth":16,"usernameRect":{"x":12,"y":57,"width":196,"height":20},"passwordRect":{"x":12,"y":96,"width":196,"height":20},"submitRect":{"x":12,"y":124,"width":92,"height":20}}
[0710月2026 02:40:24.297] [NekoJS-Log-Flusher/INFO] [NekoJS/]: [client] [ticket48-auto] {"stage":"sample","ticks":23200,"elapsedMs":1159486,"statistics":{"initialBuild":1,"layout":9,"reconcile":0,"resize":1,"paint":32508,"diagnostics":0,"cleanup":0},"disposed":false,"username":"","passwordLength":0,"error":"","submitting":false,"lastSubmitted":"","renderFault":false,"recoveryCount":0,"listValues":[{"id":"first","text":"A"}],"listNodes":[{"id":"list-first","text":"A","rect":{"x":0,"y":230,"width":30,"height":10}}],"profile":2,"packFontWidth":16,"usernameRect":{"x":12,"y":57,"width":196,"height":20},"passwordRect":{"x":12,"y":96,"width":196,"height":20},"submitRect":{"x":12,"y":124,"width":92,"height":20}}
[0710月2026 02:40:29.295] [NekoJS-Log-Flusher/INFO] [NekoJS/]: [client] [ticket48-auto] {"stage":"sample","ticks":23300,"elapsedMs":1164497,"statistics":{"initialBuild":1,"layout":9,"reconcile":0,"resize":1,"paint":32658,"diagnostics":0,"cleanup":0},"disposed":false,"username":"","passwordLength":0,"error":"","submitting":false,"lastSubmitted":"","renderFault":false,"recoveryCount":0,"listValues":[{"id":"first","text":"A"}],"listNodes":[{"id":"list-first","text":"A","rect":{"x":0,"y":230,"width":30,"height":10}}],"profile":2,"packFontWidth":16,"usernameRect":{"x":12,"y":57,"width":196,"height":20},"passwordRect":{"x":12,"y":96,"width":196,"height":20},"submitRect":{"x":12,"y":124,"width":92,"height":20}}
[0710月2026 02:40:34.296] [NekoJS-Log-Flusher/INFO] [NekoJS/]: [client] [ticket48-auto] {"stage":"sample","ticks":23400,"elapsedMs":1169510,"statistics":{"initialBuild":1,"layout":9,"reconcile":0,"resize":1,"paint":32808,"diagnostics":0,"cleanup":0},"disposed":false,"username":"","passwordLength":0,"error":"","submitting":false,"lastSubmitted":"","renderFault":false,"recoveryCount":0,"listValues":[{"id":"first","text":"A"}],"listNodes":[{"id":"list-first","text":"A","rect":{"x":0,"y":230,"width":30,"height":10}}],"profile":2,"packFontWidth":16,"usernameRect":{"x":12,"y":57,"width":196,"height":20},"passwordRect":{"x":12,"y":96,"width":196,"height":20},"submitRect":{"x":12,"y":124,"width":92,"height":20}}
[0710月2026 02:40:39.296] [NekoJS-Log-Flusher/INFO] [NekoJS/]: [client] [ticket48-auto] {"stage":"sample","ticks":23500,"elapsedMs":1174490,"statistics":{"initialBuild":1,"layout":9,"reconcile":0,"resize":1,"paint":32957,"diagnostics":0,"cleanup":0},"disposed":false,"username":"","passwordLength":0,"error":"","submitting":false,"lastSubmitted":"","renderFault":false,"recoveryCount":0,"listValues":[{"id":"first","text":"A"}],"listNodes":[{"id":"list-first","text":"A","rect":{"x":0,"y":230,"width":30,"height":10}}],"profile":2,"packFontWidth":16,"usernameRect":{"x":12,"y":57,"width":196,"height":20},"passwordRect":{"x":12,"y":96,"width":196,"height":20},"submitRect":{"x":12,"y":124,"width":92,"height":20}}
[0710月2026 02:40:44.297] [NekoJS-Log-Flusher/INFO] [NekoJS/]: [client] [ticket48-auto] {"stage":"sample","ticks":23600,"elapsedMs":1179500,"statistics":{"initialBuild":1,"layout":9,"reconcile":0,"resize":1,"paint":33107,"diagnostics":0,"cleanup":0},"disposed":false,"username":"","passwordLength":0,"error":"","submitting":false,"lastSubmitted":"","renderFault":false,"recoveryCount":0,"listValues":[{"id":"first","text":"A"}],"listNodes":[{"id":"list-first","text":"A","rect":{"x":0,"y":230,"width":30,"height":10}}],"profile":2,"packFontWidth":16,"usernameRect":{"x":12,"y":57,"width":196,"height":20},"passwordRect":{"x":12,"y":96,"width":196,"height":20},"submitRect":{"x":12,"y":124,"width":92,"height":20}}
[0710月2026 02:40:49.296] [NekoJS-Log-Flusher/INFO] [NekoJS/]: [client] [ticket48-auto] {"stage":"sample","ticks":23700,"elapsedMs":1184512,"statistics":{"initialBuild":1,"layout":9,"reconcile":0,"resize":1,"paint":33257,"diagnostics":0,"cleanup":0},"disposed":false,"username":"","passwordLength":0,"error":"","submitting":false,"lastSubmitted":"","renderFault":false,"recoveryCount":0,"listValues":[{"id":"first","text":"A"}],"listNodes":[{"id":"list-first","text":"A","rect":{"x":0,"y":230,"width":30,"height":10}}],"profile":2,"packFontWidth":16,"usernameRect":{"x":12,"y":57,"width":196,"height":20},"passwordRect":{"x":12,"y":96,"width":196,"height":20},"submitRect":{"x":12,"y":124,"width":92,"height":20}}
[0710月2026 02:40:54.295] [NekoJS-Log-Flusher/INFO] [NekoJS/]: [client] [ticket48-auto] {"stage":"sample","ticks":23800,"elapsedMs":1189491,"statistics":{"initialBuild":1,"layout":9,"reconcile":0,"resize":1,"paint":33406,"diagnostics":0,"cleanup":0},"disposed":false,"username":"","passwordLength":0,"error":"","submitting":false,"lastSubmitted":"","renderFault":false,"recoveryCount":0,"listValues":[{"id":"first","text":"A"}],"listNodes":[{"id":"list-first","text":"A","rect":{"x":0,"y":230,"width":30,"height":10}}],"profile":2,"packFontWidth":16,"usernameRect":{"x":12,"y":57,"width":196,"height":20},"passwordRect":{"x":12,"y":96,"width":196,"height":20},"submitRect":{"x":12,"y":124,"width":92,"height":20}}
[0710月2026 02:40:59.295] [NekoJS-Log-Flusher/INFO] [NekoJS/]: [client] [ticket48-auto] {"stage":"sample","ticks":23900,"elapsedMs":1194503,"statistics":{"initialBuild":1,"layout":9,"reconcile":0,"resize":1,"paint":33556,"diagnostics":0,"cleanup":0},"disposed":false,"username":"","passwordLength":0,"error":"","submitting":false,"lastSubmitted":"","renderFault":false,"recoveryCount":0,"listValues":[{"id":"first","text":"A"}],"listNodes":[{"id":"list-first","text":"A","rect":{"x":0,"y":230,"width":30,"height":10}}],"profile":2,"packFontWidth":16,"usernameRect":{"x":12,"y":57,"width":196,"height":20},"passwordRect":{"x":12,"y":96,"width":196,"height":20},"submitRect":{"x":12,"y":124,"width":92,"height":20}}
[0710月2026 02:41:04.295] [NekoJS-Log-Flusher/INFO] [NekoJS/]: [client] [ticket48-auto] {"stage":"sample","ticks":24000,"elapsedMs":1199513,"statistics":{"initialBuild":1,"layout":9,"reconcile":0,"resize":1,"paint":33706,"diagnostics":0,"cleanup":0},"disposed":false,"username":"","passwordLength":0,"error":"","submitting":false,"lastSubmitted":"","renderFault":false,"recoveryCount":0,"listValues":[{"id":"first","text":"A"}],"listNodes":[{"id":"list-first","text":"A","rect":{"x":0,"y":230,"width":30,"height":10}}],"profile":2,"packFontWidth":16,"usernameRect":{"x":12,"y":57,"width":196,"height":20},"passwordRect":{"x":12,"y":96,"width":196,"height":20},"submitRect":{"x":12,"y":124,"width":92,"height":20}}
[0710月2026 02:41:09.296] [NekoJS-Log-Flusher/INFO] [NekoJS/]: [client] [ticket48-auto] {"stage":"sample","ticks":24100,"elapsedMs":1204492,"statistics":{"initialBuild":1,"layout":9,"reconcile":0,"resize":1,"paint":33855,"diagnostics":0,"cleanup":0},"disposed":false,"username":"","passwordLength":0,"error":"","submitting":false,"lastSubmitted":"","renderFault":false,"recoveryCount":0,"listValues":[{"id":"first","text":"A"}],"listNodes":[{"id":"list-first","text":"A","rect":{"x":0,"y":230,"width":30,"height":10}}],"profile":2,"packFontWidth":16,"usernameRect":{"x":12,"y":57,"width":196,"height":20},"passwordRect":{"x":12,"y":96,"width":196,"height":20},"submitRect":{"x":12,"y":124,"width":92,"height":20}}
[0710月2026 02:41:14.296] [NekoJS-Log-Flusher/INFO] [NekoJS/]: [client] [ticket48-auto] {"stage":"sample","ticks":24200,"elapsedMs":1209507,"statistics":{"initialBuild":1,"layout":9,"reconcile":0,"resize":1,"paint":34005,"diagnostics":0,"cleanup":0},"disposed":false,"username":"","passwordLength":0,"error":"","submitting":false,"lastSubmitted":"","renderFault":false,"recoveryCount":0,"listValues":[{"id":"first","text":"A"}],"listNodes":[{"id":"list-first","text":"A","rect":{"x":0,"y":230,"width":30,"height":10}}],"profile":2,"packFontWidth":16,"usernameRect":{"x":12,"y":57,"width":196,"height":20},"passwordRect":{"x":12,"y":96,"width":196,"height":20},"submitRect":{"x":12,"y":124,"width":92,"height":20}}
[0710月2026 02:41:19.297] [NekoJS-Log-Flusher/INFO] [NekoJS/]: [client] [ticket48-auto] {"stage":"sample","ticks":24300,"elapsedMs":1214485,"statistics":{"initialBuild":1,"layout":9,"reconcile":0,"resize":1,"paint":34154,"diagnostics":0,"cleanup":0},"disposed":false,"username":"","passwordLength":0,"error":"","submitting":false,"lastSubmitted":"","renderFault":false,"recoveryCount":0,"listValues":[{"id":"first","text":"A"}],"listNodes":[{"id":"list-first","text":"A","rect":{"x":0,"y":230,"width":30,"height":10}}],"profile":2,"packFontWidth":16,"usernameRect":{"x":12,"y":57,"width":196,"height":20},"passwordRect":{"x":12,"y":96,"width":196,"height":20},"submitRect":{"x":12,"y":124,"width":92,"height":20}}
[0710月2026 02:41:24.297] [NekoJS-Log-Flusher/INFO] [NekoJS/]: [client] [ticket48-auto] {"stage":"sample","ticks":24400,"elapsedMs":1219497,"statistics":{"initialBuild":1,"layout":9,"reconcile":0,"resize":1,"paint":34304,"diagnostics":0,"cleanup":0},"disposed":false,"username":"","passwordLength":0,"error":"","submitting":false,"lastSubmitted":"","renderFault":false,"recoveryCount":0,"listValues":[{"id":"first","text":"A"}],"listNodes":[{"id":"list-first","text":"A","rect":{"x":0,"y":230,"width":30,"height":10}}],"profile":2,"packFontWidth":16,"usernameRect":{"x":12,"y":57,"width":196,"height":20},"passwordRect":{"x":12,"y":96,"width":196,"height":20},"submitRect":{"x":12,"y":124,"width":92,"height":20}}
[0710月2026 02:41:29.297] [NekoJS-Log-Flusher/INFO] [NekoJS/]: [client] [ticket48-auto] {"stage":"sample","ticks":24500,"elapsedMs":1224505,"statistics":{"initialBuild":1,"layout":9,"reconcile":0,"resize":1,"paint":34454,"diagnostics":0,"cleanup":0},"disposed":false,"username":"","passwordLength":0,"error":"","submitting":false,"lastSubmitted":"","renderFault":false,"recoveryCount":0,"listValues":[{"id":"first","text":"A"}],"listNodes":[{"id":"list-first","text":"A","rect":{"x":0,"y":230,"width":30,"height":10}}],"profile":2,"packFontWidth":16,"usernameRect":{"x":12,"y":57,"width":196,"height":20},"passwordRect":{"x":12,"y":96,"width":196,"height":20},"submitRect":{"x":12,"y":124,"width":92,"height":20}}
[0710月2026 02:41:34.297] [NekoJS-Log-Flusher/INFO] [NekoJS/]: [client] [ticket48-auto] {"stage":"sample","ticks":24600,"elapsedMs":1229514,"statistics":{"initialBuild":1,"layout":9,"reconcile":0,"resize":1,"paint":34604,"diagnostics":0,"cleanup":0},"disposed":false,"username":"","passwordLength":0,"error":"","submitting":false,"lastSubmitted":"","renderFault":false,"recoveryCount":0,"listValues":[{"id":"first","text":"A"}],"listNodes":[{"id":"list-first","text":"A","rect":{"x":0,"y":230,"width":30,"height":10}}],"profile":2,"packFontWidth":16,"usernameRect":{"x":12,"y":57,"width":196,"height":20},"passwordRect":{"x":12,"y":96,"width":196,"height":20},"submitRect":{"x":12,"y":124,"width":92,"height":20}}
[0710月2026 02:41:39.296] [NekoJS-Log-Flusher/INFO] [NekoJS/]: [client] [ticket48-auto] {"stage":"sample","ticks":24700,"elapsedMs":1234493,"statistics":{"initialBuild":1,"layout":9,"reconcile":0,"resize":1,"paint":34753,"diagnostics":0,"cleanup":0},"disposed":false,"username":"","passwordLength":0,"error":"","submitting":false,"lastSubmitted":"","renderFault":false,"recoveryCount":0,"listValues":[{"id":"first","text":"A"}],"listNodes":[{"id":"list-first","text":"A","rect":{"x":0,"y":230,"width":30,"height":10}}],"profile":2,"packFontWidth":16,"usernameRect":{"x":12,"y":57,"width":196,"height":20},"passwordRect":{"x":12,"y":96,"width":196,"height":20},"submitRect":{"x":12,"y":124,"width":92,"height":20}}
[0710月2026 02:41:44.297] [NekoJS-Log-Flusher/INFO] [NekoJS/]: [client] [ticket48-auto] {"stage":"sample","ticks":24800,"elapsedMs":1239505,"statistics":{"initialBuild":1,"layout":9,"reconcile":0,"resize":1,"paint":34903,"diagnostics":0,"cleanup":0},"disposed":false,"username":"","passwordLength":0,"error":"","submitting":false,"lastSubmitted":"","renderFault":false,"recoveryCount":0,"listValues":[{"id":"first","text":"A"}],"listNodes":[{"id":"list-first","text":"A","rect":{"x":0,"y":230,"width":30,"height":10}}],"profile":2,"packFontWidth":16,"usernameRect":{"x":12,"y":57,"width":196,"height":20},"passwordRect":{"x":12,"y":96,"width":196,"height":20},"submitRect":{"x":12,"y":124,"width":92,"height":20}}
[0710月2026 02:41:49.297] [NekoJS-Log-Flusher/INFO] [NekoJS/]: [client] [ticket48-auto] {"stage":"sample","ticks":24900,"elapsedMs":1244514,"statistics":{"initialBuild":1,"layout":9,"reconcile":0,"resize":1,"paint":35053,"diagnostics":0,"cleanup":0},"disposed":false,"username":"","passwordLength":0,"error":"","submitting":false,"lastSubmitted":"","renderFault":false,"recoveryCount":0,"listValues":[{"id":"first","text":"A"}],"listNodes":[{"id":"list-first","text":"A","rect":{"x":0,"y":230,"width":30,"height":10}}],"profile":2,"packFontWidth":16,"usernameRect":{"x":12,"y":57,"width":196,"height":20},"passwordRect":{"x":12,"y":96,"width":196,"height":20},"submitRect":{"x":12,"y":124,"width":92,"height":20}}
[0710月2026 02:41:54.296] [NekoJS-Log-Flusher/INFO] [NekoJS/]: [client] [ticket48-auto] {"stage":"sample","ticks":25000,"elapsedMs":1249492,"statistics":{"initialBuild":1,"layout":9,"reconcile":0,"resize":1,"paint":35202,"diagnostics":0,"cleanup":0},"disposed":false,"username":"","passwordLength":0,"error":"","submitting":false,"lastSubmitted":"","renderFault":false,"recoveryCount":0,"listValues":[{"id":"first","text":"A"}],"listNodes":[{"id":"list-first","text":"A","rect":{"x":0,"y":230,"width":30,"height":10}}],"profile":2,"packFontWidth":16,"usernameRect":{"x":12,"y":57,"width":196,"height":20},"passwordRect":{"x":12,"y":96,"width":196,"height":20},"submitRect":{"x":12,"y":124,"width":92,"height":20}}
[0710月2026 02:41:59.296] [NekoJS-Log-Flusher/INFO] [NekoJS/]: [client] [ticket48-auto] {"stage":"sample","ticks":25100,"elapsedMs":1254503,"statistics":{"initialBuild":1,"layout":9,"reconcile":0,"resize":1,"paint":35352,"diagnostics":0,"cleanup":0},"disposed":false,"username":"","passwordLength":0,"error":"","submitting":false,"lastSubmitted":"","renderFault":false,"recoveryCount":0,"listValues":[{"id":"first","text":"A"}],"listNodes":[{"id":"list-first","text":"A","rect":{"x":0,"y":230,"width":30,"height":10}}],"profile":2,"packFontWidth":16,"usernameRect":{"x":12,"y":57,"width":196,"height":20},"passwordRect":{"x":12,"y":96,"width":196,"height":20},"submitRect":{"x":12,"y":124,"width":92,"height":20}}
[0710月2026 02:42:04.296] [NekoJS-Log-Flusher/INFO] [NekoJS/]: [client] [ticket48-auto] {"stage":"sample","ticks":25200,"elapsedMs":1259517,"statistics":{"initialBuild":1,"layout":9,"reconcile":0,"resize":1,"paint":35502,"diagnostics":0,"cleanup":0},"disposed":false,"username":"","passwordLength":0,"error":"","submitting":false,"lastSubmitted":"","renderFault":false,"recoveryCount":0,"listValues":[{"id":"first","text":"A"}],"listNodes":[{"id":"list-first","text":"A","rect":{"x":0,"y":230,"width":30,"height":10}}],"profile":2,"packFontWidth":16,"usernameRect":{"x":12,"y":57,"width":196,"height":20},"passwordRect":{"x":12,"y":96,"width":196,"height":20},"submitRect":{"x":12,"y":124,"width":92,"height":20}}
[0710月2026 02:42:09.297] [NekoJS-Log-Flusher/INFO] [NekoJS/]: [client] [ticket48-auto] {"stage":"sample","ticks":25300,"elapsedMs":1264493,"statistics":{"initialBuild":1,"layout":9,"reconcile":0,"resize":1,"paint":35651,"diagnostics":0,"cleanup":0},"disposed":false,"username":"","passwordLength":0,"error":"","submitting":false,"lastSubmitted":"","renderFault":false,"recoveryCount":0,"listValues":[{"id":"first","text":"A"}],"listNodes":[{"id":"list-first","text":"A","rect":{"x":0,"y":230,"width":30,"height":10}}],"profile":2,"packFontWidth":16,"usernameRect":{"x":12,"y":57,"width":196,"height":20},"passwordRect":{"x":12,"y":96,"width":196,"height":20},"submitRect":{"x":12,"y":124,"width":92,"height":20}}
[0710月2026 02:42:14.296] [NekoJS-Log-Flusher/INFO] [NekoJS/]: [client] [ticket48-auto] {"stage":"sample","ticks":25400,"elapsedMs":1269502,"statistics":{"initialBuild":1,"layout":9,"reconcile":0,"resize":1,"paint":35801,"diagnostics":0,"cleanup":0},"disposed":false,"username":"","passwordLength":0,"error":"","submitting":false,"lastSubmitted":"","renderFault":false,"recoveryCount":0,"listValues":[{"id":"first","text":"A"}],"listNodes":[{"id":"list-first","text":"A","rect":{"x":0,"y":230,"width":30,"height":10}}],"profile":2,"packFontWidth":16,"usernameRect":{"x":12,"y":57,"width":196,"height":20},"passwordRect":{"x":12,"y":96,"width":196,"height":20},"submitRect":{"x":12,"y":124,"width":92,"height":20}}
[0710月2026 02:42:19.296] [NekoJS-Log-Flusher/INFO] [NekoJS/]: [client] [ticket48-auto] {"stage":"sample","ticks":25500,"elapsedMs":1274514,"statistics":{"initialBuild":1,"layout":9,"reconcile":0,"resize":1,"paint":35951,"diagnostics":0,"cleanup":0},"disposed":false,"username":"","passwordLength":0,"error":"","submitting":false,"lastSubmitted":"","renderFault":false,"recoveryCount":0,"listValues":[{"id":"first","text":"A"}],"listNodes":[{"id":"list-first","text":"A","rect":{"x":0,"y":230,"width":30,"height":10}}],"profile":2,"packFontWidth":16,"usernameRect":{"x":12,"y":57,"width":196,"height":20},"passwordRect":{"x":12,"y":96,"width":196,"height":20},"submitRect":{"x":12,"y":124,"width":92,"height":20}}
[0710月2026 02:42:24.297] [NekoJS-Log-Flusher/INFO] [NekoJS/]: [client] [ticket48-auto] {"stage":"sample","ticks":25600,"elapsedMs":1279493,"statistics":{"initialBuild":1,"layout":9,"reconcile":0,"resize":1,"paint":36100,"diagnostics":0,"cleanup":0},"disposed":false,"username":"","passwordLength":0,"error":"","submitting":false,"lastSubmitted":"","renderFault":false,"recoveryCount":0,"listValues":[{"id":"first","text":"A"}],"listNodes":[{"id":"list-first","text":"A","rect":{"x":0,"y":230,"width":30,"height":10}}],"profile":2,"packFontWidth":16,"usernameRect":{"x":12,"y":57,"width":196,"height":20},"passwordRect":{"x":12,"y":96,"width":196,"height":20},"submitRect":{"x":12,"y":124,"width":92,"height":20}}
[0710月2026 02:42:29.297] [NekoJS-Log-Flusher/INFO] [NekoJS/]: [client] [ticket48-auto] {"stage":"sample","ticks":25700,"elapsedMs":1284510,"statistics":{"initialBuild":1,"layout":9,"reconcile":0,"resize":1,"paint":36250,"diagnostics":0,"cleanup":0},"disposed":false,"username":"","passwordLength":0,"error":"","submitting":false,"lastSubmitted":"","renderFault":false,"recoveryCount":0,"listValues":[{"id":"first","text":"A"}],"listNodes":[{"id":"list-first","text":"A","rect":{"x":0,"y":230,"width":30,"height":10}}],"profile":2,"packFontWidth":16,"usernameRect":{"x":12,"y":57,"width":196,"height":20},"passwordRect":{"x":12,"y":96,"width":196,"height":20},"submitRect":{"x":12,"y":124,"width":92,"height":20}}
[0710月2026 02:42:34.296] [NekoJS-Log-Flusher/INFO] [NekoJS/]: [client] [ticket48-auto] {"stage":"sample","ticks":25800,"elapsedMs":1289488,"statistics":{"initialBuild":1,"layout":9,"reconcile":0,"resize":1,"paint":36399,"diagnostics":0,"cleanup":0},"disposed":false,"username":"","passwordLength":0,"error":"","submitting":false,"lastSubmitted":"","renderFault":false,"recoveryCount":0,"listValues":[{"id":"first","text":"A"}],"listNodes":[{"id":"list-first","text":"A","rect":{"x":0,"y":230,"width":30,"height":10}}],"profile":2,"packFontWidth":16,"usernameRect":{"x":12,"y":57,"width":196,"height":20},"passwordRect":{"x":12,"y":96,"width":196,"height":20},"submitRect":{"x":12,"y":124,"width":92,"height":20}}
[0710月2026 02:42:39.297] [NekoJS-Log-Flusher/INFO] [NekoJS/]: [client] [ticket48-auto] {"stage":"sample","ticks":25900,"elapsedMs":1294502,"statistics":{"initialBuild":1,"layout":9,"reconcile":0,"resize":1,"paint":36549,"diagnostics":0,"cleanup":0},"disposed":false,"username":"","passwordLength":0,"error":"","submitting":false,"lastSubmitted":"","renderFault":false,"recoveryCount":0,"listValues":[{"id":"first","text":"A"}],"listNodes":[{"id":"list-first","text":"A","rect":{"x":0,"y":230,"width":30,"height":10}}],"profile":2,"packFontWidth":16,"usernameRect":{"x":12,"y":57,"width":196,"height":20},"passwordRect":{"x":12,"y":96,"width":196,"height":20},"submitRect":{"x":12,"y":124,"width":92,"height":20}}
[0710月2026 02:42:44.296] [NekoJS-Log-Flusher/INFO] [NekoJS/]: [client] [ticket48-auto] {"stage":"sample","ticks":26000,"elapsedMs":1299516,"statistics":{"initialBuild":1,"layout":9,"reconcile":0,"resize":1,"paint":36699,"diagnostics":0,"cleanup":0},"disposed":false,"username":"","passwordLength":0,"error":"","submitting":false,"lastSubmitted":"","renderFault":false,"recoveryCount":0,"listValues":[{"id":"first","text":"A"}],"listNodes":[{"id":"list-first","text":"A","rect":{"x":0,"y":230,"width":30,"height":10}}],"profile":2,"packFontWidth":16,"usernameRect":{"x":12,"y":57,"width":196,"height":20},"passwordRect":{"x":12,"y":96,"width":196,"height":20},"submitRect":{"x":12,"y":124,"width":92,"height":20}}
[0710月2026 02:42:49.296] [NekoJS-Log-Flusher/INFO] [NekoJS/]: [client] [ticket48-auto] {"stage":"sample","ticks":26100,"elapsedMs":1304493,"statistics":{"initialBuild":1,"layout":9,"reconcile":0,"resize":1,"paint":36848,"diagnostics":0,"cleanup":0},"disposed":false,"username":"","passwordLength":0,"error":"","submitting":false,"lastSubmitted":"","renderFault":false,"recoveryCount":0,"listValues":[{"id":"first","text":"A"}],"listNodes":[{"id":"list-first","text":"A","rect":{"x":0,"y":230,"width":30,"height":10}}],"profile":2,"packFontWidth":16,"usernameRect":{"x":12,"y":57,"width":196,"height":20},"passwordRect":{"x":12,"y":96,"width":196,"height":20},"submitRect":{"x":12,"y":124,"width":92,"height":20}}
[0710月2026 02:42:54.298] [NekoJS-Log-Flusher/INFO] [NekoJS/]: [client] [ticket48-auto] {"stage":"sample","ticks":26200,"elapsedMs":1309509,"statistics":{"initialBuild":1,"layout":9,"reconcile":0,"resize":1,"paint":36998,"diagnostics":0,"cleanup":0},"disposed":false,"username":"","passwordLength":0,"error":"","submitting":false,"lastSubmitted":"","renderFault":false,"recoveryCount":0,"listValues":[{"id":"first","text":"A"}],"listNodes":[{"id":"list-first","text":"A","rect":{"x":0,"y":230,"width":30,"height":10}}],"profile":2,"packFontWidth":16,"usernameRect":{"x":12,"y":57,"width":196,"height":20},"passwordRect":{"x":12,"y":96,"width":196,"height":20},"submitRect":{"x":12,"y":124,"width":92,"height":20}}
[0710月2026 02:42:59.297] [NekoJS-Log-Flusher/INFO] [NekoJS/]: [client] [ticket48-auto] {"stage":"sample","ticks":26300,"elapsedMs":1314490,"statistics":{"initialBuild":1,"layout":9,"reconcile":0,"resize":1,"paint":37147,"diagnostics":0,"cleanup":0},"disposed":false,"username":"","passwordLength":0,"error":"","submitting":false,"lastSubmitted":"","renderFault":false,"recoveryCount":0,"listValues":[{"id":"first","text":"A"}],"listNodes":[{"id":"list-first","text":"A","rect":{"x":0,"y":230,"width":30,"height":10}}],"profile":2,"packFontWidth":16,"usernameRect":{"x":12,"y":57,"width":196,"height":20},"passwordRect":{"x":12,"y":96,"width":196,"height":20},"submitRect":{"x":12,"y":124,"width":92,"height":20}}
[0710月2026 02:43:04.297] [NekoJS-Log-Flusher/INFO] [NekoJS/]: [client] [ticket48-auto] {"stage":"sample","ticks":26400,"elapsedMs":1319501,"statistics":{"initialBuild":1,"layout":9,"reconcile":0,"resize":1,"paint":37297,"diagnostics":0,"cleanup":0},"disposed":false,"username":"","passwordLength":0,"error":"","submitting":false,"lastSubmitted":"","renderFault":false,"recoveryCount":0,"listValues":[{"id":"first","text":"A"}],"listNodes":[{"id":"list-first","text":"A","rect":{"x":0,"y":230,"width":30,"height":10}}],"profile":2,"packFontWidth":16,"usernameRect":{"x":12,"y":57,"width":196,"height":20},"passwordRect":{"x":12,"y":96,"width":196,"height":20},"submitRect":{"x":12,"y":124,"width":92,"height":20}}
[0710月2026 02:43:09.298] [NekoJS-Log-Flusher/INFO] [NekoJS/]: [client] [ticket48-auto] {"stage":"sample","ticks":26500,"elapsedMs":1324511,"statistics":{"initialBuild":1,"layout":9,"reconcile":0,"resize":1,"paint":37447,"diagnostics":0,"cleanup":0},"disposed":false,"username":"","passwordLength":0,"error":"","submitting":false,"lastSubmitted":"","renderFault":false,"recoveryCount":0,"listValues":[{"id":"first","text":"A"}],"listNodes":[{"id":"list-first","text":"A","rect":{"x":0,"y":230,"width":30,"height":10}}],"profile":2,"packFontWidth":16,"usernameRect":{"x":12,"y":57,"width":196,"height":20},"passwordRect":{"x":12,"y":96,"width":196,"height":20},"submitRect":{"x":12,"y":124,"width":92,"height":20}}
[0710月2026 02:43:14.297] [NekoJS-Log-Flusher/INFO] [NekoJS/]: [client] [ticket48-auto] {"stage":"sample","ticks":26600,"elapsedMs":1329491,"statistics":{"initialBuild":1,"layout":9,"reconcile":0,"resize":1,"paint":37596,"diagnostics":0,"cleanup":0},"disposed":false,"username":"","passwordLength":0,"error":"","submitting":false,"lastSubmitted":"","renderFault":false,"recoveryCount":0,"listValues":[{"id":"first","text":"A"}],"listNodes":[{"id":"list-first","text":"A","rect":{"x":0,"y":230,"width":30,"height":10}}],"profile":2,"packFontWidth":16,"usernameRect":{"x":12,"y":57,"width":196,"height":20},"passwordRect":{"x":12,"y":96,"width":196,"height":20},"submitRect":{"x":12,"y":124,"width":92,"height":20}}
[0710月2026 02:43:19.296] [NekoJS-Log-Flusher/INFO] [NekoJS/]: [client] [ticket48-auto] {"stage":"sample","ticks":26700,"elapsedMs":1334486,"statistics":{"initialBuild":1,"layout":9,"reconcile":0,"resize":1,"paint":37745,"diagnostics":0,"cleanup":0},"disposed":false,"username":"","passwordLength":0,"error":"","submitting":false,"lastSubmitted":"","renderFault":false,"recoveryCount":0,"listValues":[{"id":"first","text":"A"}],"listNodes":[{"id":"list-first","text":"A","rect":{"x":0,"y":230,"width":30,"height":10}}],"profile":2,"packFontWidth":16,"usernameRect":{"x":12,"y":57,"width":196,"height":20},"passwordRect":{"x":12,"y":96,"width":196,"height":20},"submitRect":{"x":12,"y":124,"width":92,"height":20}}
[0710月2026 02:43:24.297] [NekoJS-Log-Flusher/INFO] [NekoJS/]: [client] [ticket48-auto] {"stage":"sample","ticks":26800,"elapsedMs":1339497,"statistics":{"initialBuild":1,"layout":9,"reconcile":0,"resize":1,"paint":37895,"diagnostics":0,"cleanup":0},"disposed":false,"username":"","passwordLength":0,"error":"","submitting":false,"lastSubmitted":"","renderFault":false,"recoveryCount":0,"listValues":[{"id":"first","text":"A"}],"listNodes":[{"id":"list-first","text":"A","rect":{"x":0,"y":230,"width":30,"height":10}}],"profile":2,"packFontWidth":16,"usernameRect":{"x":12,"y":57,"width":196,"height":20},"passwordRect":{"x":12,"y":96,"width":196,"height":20},"submitRect":{"x":12,"y":124,"width":92,"height":20}}
[0710月2026 02:43:29.296] [NekoJS-Log-Flusher/INFO] [NekoJS/]: [client] [ticket48-auto] {"stage":"sample","ticks":26900,"elapsedMs":1344510,"statistics":{"initialBuild":1,"layout":9,"reconcile":0,"resize":1,"paint":38045,"diagnostics":0,"cleanup":0},"disposed":false,"username":"","passwordLength":0,"error":"","submitting":false,"lastSubmitted":"","renderFault":false,"recoveryCount":0,"listValues":[{"id":"first","text":"A"}],"listNodes":[{"id":"list-first","text":"A","rect":{"x":0,"y":230,"width":30,"height":10}}],"profile":2,"packFontWidth":16,"usernameRect":{"x":12,"y":57,"width":196,"height":20},"passwordRect":{"x":12,"y":96,"width":196,"height":20},"submitRect":{"x":12,"y":124,"width":92,"height":20}}
[0710月2026 02:43:34.297] [NekoJS-Log-Flusher/INFO] [NekoJS/]: [client] [ticket48-auto] {"stage":"sample","ticks":27000,"elapsedMs":1349489,"statistics":{"initialBuild":1,"layout":9,"reconcile":0,"resize":1,"paint":38194,"diagnostics":0,"cleanup":0},"disposed":false,"username":"","passwordLength":0,"error":"","submitting":false,"lastSubmitted":"","renderFault":false,"recoveryCount":0,"listValues":[{"id":"first","text":"A"}],"listNodes":[{"id":"list-first","text":"A","rect":{"x":0,"y":230,"width":30,"height":10}}],"profile":2,"packFontWidth":16,"usernameRect":{"x":12,"y":57,"width":196,"height":20},"passwordRect":{"x":12,"y":96,"width":196,"height":20},"submitRect":{"x":12,"y":124,"width":92,"height":20}}
[0710月2026 02:43:39.298] [NekoJS-Log-Flusher/INFO] [NekoJS/]: [client] [ticket48-auto] {"stage":"sample","ticks":27100,"elapsedMs":1354501,"statistics":{"initialBuild":1,"layout":9,"reconcile":0,"resize":1,"paint":38344,"diagnostics":0,"cleanup":0},"disposed":false,"username":"","passwordLength":0,"error":"","submitting":false,"lastSubmitted":"","renderFault":false,"recoveryCount":0,"listValues":[{"id":"first","text":"A"}],"listNodes":[{"id":"list-first","text":"A","rect":{"x":0,"y":230,"width":30,"height":10}}],"profile":2,"packFontWidth":16,"usernameRect":{"x":12,"y":57,"width":196,"height":20},"passwordRect":{"x":12,"y":96,"width":196,"height":20},"submitRect":{"x":12,"y":124,"width":92,"height":20}}
[0710月2026 02:43:44.297] [NekoJS-Log-Flusher/INFO] [NekoJS/]: [client] [ticket48-auto] {"stage":"sample","ticks":27200,"elapsedMs":1359514,"statistics":{"initialBuild":1,"layout":9,"reconcile":0,"resize":1,"paint":38494,"diagnostics":0,"cleanup":0},"disposed":false,"username":"","passwordLength":0,"error":"","submitting":false,"lastSubmitted":"","renderFault":false,"recoveryCount":0,"listValues":[{"id":"first","text":"A"}],"listNodes":[{"id":"list-first","text":"A","rect":{"x":0,"y":230,"width":30,"height":10}}],"profile":2,"packFontWidth":16,"usernameRect":{"x":12,"y":57,"width":196,"height":20},"passwordRect":{"x":12,"y":96,"width":196,"height":20},"submitRect":{"x":12,"y":124,"width":92,"height":20}}
[0710月2026 02:43:49.297] [NekoJS-Log-Flusher/INFO] [NekoJS/]: [client] [ticket48-auto] {"stage":"sample","ticks":27300,"elapsedMs":1364491,"statistics":{"initialBuild":1,"layout":9,"reconcile":0,"resize":1,"paint":38643,"diagnostics":0,"cleanup":0},"disposed":false,"username":"","passwordLength":0,"error":"","submitting":false,"lastSubmitted":"","renderFault":false,"recoveryCount":0,"listValues":[{"id":"first","text":"A"}],"listNodes":[{"id":"list-first","text":"A","rect":{"x":0,"y":230,"width":30,"height":10}}],"profile":2,"packFontWidth":16,"usernameRect":{"x":12,"y":57,"width":196,"height":20},"passwordRect":{"x":12,"y":96,"width":196,"height":20},"submitRect":{"x":12,"y":124,"width":92,"height":20}}
[0710月2026 02:43:54.297] [NekoJS-Log-Flusher/INFO] [NekoJS/]: [client] [ticket48-auto] {"stage":"sample","ticks":27400,"elapsedMs":1369506,"statistics":{"initialBuild":1,"layout":9,"reconcile":0,"resize":1,"paint":38793,"diagnostics":0,"cleanup":0},"disposed":false,"username":"","passwordLength":0,"error":"","submitting":false,"lastSubmitted":"","renderFault":false,"recoveryCount":0,"listValues":[{"id":"first","text":"A"}],"listNodes":[{"id":"list-first","text":"A","rect":{"x":0,"y":230,"width":30,"height":10}}],"profile":2,"packFontWidth":16,"usernameRect":{"x":12,"y":57,"width":196,"height":20},"passwordRect":{"x":12,"y":96,"width":196,"height":20},"submitRect":{"x":12,"y":124,"width":92,"height":20}}
[0710月2026 02:43:59.297] [NekoJS-Log-Flusher/INFO] [NekoJS/]: [client] [ticket48-auto] {"stage":"sample","ticks":27500,"elapsedMs":1374517,"statistics":{"initialBuild":1,"layout":9,"reconcile":0,"resize":1,"paint":38943,"diagnostics":0,"cleanup":0},"disposed":false,"username":"","passwordLength":0,"error":"","submitting":false,"lastSubmitted":"","renderFault":false,"recoveryCount":0,"listValues":[{"id":"first","text":"A"}],"listNodes":[{"id":"list-first","text":"A","rect":{"x":0,"y":230,"width":30,"height":10}}],"profile":2,"packFontWidth":16,"usernameRect":{"x":12,"y":57,"width":196,"height":20},"passwordRect":{"x":12,"y":96,"width":196,"height":20},"submitRect":{"x":12,"y":124,"width":92,"height":20}}
[0710月2026 02:44:04.297] [NekoJS-Log-Flusher/INFO] [NekoJS/]: [client] [ticket48-auto] {"stage":"sample","ticks":27600,"elapsedMs":1379495,"statistics":{"initialBuild":1,"layout":9,"reconcile":0,"resize":1,"paint":39092,"diagnostics":0,"cleanup":0},"disposed":false,"username":"","passwordLength":0,"error":"","submitting":false,"lastSubmitted":"","renderFault":false,"recoveryCount":0,"listValues":[{"id":"first","text":"A"}],"listNodes":[{"id":"list-first","text":"A","rect":{"x":0,"y":230,"width":30,"height":10}}],"profile":2,"packFontWidth":16,"usernameRect":{"x":12,"y":57,"width":196,"height":20},"passwordRect":{"x":12,"y":96,"width":196,"height":20},"submitRect":{"x":12,"y":124,"width":92,"height":20}}
[0710月2026 02:44:09.297] [NekoJS-Log-Flusher/INFO] [NekoJS/]: [client] [ticket48-auto] {"stage":"sample","ticks":27700,"elapsedMs":1384506,"statistics":{"initialBuild":1,"layout":9,"reconcile":0,"resize":1,"paint":39242,"diagnostics":0,"cleanup":0},"disposed":false,"username":"","passwordLength":0,"error":"","submitting":false,"lastSubmitted":"","renderFault":false,"recoveryCount":0,"listValues":[{"id":"first","text":"A"}],"listNodes":[{"id":"list-first","text":"A","rect":{"x":0,"y":230,"width":30,"height":10}}],"profile":2,"packFontWidth":16,"usernameRect":{"x":12,"y":57,"width":196,"height":20},"passwordRect":{"x":12,"y":96,"width":196,"height":20},"submitRect":{"x":12,"y":124,"width":92,"height":20}}
[0710月2026 02:44:14.298] [NekoJS-Log-Flusher/INFO] [NekoJS/]: [client] [ticket48-auto] {"stage":"sample","ticks":27800,"elapsedMs":1389487,"statistics":{"initialBuild":1,"layout":9,"reconcile":0,"resize":1,"paint":39391,"diagnostics":0,"cleanup":0},"disposed":false,"username":"","passwordLength":0,"error":"","submitting":false,"lastSubmitted":"","renderFault":false,"recoveryCount":0,"listValues":[{"id":"first","text":"A"}],"listNodes":[{"id":"list-first","text":"A","rect":{"x":0,"y":230,"width":30,"height":10}}],"profile":2,"packFontWidth":16,"usernameRect":{"x":12,"y":57,"width":196,"height":20},"passwordRect":{"x":12,"y":96,"width":196,"height":20},"submitRect":{"x":12,"y":124,"width":92,"height":20}}
[0710月2026 02:44:19.298] [NekoJS-Log-Flusher/INFO] [NekoJS/]: [client] [ticket48-auto] {"stage":"sample","ticks":27900,"elapsedMs":1394500,"statistics":{"initialBuild":1,"layout":9,"reconcile":0,"resize":1,"paint":39541,"diagnostics":0,"cleanup":0},"disposed":false,"username":"","passwordLength":0,"error":"","submitting":false,"lastSubmitted":"","renderFault":false,"recoveryCount":0,"listValues":[{"id":"first","text":"A"}],"listNodes":[{"id":"list-first","text":"A","rect":{"x":0,"y":230,"width":30,"height":10}}],"profile":2,"packFontWidth":16,"usernameRect":{"x":12,"y":57,"width":196,"height":20},"passwordRect":{"x":12,"y":96,"width":196,"height":20},"submitRect":{"x":12,"y":124,"width":92,"height":20}}
[0710月2026 02:44:24.297] [NekoJS-Log-Flusher/INFO] [NekoJS/]: [client] [ticket48-auto] {"stage":"sample","ticks":28000,"elapsedMs":1399514,"statistics":{"initialBuild":1,"layout":9,"reconcile":0,"resize":1,"paint":39691,"diagnostics":0,"cleanup":0},"disposed":false,"username":"","passwordLength":0,"error":"","submitting":false,"lastSubmitted":"","renderFault":false,"recoveryCount":0,"listValues":[{"id":"first","text":"A"}],"listNodes":[{"id":"list-first","text":"A","rect":{"x":0,"y":230,"width":30,"height":10}}],"profile":2,"packFontWidth":16,"usernameRect":{"x":12,"y":57,"width":196,"height":20},"passwordRect":{"x":12,"y":96,"width":196,"height":20},"submitRect":{"x":12,"y":124,"width":92,"height":20}}
[0710月2026 02:44:29.299] [NekoJS-Log-Flusher/INFO] [NekoJS/]: [client] [ticket48-auto] {"stage":"sample","ticks":28100,"elapsedMs":1404494,"statistics":{"initialBuild":1,"layout":9,"reconcile":0,"resize":1,"paint":39840,"diagnostics":0,"cleanup":0},"disposed":false,"username":"","passwordLength":0,"error":"","submitting":false,"lastSubmitted":"","renderFault":false,"recoveryCount":0,"listValues":[{"id":"first","text":"A"}],"listNodes":[{"id":"list-first","text":"A","rect":{"x":0,"y":230,"width":30,"height":10}}],"profile":2,"packFontWidth":16,"usernameRect":{"x":12,"y":57,"width":196,"height":20},"passwordRect":{"x":12,"y":96,"width":196,"height":20},"submitRect":{"x":12,"y":124,"width":92,"height":20}}
[0710月2026 02:44:34.297] [NekoJS-Log-Flusher/INFO] [NekoJS/]: [client] [ticket48-auto] {"stage":"sample","ticks":28200,"elapsedMs":1409505,"statistics":{"initialBuild":1,"layout":9,"reconcile":0,"resize":1,"paint":39990,"diagnostics":0,"cleanup":0},"disposed":false,"username":"","passwordLength":0,"error":"","submitting":false,"lastSubmitted":"","renderFault":false,"recoveryCount":0,"listValues":[{"id":"first","text":"A"}],"listNodes":[{"id":"list-first","text":"A","rect":{"x":0,"y":230,"width":30,"height":10}}],"profile":2,"packFontWidth":16,"usernameRect":{"x":12,"y":57,"width":196,"height":20},"passwordRect":{"x":12,"y":96,"width":196,"height":20},"submitRect":{"x":12,"y":124,"width":92,"height":20}}
[0710月2026 02:44:39.298] [NekoJS-Log-Flusher/INFO] [NekoJS/]: [client] [ticket48-auto] {"stage":"sample","ticks":28300,"elapsedMs":1414488,"statistics":{"initialBuild":1,"layout":9,"reconcile":0,"resize":1,"paint":40139,"diagnostics":0,"cleanup":0},"disposed":false,"username":"","passwordLength":0,"error":"","submitting":false,"lastSubmitted":"","renderFault":false,"recoveryCount":0,"listValues":[{"id":"first","text":"A"}],"listNodes":[{"id":"list-first","text":"A","rect":{"x":0,"y":230,"width":30,"height":10}}],"profile":2,"packFontWidth":16,"usernameRect":{"x":12,"y":57,"width":196,"height":20},"passwordRect":{"x":12,"y":96,"width":196,"height":20},"submitRect":{"x":12,"y":124,"width":92,"height":20}}
[0710月2026 02:44:44.297] [NekoJS-Log-Flusher/INFO] [NekoJS/]: [client] [ticket48-auto] {"stage":"sample","ticks":28400,"elapsedMs":1419500,"statistics":{"initialBuild":1,"layout":9,"reconcile":0,"resize":1,"paint":40289,"diagnostics":0,"cleanup":0},"disposed":false,"username":"","passwordLength":0,"error":"","submitting":false,"lastSubmitted":"","renderFault":false,"recoveryCount":0,"listValues":[{"id":"first","text":"A"}],"listNodes":[{"id":"list-first","text":"A","rect":{"x":0,"y":230,"width":30,"height":10}}],"profile":2,"packFontWidth":16,"usernameRect":{"x":12,"y":57,"width":196,"height":20},"passwordRect":{"x":12,"y":96,"width":196,"height":20},"submitRect":{"x":12,"y":124,"width":92,"height":20}}
[0710月2026 02:44:49.299] [NekoJS-Log-Flusher/INFO] [NekoJS/]: [client] [ticket48-auto] {"stage":"sample","ticks":28500,"elapsedMs":1424511,"statistics":{"initialBuild":1,"layout":9,"reconcile":0,"resize":1,"paint":40439,"diagnostics":0,"cleanup":0},"disposed":false,"username":"","passwordLength":0,"error":"","submitting":false,"lastSubmitted":"","renderFault":false,"recoveryCount":0,"listValues":[{"id":"first","text":"A"}],"listNodes":[{"id":"list-first","text":"A","rect":{"x":0,"y":230,"width":30,"height":10}}],"profile":2,"packFontWidth":16,"usernameRect":{"x":12,"y":57,"width":196,"height":20},"passwordRect":{"x":12,"y":96,"width":196,"height":20},"submitRect":{"x":12,"y":124,"width":92,"height":20}}
[0710月2026 02:44:54.297] [NekoJS-Log-Flusher/INFO] [NekoJS/]: [client] [ticket48-auto] {"stage":"sample","ticks":28600,"elapsedMs":1429486,"statistics":{"initialBuild":1,"layout":9,"reconcile":0,"resize":1,"paint":40588,"diagnostics":0,"cleanup":0},"disposed":false,"username":"","passwordLength":0,"error":"","submitting":false,"lastSubmitted":"","renderFault":false,"recoveryCount":0,"listValues":[{"id":"first","text":"A"}],"listNodes":[{"id":"list-first","text":"A","rect":{"x":0,"y":230,"width":30,"height":10}}],"profile":2,"packFontWidth":16,"usernameRect":{"x":12,"y":57,"width":196,"height":20},"passwordRect":{"x":12,"y":96,"width":196,"height":20},"submitRect":{"x":12,"y":124,"width":92,"height":20}}
[0710月2026 02:44:59.297] [NekoJS-Log-Flusher/INFO] [NekoJS/]: [client] [ticket48-auto] {"stage":"sample","ticks":28700,"elapsedMs":1434498,"statistics":{"initialBuild":1,"layout":9,"reconcile":0,"resize":1,"paint":40738,"diagnostics":0,"cleanup":0},"disposed":false,"username":"","passwordLength":0,"error":"","submitting":false,"lastSubmitted":"","renderFault":false,"recoveryCount":0,"listValues":[{"id":"first","text":"A"}],"listNodes":[{"id":"list-first","text":"A","rect":{"x":0,"y":230,"width":30,"height":10}}],"profile":2,"packFontWidth":16,"usernameRect":{"x":12,"y":57,"width":196,"height":20},"passwordRect":{"x":12,"y":96,"width":196,"height":20},"submitRect":{"x":12,"y":124,"width":92,"height":20}}
[0710月2026 02:45:04.298] [NekoJS-Log-Flusher/INFO] [NekoJS/]: [client] [ticket48-auto] {"stage":"sample","ticks":28800,"elapsedMs":1439508,"statistics":{"initialBuild":1,"layout":9,"reconcile":0,"resize":1,"paint":40888,"diagnostics":0,"cleanup":0},"disposed":false,"username":"","passwordLength":0,"error":"","submitting":false,"lastSubmitted":"","renderFault":false,"recoveryCount":0,"listValues":[{"id":"first","text":"A"}],"listNodes":[{"id":"list-first","text":"A","rect":{"x":0,"y":230,"width":30,"height":10}}],"profile":2,"packFontWidth":16,"usernameRect":{"x":12,"y":57,"width":196,"height":20},"passwordRect":{"x":12,"y":96,"width":196,"height":20},"submitRect":{"x":12,"y":124,"width":92,"height":20}}
[0710月2026 02:45:09.298] [NekoJS-Log-Flusher/INFO] [NekoJS/]: [client] [ticket48-auto] {"stage":"sample","ticks":28900,"elapsedMs":1444518,"statistics":{"initialBuild":1,"layout":9,"reconcile":0,"resize":1,"paint":41038,"diagnostics":0,"cleanup":0},"disposed":false,"username":"","passwordLength":0,"error":"","submitting":false,"lastSubmitted":"","renderFault":false,"recoveryCount":0,"listValues":[{"id":"first","text":"A"}],"listNodes":[{"id":"list-first","text":"A","rect":{"x":0,"y":230,"width":30,"height":10}}],"profile":2,"packFontWidth":16,"usernameRect":{"x":12,"y":57,"width":196,"height":20},"passwordRect":{"x":12,"y":96,"width":196,"height":20},"submitRect":{"x":12,"y":124,"width":92,"height":20}}
[0710月2026 02:45:14.298] [NekoJS-Log-Flusher/INFO] [NekoJS/]: [client] [ticket48-auto] {"stage":"sample","ticks":29000,"elapsedMs":1449499,"statistics":{"initialBuild":1,"layout":9,"reconcile":0,"resize":1,"paint":41187,"diagnostics":0,"cleanup":0},"disposed":false,"username":"","passwordLength":0,"error":"","submitting":false,"lastSubmitted":"","renderFault":false,"recoveryCount":0,"listValues":[{"id":"first","text":"A"}],"listNodes":[{"id":"list-first","text":"A","rect":{"x":0,"y":230,"width":30,"height":10}}],"profile":2,"packFontWidth":16,"usernameRect":{"x":12,"y":57,"width":196,"height":20},"passwordRect":{"x":12,"y":96,"width":196,"height":20},"submitRect":{"x":12,"y":124,"width":92,"height":20}}
[0710月2026 02:45:19.298] [NekoJS-Log-Flusher/INFO] [NekoJS/]: [client] [ticket48-auto] {"stage":"sample","ticks":29100,"elapsedMs":1454511,"statistics":{"initialBuild":1,"layout":9,"reconcile":0,"resize":1,"paint":41337,"diagnostics":0,"cleanup":0},"disposed":false,"username":"","passwordLength":0,"error":"","submitting":false,"lastSubmitted":"","renderFault":false,"recoveryCount":0,"listValues":[{"id":"first","text":"A"}],"listNodes":[{"id":"list-first","text":"A","rect":{"x":0,"y":230,"width":30,"height":10}}],"profile":2,"packFontWidth":16,"usernameRect":{"x":12,"y":57,"width":196,"height":20},"passwordRect":{"x":12,"y":96,"width":196,"height":20},"submitRect":{"x":12,"y":124,"width":92,"height":20}}
[0710月2026 02:45:24.299] [NekoJS-Log-Flusher/INFO] [NekoJS/]: [client] [ticket48-auto] {"stage":"sample","ticks":29200,"elapsedMs":1459488,"statistics":{"initialBuild":1,"layout":9,"reconcile":0,"resize":1,"paint":41486,"diagnostics":0,"cleanup":0},"disposed":false,"username":"","passwordLength":0,"error":"","submitting":false,"lastSubmitted":"","renderFault":false,"recoveryCount":0,"listValues":[{"id":"first","text":"A"}],"listNodes":[{"id":"list-first","text":"A","rect":{"x":0,"y":230,"width":30,"height":10}}],"profile":2,"packFontWidth":16,"usernameRect":{"x":12,"y":57,"width":196,"height":20},"passwordRect":{"x":12,"y":96,"width":196,"height":20},"submitRect":{"x":12,"y":124,"width":92,"height":20}}
[0710月2026 02:45:29.297] [NekoJS-Log-Flusher/INFO] [NekoJS/]: [client] [ticket48-auto] {"stage":"sample","ticks":29300,"elapsedMs":1464502,"statistics":{"initialBuild":1,"layout":9,"reconcile":0,"resize":1,"paint":41636,"diagnostics":0,"cleanup":0},"disposed":false,"username":"","passwordLength":0,"error":"","submitting":false,"lastSubmitted":"","renderFault":false,"recoveryCount":0,"listValues":[{"id":"first","text":"A"}],"listNodes":[{"id":"list-first","text":"A","rect":{"x":0,"y":230,"width":30,"height":10}}],"profile":2,"packFontWidth":16,"usernameRect":{"x":12,"y":57,"width":196,"height":20},"passwordRect":{"x":12,"y":96,"width":196,"height":20},"submitRect":{"x":12,"y":124,"width":92,"height":20}}
[0710月2026 02:45:34.299] [NekoJS-Log-Flusher/INFO] [NekoJS/]: [client] [ticket48-auto] {"stage":"sample","ticks":29400,"elapsedMs":1469548,"statistics":{"initialBuild":1,"layout":9,"reconcile":0,"resize":1,"paint":41743,"diagnostics":0,"cleanup":0},"disposed":false,"username":"","passwordLength":0,"error":"","submitting":false,"lastSubmitted":"","renderFault":false,"recoveryCount":0,"listValues":[{"id":"first","text":"A"}],"listNodes":[{"id":"list-first","text":"A","rect":{"x":0,"y":230,"width":30,"height":10}}],"profile":2,"packFontWidth":16,"usernameRect":{"x":12,"y":57,"width":196,"height":20},"passwordRect":{"x":12,"y":96,"width":196,"height":20},"submitRect":{"x":12,"y":124,"width":92,"height":20}}
[0710月2026 02:45:39.299] [NekoJS-Log-Flusher/INFO] [NekoJS/]: [client] [ticket48-auto] {"stage":"sample","ticks":29500,"elapsedMs":1474551,"statistics":{"initialBuild":1,"layout":9,"reconcile":0,"resize":1,"paint":41793,"diagnostics":0,"cleanup":0},"disposed":false,"username":"","passwordLength":0,"error":"","submitting":false,"lastSubmitted":"","renderFault":false,"recoveryCount":0,"listValues":[{"id":"first","text":"A"}],"listNodes":[{"id":"list-first","text":"A","rect":{"x":0,"y":230,"width":30,"height":10}}],"profile":2,"packFontWidth":16,"usernameRect":{"x":12,"y":57,"width":196,"height":20},"passwordRect":{"x":12,"y":96,"width":196,"height":20},"submitRect":{"x":12,"y":124,"width":92,"height":20}}
[0710月2026 02:45:44.298] [NekoJS-Log-Flusher/INFO] [NekoJS/]: [client] [ticket48-auto] {"stage":"sample","ticks":29600,"elapsedMs":1479555,"statistics":{"initialBuild":1,"layout":9,"reconcile":0,"resize":1,"paint":41843,"diagnostics":0,"cleanup":0},"disposed":false,"username":"","passwordLength":0,"error":"","submitting":false,"lastSubmitted":"","renderFault":false,"recoveryCount":0,"listValues":[{"id":"first","text":"A"}],"listNodes":[{"id":"list-first","text":"A","rect":{"x":0,"y":230,"width":30,"height":10}}],"profile":2,"packFontWidth":16,"usernameRect":{"x":12,"y":57,"width":196,"height":20},"passwordRect":{"x":12,"y":96,"width":196,"height":20},"submitRect":{"x":12,"y":124,"width":92,"height":20}}
[0710月2026 02:45:49.298] [NekoJS-Log-Flusher/INFO] [NekoJS/]: [client] [ticket48-auto] {"stage":"sample","ticks":29700,"elapsedMs":1484560,"statistics":{"initialBuild":1,"layout":9,"reconcile":0,"resize":1,"paint":41893,"diagnostics":0,"cleanup":0},"disposed":false,"username":"","passwordLength":0,"error":"","submitting":false,"lastSubmitted":"","renderFault":false,"recoveryCount":0,"listValues":[{"id":"first","text":"A"}],"listNodes":[{"id":"list-first","text":"A","rect":{"x":0,"y":230,"width":30,"height":10}}],"profile":2,"packFontWidth":16,"usernameRect":{"x":12,"y":57,"width":196,"height":20},"passwordRect":{"x":12,"y":96,"width":196,"height":20},"submitRect":{"x":12,"y":124,"width":92,"height":20}}
[0710月2026 02:45:54.299] [NekoJS-Log-Flusher/INFO] [NekoJS/]: [client] [ticket48-auto] {"stage":"sample","ticks":29800,"elapsedMs":1489563,"statistics":{"initialBuild":1,"layout":9,"reconcile":0,"resize":1,"paint":41943,"diagnostics":0,"cleanup":0},"disposed":false,"username":"","passwordLength":0,"error":"","submitting":false,"lastSubmitted":"","renderFault":false,"recoveryCount":0,"listValues":[{"id":"first","text":"A"}],"listNodes":[{"id":"list-first","text":"A","rect":{"x":0,"y":230,"width":30,"height":10}}],"profile":2,"packFontWidth":16,"usernameRect":{"x":12,"y":57,"width":196,"height":20},"passwordRect":{"x":12,"y":96,"width":196,"height":20},"submitRect":{"x":12,"y":124,"width":92,"height":20}}
[0710月2026 02:45:59.299] [NekoJS-Log-Flusher/INFO] [NekoJS/]: [client] [ticket48-auto] {"stage":"sample","ticks":29900,"elapsedMs":1494567,"statistics":{"initialBuild":1,"layout":9,"reconcile":0,"resize":1,"paint":41993,"diagnostics":0,"cleanup":0},"disposed":false,"username":"","passwordLength":0,"error":"","submitting":false,"lastSubmitted":"","renderFault":false,"recoveryCount":0,"listValues":[{"id":"first","text":"A"}],"listNodes":[{"id":"list-first","text":"A","rect":{"x":0,"y":230,"width":30,"height":10}}],"profile":2,"packFontWidth":16,"usernameRect":{"x":12,"y":57,"width":196,"height":20},"passwordRect":{"x":12,"y":96,"width":196,"height":20},"submitRect":{"x":12,"y":124,"width":92,"height":20}}
[0710月2026 02:46:01.824] [Render thread/INFO] [net.minecraft.client.gui.components.ChatComponent/]: [System] [CHAT] [Debug]: Reloaded resource packs
[0710月2026 02:46:01.836] [Render thread/WARN] [net.neoforged.neoforge.resource.ResourcePackLoader/]: Error reading optional pack metadata for mod/mcpmod, attempting fallback type
com.google.gson.JsonParseException: Pack declares support for version newer than 64, but is missing mandatory fields min_format and max_format
	at com.mojang.serialization.DataResult$Error.getOrThrow(DataResult.java:287) ~[datafixerupper-10.0.21.jar:?]
	at TRANSFORMER/minecraft@26.2/net.minecraft.server.packs.resources.ResourceMetadata$2.getSection(ResourceMetadata.java:38) ~[minecraft-client-patched-26.2.0.75.jar:?]
	at TRANSFORMER/minecraft@26.2/net.minecraft.server.packs.AbstractPackResources.getMetadataSection(AbstractPackResources.java:24) ~[minecraft-client-patched-26.2.0.75.jar:?]
	at TRANSFORMER/neoforge@26.2.0.75/net.neoforged.neoforge.resource.ResourcePackLoader.readMeta(ResourcePackLoader.java:202) ~[neoforge-26.2.0.75-universal.jar:?]
	at TRANSFORMER/neoforge@26.2.0.75/net.neoforged.neoforge.resource.ResourcePackLoader.readWithOptionalMeta(ResourcePackLoader.java:193) ~[neoforge-26.2.0.75-universal.jar:?]
	at TRANSFORMER/neoforge@26.2.0.75/net.neoforged.neoforge.resource.ResourcePackLoader.packFinder(ResourcePackLoader.java:134) ~[neoforge-26.2.0.75-universal.jar:?]
	at TRANSFORMER/neoforge@26.2.0.75/net.neoforged.neoforge.resource.ResourcePackLoader.lambda$buildPackFinder$0(ResourcePackLoader.java:97) ~[neoforge-26.2.0.75-universal.jar:?]
	at TRANSFORMER/minecraft@26.2/net.minecraft.server.packs.repository.PackRepository.discoverAvailable(PackRepository.java:45) ~[minecraft-client-patched-26.2.0.75.jar:?]
	at TRANSFORMER/minecraft@26.2/net.minecraft.server.packs.repository.PackRepository.reload(PackRepository.java:35) ~[minecraft-client-patched-26.2.0.75.jar:?]
	at TRANSFORMER/minecraft@26.2/net.minecraft.client.Minecraft.reloadResourcePacks(Minecraft.java:1046) [minecraft-client-patched-26.2.0.75.jar:?]
	at TRANSFORMER/minecraft@26.2/net.minecraft.client.Minecraft.reloadResourcePacks(Minecraft.java:1032) [minecraft-client-patched-26.2.0.75.jar:?]
	at TRANSFORMER/minecraft@26.2/net.minecraft.client.KeyboardHandler.handleDebugKeys(KeyboardHandler.java:282) [minecraft-client-patched-26.2.0.75.jar:?]
	at TRANSFORMER/minecraft@26.2/net.minecraft.client.KeyboardHandler.keyPress(KeyboardHandler.java:541) [minecraft-client-patched-26.2.0.75.jar:?]
	at TRANSFORMER/minecraft@26.2/net.minecraft.client.KeyboardHandler.lambda$setup$1(KeyboardHandler.java:630) [minecraft-client-patched-26.2.0.75.jar:?]
	at TRANSFORMER/minecraft@26.2/net.minecraft.util.thread.BlockableEventLoop.doRunTask(BlockableEventLoop.java:165) [minecraft-client-patched-26.2.0.75.jar:?]
	at TRANSFORMER/minecraft@26.2/net.minecraft.util.thread.ReentrantBlockableEventLoop.doRunTask(ReentrantBlockableEventLoop.java:24) [minecraft-client-patched-26.2.0.75.jar:?]
	at TRANSFORMER/minecraft@26.2/net.minecraft.util.thread.BlockableEventLoop.execute(BlockableEventLoop.java:108) [minecraft-client-patched-26.2.0.75.jar:?]
	at TRANSFORMER/minecraft@26.2/net.minecraft.client.KeyboardHandler.lambda$setup$0(KeyboardHandler.java:630) [minecraft-client-patched-26.2.0.75.jar:?]
	at org.lwjgl.glfw.GLFWKeyCallbackI.callback(GLFWKeyCallbackI.java:34) [lwjgl-glfw-3.4.1.jar:build 2]
	at org.lwjgl.system.JNI.invokeV(Native Method) [lwjgl-3.4.1-unsafe.jar:build 2]
	at org.lwjgl.glfw.GLFW.glfwPollEvents(GLFW.java:1600) [lwjgl-glfw-3.4.1.jar:build 2]
	at TRANSFORMER/minecraft@26.2/com.mojang.blaze3d.systems.RenderSystem.pollEvents(RenderSystem.java:105) [minecraft-client-patched-26.2.0.75.jar:?]
	at TRANSFORMER/minecraft@26.2/net.minecraft.client.Minecraft.run(Minecraft.java:927) [minecraft-client-patched-26.2.0.75.jar:?]
	at TRANSFORMER/minecraft@26.2/net.minecraft.client.main.Main.main(Main.java:294) [minecraft-client-patched-26.2.0.75.jar:?]
	at net.neoforged.fml.startup.Client.main(Client.java:19) [loader-11.0.16.jar:11.0]
[0710月2026 02:46:01.849] [Render thread/INFO] [net.minecraft.server.packs.resources.ReloadableResourceManager/]: Reloading ResourceManager: vanilla, mod_resources, mod/nekojs, mod/graalmc, mod/neoforge, mod/mcpmod, nekojs
[0710月2026 02:46:01.899] [Worker-Main-56/INFO] [net.minecraft.client.gui.font.providers.UnihexProvider/]: Found unifont_pua-17.0.01.hex, loading
[0710月2026 02:46:01.900] [Worker-Main-44/INFO] [net.minecraft.client.gui.font.providers.UnihexProvider/]: Found unifont_all_no_pua-17.0.01.hex, loading
[0710月2026 02:46:02.026] [Worker-Main-42/INFO] [net.minecraft.client.gui.font.providers.UnihexProvider/]: Found unifont_jp_patch-17.0.01.hex, loading
[0710月2026 02:46:02.800] [Render thread/WARN] [com.mojang.blaze3d.opengl.GlProgram/]: neoforge:pipeline/item_translucent_unlit shader program does not use sampler Sampler2 defined in the pipeline. This might be a bug.
[0710月2026 02:46:02.812] [Render thread/WARN] [com.mojang.blaze3d.opengl.GlProgram/]: neoforge:pipeline/item_cutout_unlit shader program does not use sampler Sampler2 defined in the pipeline. This might be a bug.
[0710月2026 02:46:02.885] [Render thread/INFO] [com.mojang.blaze3d.audio.Library/]: OpenAL initialized on device OpenAL Soft on 扬声器 (Razer Barracuda X)
[0710月2026 02:46:02.886] [Render thread/INFO] [net.minecraft.client.sounds.SoundEngine/SOUNDS]: Sound engine started
[0710月2026 02:46:02.886] [Render thread/INFO] [net.minecraft.client.renderer.texture.TextureAtlas/]: Created: 512x256x0 minecraft:textures/atlas/particles.png-atlas
[0710月2026 02:46:02.902] [Render thread/INFO] [net.minecraft.client.renderer.texture.TextureAtlas/]: Created: 128x128x0 minecraft:textures/atlas/decorated_pot.png-atlas
[0710月2026 02:46:02.915] [Render thread/INFO] [net.minecraft.client.renderer.texture.TextureAtlas/]: Created: 2048x1024x0 minecraft:textures/atlas/armor_trims.png-atlas
[0710月2026 02:46:02.955] [Render thread/INFO] [net.minecraft.client.renderer.texture.TextureAtlas/]: Created: 512x256x0 minecraft:textures/atlas/paintings.png-atlas
[0710月2026 02:46:02.960] [Render thread/INFO] [net.minecraft.client.renderer.texture.TextureAtlas/]: Created: 1024x512x0 minecraft:textures/atlas/shield_patterns.png-atlas
[0710月2026 02:46:02.967] [Render thread/INFO] [net.minecraft.client.renderer.texture.TextureAtlas/]: Created: 2048x2048x4 minecraft:textures/atlas/blocks.png-atlas
[0710月2026 02:46:03.079] [Render thread/INFO] [net.minecraft.client.renderer.texture.TextureAtlas/]: Created: 512x512x0 minecraft:textures/atlas/chest.png-atlas
[0710月2026 02:46:03.082] [Render thread/INFO] [net.minecraft.client.renderer.texture.TextureAtlas/]: Created: 256x128x0 minecraft:textures/atlas/celestials.png-atlas
[0710月2026 02:46:03.083] [Render thread/INFO] [net.minecraft.client.renderer.texture.TextureAtlas/]: Created: 1024x512x0 minecraft:textures/atlas/banner_patterns.png-atlas
[0710月2026 02:46:03.092] [Render thread/INFO] [net.minecraft.client.renderer.texture.TextureAtlas/]: Created: 1024x512x0 minecraft:textures/atlas/items.png-atlas
[0710月2026 02:46:03.116] [Render thread/INFO] [net.minecraft.client.renderer.texture.TextureAtlas/]: Created: 1024x1024x0 minecraft:textures/atlas/gui.png-atlas
[0710月2026 02:46:03.143] [Render thread/INFO] [net.minecraft.client.renderer.texture.TextureAtlas/]: Created: 128x64x0 minecraft:textures/atlas/map_decorations.png-atlas
[0710月2026 02:46:03.145] [Render thread/INFO] [net.minecraft.client.renderer.texture.TextureAtlas/]: Created: 512x512x0 minecraft:textures/atlas/shulker_boxes.png-atlas
[0710月2026 02:46:03.273] [Render thread/INFO] [net.neoforged.neoforge.client.entity.animation.json.AnimationLoader/]: Loaded 0 entity animations
[0710月2026 02:46:03.298] [NekoJS-Log-Flusher/INFO] [NekoJS/]: [client] 正在重载 CLIENT 脚本... — reloading scripts (x2)
[0710月2026 02:46:03.605] [Render thread/INFO] [NekoJS/]: 正在为 CLIENT 注册 16 个事件组... — registering event groups
[0710月2026 02:46:03.645] [Render thread/INFO] [NekoJS/]: [client] 发现了 4 个 CLIENT 脚本 — scripts discovered
[0710月2026 02:46:03.683] [Render thread/ERROR] [NekoJS/]: [client] Script binding-preflight unknown-identifier flatMap callback exception:
环境: CLIENT
位置: client_scripts/src/combined-session.tsx:71:55
原因: Unknown identifier 'flatMap'. Did you mean 'DataMap'?

   69 |     renderFault: renderFault.get(), recoveryCount: recoveryCount.get(),
   70 |     listValues: listItems.get(),
 > 71 |     listNodes: layout ? ['list-first', 'list-second'].flatMap(id => {
     |                                                       ^
   72 |       const node = find(layout.nodes, id);
   73 |       return node ? [{ id: node.id, text: node.text ?? node.style?.text ?? null, rect: node.rect }] : [];
script-diagnostic id=nekojs:rt/CLIENT/binding-preflight unknown-identifier flatMap/5d31c64e type=client phase=RESOLVE_LINK owner=Module Resolution/Cache generation=4 candidate=true source=client_scripts/src/combined-session.tsx:71:55 module=D:/mcmodDemo/NekoJS-mult/build/ticket48-autonomous/nekojs/client_scripts/src/combined-session.tsx cause=NekoEsmLinkException: Unknown identifier 'flatMap'. Did you mean 'DataMap'? at D:\mcmodDemo\NekoJS-mult\build\ticket48-autonomous\nekojs\client_scripts\src\combined-session.tsx:71:55
[0710月2026 02:46:03.783] [Render thread/ERROR] [NekoJS/]: [client] Script binding-preflight unknown-identifier flatMap callback exception:
环境: CLIENT
位置: client_scripts/src/combined-session.tsx:71:55
原因: Unknown identifier 'flatMap'. Did you mean 'DataMap'?
频次: 连续发生了 2 次

   69 |     renderFault: renderFault.get(), recoveryCount: recoveryCount.get(),
   70 |     listValues: listItems.get(),
 > 71 |     listNodes: layout ? ['list-first', 'list-second'].flatMap(id => {
     |                                                       ^
   72 |       const node = find(layout.nodes, id);
   73 |       return node ? [{ id: node.id, text: node.text ?? node.style?.text ?? null, rect: node.rect }] : [];
script-diagnostic id=nekojs:rt/CLIENT/binding-preflight unknown-identifier flatMap/5d31c64e type=client phase=RESOLVE_LINK owner=Module Resolution/Cache generation=4 candidate=true source=client_scripts/src/combined-session.tsx:71:55 module=D:/mcmodDemo/NekoJS-mult/build/ticket48-autonomous/nekojs/client_scripts/src/combined-session.tsx cause=NekoEsmLinkException: Unknown identifier 'flatMap'. Did you mean 'DataMap'? at D:\mcmodDemo\NekoJS-mult\build\ticket48-autonomous\nekojs\client_scripts\src\combined-session.tsx:71:55
[0710月2026 02:46:03.786] [Render thread/INFO] [com.tkisor.nekojs.client.posteffect.PostEffectManager/]: Installed client post-effect generation 3 (0 definition(s), 0 removed, 0 re-declared)
[0710月2026 02:46:03.788] [Render thread/INFO] [NekoJS/]: [client] Hello, World! (Loaded client example script)
[0710月2026 02:46:04.298] [NekoJS-Log-Flusher/INFO] [NekoJS/]: [client] CLIENT 脚本重载完毕 — script reload finished (x2)
[0710月2026 02:46:09.479] [Render thread/INFO] [NekoJS/]: [client] [ticket48-auto] {"stage":"open","ticks":120,"elapsedMs":5707,"statistics":{"initialBuild":1,"layout":2,"reconcile":0,"resize":1,"paint":0,"diagnostics":0,"cleanup":0},"disposed":false,"username":"","passwordLength":0,"error":"","submitting":false,"lastSubmitted":"","renderFault":false,"recoveryCount":0,"listValues":[{"id":"first","text":"A"}],"listNodes":[{"id":"list-first","text":"A","rect":{"x":0,"y":230,"width":30,"height":10}}],"profile":2,"packFontWidth":36,"usernameRect":{"x":12,"y":57,"width":196,"height":20},"passwordRect":{"x":12,"y":96,"width":196,"height":20},"submitRect":{"x":12,"y":124,"width":92,"height":20}}
[0710月2026 02:46:09.495] [Render thread/INFO] [NekoJS/]: [client] [ticket48-auto] {"stage":"profile-1-result-true","ticks":120,"elapsedMs":5727,"statistics":{"initialBuild":1,"layout":3,"reconcile":0,"resize":1,"paint":0,"diagnostics":0,"cleanup":0},"disposed":false,"username":"","passwordLength":0,"error":"","submitting":false,"lastSubmitted":"","renderFault":false,"recoveryCount":0,"listValues":[{"id":"first","text":"A"}],"listNodes":[{"id":"list-first","text":"A","rect":{"x":0,"y":230,"width":30,"height":10}}],"profile":1,"packFontWidth":36,"usernameRect":{"x":12,"y":57,"width":196,"height":20},"passwordRect":{"x":12,"y":96,"width":196,"height":20},"submitRect":{"x":12,"y":124,"width":92,"height":20}}
[0710月2026 02:46:09.506] [Render thread/INFO] [NekoJS/]: [client] [ticket48-auto] {"stage":"profile-2-result-true","ticks":120,"elapsedMs":5742,"statistics":{"initialBuild":1,"layout":4,"reconcile":0,"resize":1,"paint":0,"diagnostics":0,"cleanup":0},"disposed":false,"username":"","passwordLength":0,"error":"","submitting":false,"lastSubmitted":"","renderFault":false,"recoveryCount":0,"listValues":[{"id":"first","text":"A"}],"listNodes":[{"id":"list-first","text":"A","rect":{"x":0,"y":230,"width":30,"height":10}}],"profile":2,"packFontWidth":36,"usernameRect":{"x":12,"y":57,"width":196,"height":20},"passwordRect":{"x":12,"y":96,"width":196,"height":20},"submitRect":{"x":12,"y":124,"width":92,"height":20}}
[0710月2026 02:46:09.521] [Render thread/INFO] [NekoJS/]: [client] [ticket48-auto] {"stage":"profile-3-result-true","ticks":120,"elapsedMs":5754,"statistics":{"initialBuild":1,"layout":5,"reconcile":0,"resize":1,"paint":0,"diagnostics":0,"cleanup":0},"disposed":false,"username":"","passwordLength":0,"error":"","submitting":false,"lastSubmitted":"","renderFault":false,"recoveryCount":0,"listValues":[{"id":"first","text":"A"}],"listNodes":[{"id":"list-first","text":"A","rect":{"x":0,"y":230,"width":30,"height":10}}],"profile":3,"packFontWidth":36,"usernameRect":{"x":12,"y":57,"width":196,"height":20},"passwordRect":{"x":12,"y":96,"width":196,"height":20},"submitRect":{"x":12,"y":124,"width":92,"height":20}}
[0710月2026 02:46:09.530] [Render thread/INFO] [NekoJS/]: [client] [ticket48-auto] {"stage":"profile-4-result-true","ticks":120,"elapsedMs":5768,"statistics":{"initialBuild":1,"layout":6,"reconcile":0,"resize":1,"paint":0,"diagnostics":0,"cleanup":0},"disposed":false,"username":"","passwordLength":0,"error":"","submitting":false,"lastSubmitted":"","renderFault":false,"recoveryCount":0,"listValues":[{"id":"first","text":"A"}],"listNodes":[{"id":"list-first","text":"A","rect":{"x":0,"y":230,"width":30,"height":10}}],"profile":4,"packFontWidth":36,"usernameRect":{"x":12,"y":57,"width":196,"height":20},"passwordRect":{"x":12,"y":96,"width":196,"height":20},"submitRect":{"x":12,"y":124,"width":92,"height":20}}
[0710月2026 02:46:09.541] [Render thread/INFO] [NekoJS/]: [client] [ticket48-auto] {"stage":"profile-5-result-true","ticks":120,"elapsedMs":5778,"statistics":{"initialBuild":1,"layout":7,"reconcile":0,"resize":1,"paint":0,"diagnostics":0,"cleanup":0},"disposed":false,"username":"","passwordLength":0,"error":"","submitting":false,"lastSubmitted":"","renderFault":false,"recoveryCount":0,"listValues":[{"id":"first","text":"A"}],"listNodes":[{"id":"list-first","text":"A","rect":{"x":0,"y":230,"width":30,"height":10}}],"profile":5,"packFontWidth":36,"usernameRect":{"x":12,"y":57,"width":196,"height":20},"passwordRect":{"x":12,"y":96,"width":196,"height":20},"submitRect":{"x":12,"y":124,"width":92,"height":20}}
[0710月2026 02:46:09.552] [Render thread/INFO] [NekoJS/]: [client] [ticket48-auto] {"stage":"profile-6-result-true","ticks":120,"elapsedMs":5789,"statistics":{"initialBuild":1,"layout":8,"reconcile":0,"resize":1,"paint":0,"diagnostics":0,"cleanup":0},"disposed":false,"username":"","passwordLength":0,"error":"","submitting":false,"lastSubmitted":"","renderFault":false,"recoveryCount":0,"listValues":[{"id":"first","text":"A"}],"listNodes":[{"id":"list-first","text":"A","rect":{"x":0,"y":230,"width":30,"height":10}}],"profile":6,"packFontWidth":36,"usernameRect":{"x":12,"y":59,"width":196,"height":20},"passwordRect":{"x":12,"y":98,"width":196,"height":20},"submitRect":{"x":12,"y":126,"width":92,"height":20}}
[0710月2026 02:46:10.298] [NekoJS-Log-Flusher/INFO] [NekoJS/]: [client] [ticket48-auto] {"stage":"physical-window-restored","ticks":120,"elapsedMs":5799,"statistics":{"initialBuild":1,"layout":9,"reconcile":0,"resize":1,"paint":0,"diagnostics":0,"cleanup":0},"disposed":false,"username":"","passwordLength":0,"error":"","submitting":false,"lastSubmitted":"","renderFault":false,"recoveryCount":0,"listValues":[{"id":"first","text":"A"}],"listNodes":[{"id":"list-first","text":"A","rect":{"x":0,"y":230,"width":30,"height":10}}],"profile":2,"packFontWidth":36,"usernameRect":{"x":12,"y":57,"width":196,"height":20},"passwordRect":{"x":12,"y":96,"width":196,"height":20},"submitRect":{"x":12,"y":124,"width":92,"height":20}}
[0710月2026 02:46:13.299] [NekoJS-Log-Flusher/INFO] [NekoJS/]: [client] [ticket48-auto] {"stage":"sample","ticks":200,"elapsedMs":9542,"statistics":{"initialBuild":1,"layout":9,"reconcile":0,"resize":1,"paint":224,"diagnostics":0,"cleanup":0},"disposed":false,"username":"","passwordLength":0,"error":"","submitting":false,"lastSubmitted":"","renderFault":false,"recoveryCount":0,"listValues":[{"id":"first","text":"A"}],"listNodes":[{"id":"list-first","text":"A","rect":{"x":0,"y":230,"width":30,"height":10}}],"profile":2,"packFontWidth":36,"usernameRect":{"x":12,"y":57,"width":196,"height":20},"passwordRect":{"x":12,"y":96,"width":196,"height":20},"submitRect":{"x":12,"y":124,"width":92,"height":20}}
[0710月2026 02:46:19.298] [NekoJS-Log-Flusher/INFO] [NekoJS/]: [client] [ticket48-auto] {"stage":"sample","ticks":300,"elapsedMs":14554,"statistics":{"initialBuild":1,"layout":9,"reconcile":0,"resize":1,"paint":523,"diagnostics":0,"cleanup":0},"disposed":false,"username":"","passwordLength":0,"error":"","submitting":false,"lastSubmitted":"","renderFault":false,"recoveryCount":0,"listValues":[{"id":"first","text":"A"}],"listNodes":[{"id":"list-first","text":"A","rect":{"x":0,"y":230,"width":30,"height":10}}],"profile":2,"packFontWidth":36,"usernameRect":{"x":12,"y":57,"width":196,"height":20},"passwordRect":{"x":12,"y":96,"width":196,"height":20},"submitRect":{"x":12,"y":124,"width":92,"height":20}}
[0710月2026 02:46:24.299] [NekoJS-Log-Flusher/INFO] [NekoJS/]: [client] [ticket48-auto] {"stage":"sample","ticks":400,"elapsedMs":19551,"statistics":{"initialBuild":1,"layout":9,"reconcile":0,"resize":1,"paint":821,"diagnostics":0,"cleanup":0},"disposed":false,"username":"","passwordLength":0,"error":"","submitting":false,"lastSubmitted":"","renderFault":false,"recoveryCount":0,"listValues":[{"id":"first","text":"A"}],"listNodes":[{"id":"list-first","text":"A","rect":{"x":0,"y":230,"width":30,"height":10}}],"profile":2,"packFontWidth":36,"usernameRect":{"x":12,"y":57,"width":196,"height":20},"passwordRect":{"x":12,"y":96,"width":196,"height":20},"submitRect":{"x":12,"y":124,"width":92,"height":20}}
[0710月2026 02:46:29.298] [NekoJS-Log-Flusher/INFO] [NekoJS/]: [client] [ticket48-auto] {"stage":"sample","ticks":500,"elapsedMs":24547,"statistics":{"initialBuild":1,"layout":9,"reconcile":0,"resize":1,"paint":1119,"diagnostics":0,"cleanup":0},"disposed":false,"username":"","passwordLength":0,"error":"","submitting":false,"lastSubmitted":"","renderFault":false,"recoveryCount":0,"listValues":[{"id":"first","text":"A"}],"listNodes":[{"id":"list-first","text":"A","rect":{"x":0,"y":230,"width":30,"height":10}}],"profile":2,"packFontWidth":36,"usernameRect":{"x":12,"y":57,"width":196,"height":20},"passwordRect":{"x":12,"y":96,"width":196,"height":20},"submitRect":{"x":12,"y":124,"width":92,"height":20}}
[0710月2026 02:46:33.299] [NekoJS-Log-Flusher/INFO] [NekoJS/]: [client] [ticket48-auto] {"stage":"sample","ticks":600,"elapsedMs":29542,"statistics":{"initialBuild":1,"layout":9,"reconcile":0,"resize":1,"paint":1417,"diagnostics":0,"cleanup":0},"disposed":false,"username":"","passwordLength":0,"error":"","submitting":false,"lastSubmitted":"","renderFault":false,"recoveryCount":0,"listValues":[{"id":"first","text":"A"}],"listNodes":[{"id":"list-first","text":"A","rect":{"x":0,"y":230,"width":30,"height":10}}],"profile":2,"packFontWidth":36,"usernameRect":{"x":12,"y":57,"width":196,"height":20},"passwordRect":{"x":12,"y":96,"width":196,"height":20},"submitRect":{"x":12,"y":124,"width":92,"height":20}}
[0710月2026 02:46:39.298] [NekoJS-Log-Flusher/INFO] [NekoJS/]: [client] [ticket48-auto] {"stage":"sample","ticks":700,"elapsedMs":34553,"statistics":{"initialBuild":1,"layout":9,"reconcile":0,"resize":1,"paint":1716,"diagnostics":0,"cleanup":0},"disposed":false,"username":"","passwordLength":0,"error":"","submitting":false,"lastSubmitted":"","renderFault":false,"recoveryCount":0,"listValues":[{"id":"first","text":"A"}],"listNodes":[{"id":"list-first","text":"A","rect":{"x":0,"y":230,"width":30,"height":10}}],"profile":2,"packFontWidth":36,"usernameRect":{"x":12,"y":57,"width":196,"height":20},"passwordRect":{"x":12,"y":96,"width":196,"height":20},"submitRect":{"x":12,"y":124,"width":92,"height":20}}
[0710月2026 02:46:44.299] [NekoJS-Log-Flusher/INFO] [NekoJS/]: [client] [ticket48-auto] {"stage":"sample","ticks":800,"elapsedMs":39546,"statistics":{"initialBuild":1,"layout":9,"reconcile":0,"resize":1,"paint":2014,"diagnostics":0,"cleanup":0},"disposed":false,"username":"","passwordLength":0,"error":"","submitting":false,"lastSubmitted":"","renderFault":false,"recoveryCount":0,"listValues":[{"id":"first","text":"A"}],"listNodes":[{"id":"list-first","text":"A","rect":{"x":0,"y":230,"width":30,"height":10}}],"profile":2,"packFontWidth":36,"usernameRect":{"x":12,"y":57,"width":196,"height":20},"passwordRect":{"x":12,"y":96,"width":196,"height":20},"submitRect":{"x":12,"y":124,"width":92,"height":20}}
[0710月2026 02:46:49.298] [NekoJS-Log-Flusher/INFO] [NekoJS/]: [client] [ticket48-auto] {"stage":"sample","ticks":900,"elapsedMs":44547,"statistics":{"initialBuild":1,"layout":9,"reconcile":0,"resize":1,"paint":2312,"diagnostics":0,"cleanup":0},"disposed":false,"username":"","passwordLength":0,"error":"","submitting":false,"lastSubmitted":"","renderFault":false,"recoveryCount":0,"listValues":[{"id":"first","text":"A"}],"listNodes":[{"id":"list-first","text":"A","rect":{"x":0,"y":230,"width":30,"height":10}}],"profile":2,"packFontWidth":36,"usernameRect":{"x":12,"y":57,"width":196,"height":20},"passwordRect":{"x":12,"y":96,"width":196,"height":20},"submitRect":{"x":12,"y":124,"width":92,"height":20}}
[0710月2026 02:46:53.298] [NekoJS-Log-Flusher/INFO] [NekoJS/]: [client] [ticket48-auto] {"stage":"sample","ticks":1000,"elapsedMs":49543,"statistics":{"initialBuild":1,"layout":9,"reconcile":0,"resize":1,"paint":2610,"diagnostics":0,"cleanup":0},"disposed":false,"username":"","passwordLength":0,"error":"","submitting":false,"lastSubmitted":"","renderFault":false,"recoveryCount":0,"listValues":[{"id":"first","text":"A"}],"listNodes":[{"id":"list-first","text":"A","rect":{"x":0,"y":230,"width":30,"height":10}}],"profile":2,"packFontWidth":36,"usernameRect":{"x":12,"y":57,"width":196,"height":20},"passwordRect":{"x":12,"y":96,"width":196,"height":20},"submitRect":{"x":12,"y":124,"width":92,"height":20}}
[0710月2026 02:46:58.298] [NekoJS-Log-Flusher/INFO] [NekoJS/]: [client] [ticket48-auto] {"stage":"sample","ticks":1100,"elapsedMs":54543,"statistics":{"initialBuild":1,"layout":9,"reconcile":0,"resize":1,"paint":2908,"diagnostics":0,"cleanup":0},"disposed":false,"username":"","passwordLength":0,"error":"","submitting":false,"lastSubmitted":"","renderFault":false,"recoveryCount":0,"listValues":[{"id":"first","text":"A"}],"listNodes":[{"id":"list-first","text":"A","rect":{"x":0,"y":230,"width":30,"height":10}}],"profile":2,"packFontWidth":36,"usernameRect":{"x":12,"y":57,"width":196,"height":20},"passwordRect":{"x":12,"y":96,"width":196,"height":20},"submitRect":{"x":12,"y":124,"width":92,"height":20}}
[0710月2026 02:47:03.298] [NekoJS-Log-Flusher/INFO] [NekoJS/]: [client] [ticket48-auto] {"stage":"sample","ticks":1200,"elapsedMs":59539,"statistics":{"initialBuild":1,"layout":9,"reconcile":0,"resize":1,"paint":3206,"diagnostics":0,"cleanup":0},"disposed":false,"username":"","passwordLength":0,"error":"","submitting":false,"lastSubmitted":"","renderFault":false,"recoveryCount":0,"listValues":[{"id":"first","text":"A"}],"listNodes":[{"id":"list-first","text":"A","rect":{"x":0,"y":230,"width":30,"height":10}}],"profile":2,"packFontWidth":36,"usernameRect":{"x":12,"y":57,"width":196,"height":20},"passwordRect":{"x":12,"y":96,"width":196,"height":20},"submitRect":{"x":12,"y":124,"width":92,"height":20}}
[0710月2026 02:47:09.300] [NekoJS-Log-Flusher/INFO] [NekoJS/]: [client] [ticket48-auto] {"stage":"sample","ticks":1300,"elapsedMs":64547,"statistics":{"initialBuild":1,"layout":9,"reconcile":0,"resize":1,"paint":3505,"diagnostics":0,"cleanup":0},"disposed":false,"username":"","passwordLength":0,"error":"","submitting":false,"lastSubmitted":"","renderFault":false,"recoveryCount":0,"listValues":[{"id":"first","text":"A"}],"listNodes":[{"id":"list-first","text":"A","rect":{"x":0,"y":230,"width":30,"height":10}}],"profile":2,"packFontWidth":36,"usernameRect":{"x":12,"y":57,"width":196,"height":20},"passwordRect":{"x":12,"y":96,"width":196,"height":20},"submitRect":{"x":12,"y":124,"width":92,"height":20}}
[0710月2026 02:47:13.298] [NekoJS-Log-Flusher/INFO] [NekoJS/]: [client] [ticket48-auto] {"stage":"sample","ticks":1400,"elapsedMs":69544,"statistics":{"initialBuild":1,"layout":9,"reconcile":0,"resize":1,"paint":3803,"diagnostics":0,"cleanup":0},"disposed":false,"username":"","passwordLength":0,"error":"","submitting":false,"lastSubmitted":"","renderFault":false,"recoveryCount":0,"listValues":[{"id":"first","text":"A"}],"listNodes":[{"id":"list-first","text":"A","rect":{"x":0,"y":230,"width":30,"height":10}}],"profile":2,"packFontWidth":36,"usernameRect":{"x":12,"y":57,"width":196,"height":20},"passwordRect":{"x":12,"y":96,"width":196,"height":20},"submitRect":{"x":12,"y":124,"width":92,"height":20}}
[0710月2026 02:47:18.299] [NekoJS-Log-Flusher/INFO] [NekoJS/]: [client] [ticket48-auto] {"stage":"sample","ticks":1500,"elapsedMs":74539,"statistics":{"initialBuild":1,"layout":9,"reconcile":0,"resize":1,"paint":4101,"diagnostics":0,"cleanup":0},"disposed":false,"username":"","passwordLength":0,"error":"","submitting":false,"lastSubmitted":"","renderFault":false,"recoveryCount":0,"listValues":[{"id":"first","text":"A"}],"listNodes":[{"id":"list-first","text":"A","rect":{"x":0,"y":230,"width":30,"height":10}}],"profile":2,"packFontWidth":36,"usernameRect":{"x":12,"y":57,"width":196,"height":20},"passwordRect":{"x":12,"y":96,"width":196,"height":20},"submitRect":{"x":12,"y":124,"width":92,"height":20}}
[0710月2026 02:47:24.298] [NekoJS-Log-Flusher/INFO] [NekoJS/]: [client] [ticket48-auto] {"stage":"sample","ticks":1600,"elapsedMs":79553,"statistics":{"initialBuild":1,"layout":9,"reconcile":0,"resize":1,"paint":4400,"diagnostics":0,"cleanup":0},"disposed":false,"username":"","passwordLength":0,"error":"","submitting":false,"lastSubmitted":"","renderFault":false,"recoveryCount":0,"listValues":[{"id":"first","text":"A"}],"listNodes":[{"id":"list-first","text":"A","rect":{"x":0,"y":230,"width":30,"height":10}}],"profile":2,"packFontWidth":36,"usernameRect":{"x":12,"y":57,"width":196,"height":20},"passwordRect":{"x":12,"y":96,"width":196,"height":20},"submitRect":{"x":12,"y":124,"width":92,"height":20}}
[0710月2026 02:47:28.299] [NekoJS-Log-Flusher/INFO] [NekoJS/]: [client] [ticket48-auto] {"stage":"sample","ticks":1700,"elapsedMs":84545,"statistics":{"initialBuild":1,"layout":9,"reconcile":0,"resize":1,"paint":4698,"diagnostics":0,"cleanup":0},"disposed":false,"username":"","passwordLength":0,"error":"","submitting":false,"lastSubmitted":"","renderFault":false,"recoveryCount":0,"listValues":[{"id":"first","text":"A"}],"listNodes":[{"id":"list-first","text":"A","rect":{"x":0,"y":230,"width":30,"height":10}}],"profile":2,"packFontWidth":36,"usernameRect":{"x":12,"y":57,"width":196,"height":20},"passwordRect":{"x":12,"y":96,"width":196,"height":20},"submitRect":{"x":12,"y":124,"width":92,"height":20}}
[0710月2026 02:47:34.299] [NekoJS-Log-Flusher/INFO] [NekoJS/]: [client] [ticket48-auto] {"stage":"sample","ticks":1800,"elapsedMs":89551,"statistics":{"initialBuild":1,"layout":9,"reconcile":0,"resize":1,"paint":4997,"diagnostics":0,"cleanup":0},"disposed":false,"username":"","passwordLength":0,"error":"","submitting":false,"lastSubmitted":"","renderFault":false,"recoveryCount":0,"listValues":[{"id":"first","text":"A"}],"listNodes":[{"id":"list-first","text":"A","rect":{"x":0,"y":230,"width":30,"height":10}}],"profile":2,"packFontWidth":36,"usernameRect":{"x":12,"y":57,"width":196,"height":20},"passwordRect":{"x":12,"y":96,"width":196,"height":20},"submitRect":{"x":12,"y":124,"width":92,"height":20}}
[0710月2026 02:47:39.300] [NekoJS-Log-Flusher/INFO] [NekoJS/]: [client] [ticket48-auto] {"stage":"sample","ticks":1900,"elapsedMs":94549,"statistics":{"initialBuild":1,"layout":9,"reconcile":0,"resize":1,"paint":5295,"diagnostics":0,"cleanup":0},"disposed":false,"username":"","passwordLength":0,"error":"","submitting":false,"lastSubmitted":"","renderFault":false,"recoveryCount":0,"listValues":[{"id":"first","text":"A"}],"listNodes":[{"id":"list-first","text":"A","rect":{"x":0,"y":230,"width":30,"height":10}}],"profile":2,"packFontWidth":36,"usernameRect":{"x":12,"y":57,"width":196,"height":20},"passwordRect":{"x":12,"y":96,"width":196,"height":20},"submitRect":{"x":12,"y":124,"width":92,"height":20}}
[0710月2026 02:47:43.299] [NekoJS-Log-Flusher/INFO] [NekoJS/]: [client] [ticket48-auto] {"stage":"sample","ticks":2000,"elapsedMs":99540,"statistics":{"initialBuild":1,"layout":9,"reconcile":0,"resize":1,"paint":5593,"diagnostics":0,"cleanup":0},"disposed":false,"username":"","passwordLength":0,"error":"","submitting":false,"lastSubmitted":"","renderFault":false,"recoveryCount":0,"listValues":[{"id":"first","text":"A"}],"listNodes":[{"id":"list-first","text":"A","rect":{"x":0,"y":230,"width":30,"height":10}}],"profile":2,"packFontWidth":36,"usernameRect":{"x":12,"y":57,"width":196,"height":20},"passwordRect":{"x":12,"y":96,"width":196,"height":20},"submitRect":{"x":12,"y":124,"width":92,"height":20}}
[0710月2026 02:47:49.300] [NekoJS-Log-Flusher/INFO] [NekoJS/]: [client] [ticket48-auto] {"stage":"sample","ticks":2100,"elapsedMs":104554,"statistics":{"initialBuild":1,"layout":9,"reconcile":0,"resize":1,"paint":5892,"diagnostics":0,"cleanup":0},"disposed":false,"username":"","passwordLength":0,"error":"","submitting":false,"lastSubmitted":"","renderFault":false,"recoveryCount":0,"listValues":[{"id":"first","text":"A"}],"listNodes":[{"id":"list-first","text":"A","rect":{"x":0,"y":230,"width":30,"height":10}}],"profile":2,"packFontWidth":36,"usernameRect":{"x":12,"y":57,"width":196,"height":20},"passwordRect":{"x":12,"y":96,"width":196,"height":20},"submitRect":{"x":12,"y":124,"width":92,"height":20}}
[0710月2026 02:47:53.299] [NekoJS-Log-Flusher/INFO] [NekoJS/]: [client] [ticket48-auto] {"stage":"sample","ticks":2200,"elapsedMs":109542,"statistics":{"initialBuild":1,"layout":9,"reconcile":0,"resize":1,"paint":6139,"diagnostics":0,"cleanup":0},"disposed":false,"username":"","passwordLength":0,"error":"","submitting":false,"lastSubmitted":"","renderFault":false,"recoveryCount":0,"listValues":[{"id":"first","text":"A"}],"listNodes":[{"id":"list-first","text":"A","rect":{"x":0,"y":230,"width":30,"height":10}}],"profile":2,"packFontWidth":36,"usernameRect":{"x":12,"y":57,"width":196,"height":20},"passwordRect":{"x":12,"y":96,"width":196,"height":20},"submitRect":{"x":12,"y":124,"width":92,"height":20}}
[0710月2026 02:47:59.299] [NekoJS-Log-Flusher/INFO] [NekoJS/]: [client] [ticket48-auto] {"stage":"sample","ticks":2300,"elapsedMs":114555,"statistics":{"initialBuild":1,"layout":9,"reconcile":0,"resize":1,"paint":6289,"diagnostics":0,"cleanup":0},"disposed":false,"username":"","passwordLength":0,"error":"","submitting":false,"lastSubmitted":"","renderFault":false,"recoveryCount":0,"listValues":[{"id":"first","text":"A"}],"listNodes":[{"id":"list-first","text":"A","rect":{"x":0,"y":230,"width":30,"height":10}}],"profile":2,"packFontWidth":36,"usernameRect":{"x":12,"y":57,"width":196,"height":20},"passwordRect":{"x":12,"y":96,"width":196,"height":20},"submitRect":{"x":12,"y":124,"width":92,"height":20}}
[0710月2026 02:48:04.299] [NekoJS-Log-Flusher/INFO] [NekoJS/]: [client] [ticket48-auto] {"stage":"sample","ticks":2400,"elapsedMs":119567,"statistics":{"initialBuild":1,"layout":9,"reconcile":0,"resize":1,"paint":6439,"diagnostics":0,"cleanup":0},"disposed":false,"username":"","passwordLength":0,"error":"","submitting":false,"lastSubmitted":"","renderFault":false,"recoveryCount":0,"listValues":[{"id":"first","text":"A"}],"listNodes":[{"id":"list-first","text":"A","rect":{"x":0,"y":230,"width":30,"height":10}}],"profile":2,"packFontWidth":36,"usernameRect":{"x":12,"y":57,"width":196,"height":20},"passwordRect":{"x":12,"y":96,"width":196,"height":20},"submitRect":{"x":12,"y":124,"width":92,"height":20}}
[0710月2026 02:48:08.298] [NekoJS-Log-Flusher/INFO] [NekoJS/]: [client] [ticket48-auto] {"stage":"sample","ticks":2500,"elapsedMs":124543,"statistics":{"initialBuild":1,"layout":9,"reconcile":0,"resize":1,"paint":6588,"diagnostics":0,"cleanup":0},"disposed":false,"username":"","passwordLength":0,"error":"","submitting":false,"lastSubmitted":"","renderFault":false,"recoveryCount":0,"listValues":[{"id":"first","text":"A"}],"listNodes":[{"id":"list-first","text":"A","rect":{"x":0,"y":230,"width":30,"height":10}}],"profile":2,"packFontWidth":36,"usernameRect":{"x":12,"y":57,"width":196,"height":20},"passwordRect":{"x":12,"y":96,"width":196,"height":20},"submitRect":{"x":12,"y":124,"width":92,"height":20}}
[0710月2026 02:48:14.299] [NekoJS-Log-Flusher/INFO] [NekoJS/]: [client] [ticket48-auto] {"stage":"sample","ticks":2600,"elapsedMs":129553,"statistics":{"initialBuild":1,"layout":9,"reconcile":0,"resize":1,"paint":6738,"diagnostics":0,"cleanup":0},"disposed":false,"username":"","passwordLength":0,"error":"","submitting":false,"lastSubmitted":"","renderFault":false,"recoveryCount":0,"listValues":[{"id":"first","text":"A"}],"listNodes":[{"id":"list-first","text":"A","rect":{"x":0,"y":230,"width":30,"height":10}}],"profile":2,"packFontWidth":36,"usernameRect":{"x":12,"y":57,"width":196,"height":20},"passwordRect":{"x":12,"y":96,"width":196,"height":20},"submitRect":{"x":12,"y":124,"width":92,"height":20}}
[0710月2026 02:48:19.299] [NekoJS-Log-Flusher/INFO] [NekoJS/]: [client] [ticket48-auto] {"stage":"sample","ticks":2700,"elapsedMs":134567,"statistics":{"initialBuild":1,"layout":9,"reconcile":0,"resize":1,"paint":6888,"diagnostics":0,"cleanup":0},"disposed":false,"username":"","passwordLength":0,"error":"","submitting":false,"lastSubmitted":"","renderFault":false,"recoveryCount":0,"listValues":[{"id":"first","text":"A"}],"listNodes":[{"id":"list-first","text":"A","rect":{"x":0,"y":230,"width":30,"height":10}}],"profile":2,"packFontWidth":36,"usernameRect":{"x":12,"y":57,"width":196,"height":20},"passwordRect":{"x":12,"y":96,"width":196,"height":20},"submitRect":{"x":12,"y":124,"width":92,"height":20}}
[0710月2026 02:48:23.299] [NekoJS-Log-Flusher/INFO] [NekoJS/]: [client] [ticket48-auto] {"stage":"sample","ticks":2800,"elapsedMs":139546,"statistics":{"initialBuild":1,"layout":9,"reconcile":0,"resize":1,"paint":7037,"diagnostics":0,"cleanup":0},"disposed":false,"username":"","passwordLength":0,"error":"","submitting":false,"lastSubmitted":"","renderFault":false,"recoveryCount":0,"listValues":[{"id":"first","text":"A"}],"listNodes":[{"id":"list-first","text":"A","rect":{"x":0,"y":230,"width":30,"height":10}}],"profile":2,"packFontWidth":36,"usernameRect":{"x":12,"y":57,"width":196,"height":20},"passwordRect":{"x":12,"y":96,"width":196,"height":20},"submitRect":{"x":12,"y":124,"width":92,"height":20}}
[0710月2026 02:48:29.302] [NekoJS-Log-Flusher/INFO] [NekoJS/]: [client] [ticket48-auto] {"stage":"sample","ticks":2900,"elapsedMs":144559,"statistics":{"initialBuild":1,"layout":9,"reconcile":0,"resize":1,"paint":7187,"diagnostics":0,"cleanup":0},"disposed":false,"username":"","passwordLength":0,"error":"","submitting":false,"lastSubmitted":"","renderFault":false,"recoveryCount":0,"listValues":[{"id":"first","text":"A"}],"listNodes":[{"id":"list-first","text":"A","rect":{"x":0,"y":230,"width":30,"height":10}}],"profile":2,"packFontWidth":36,"usernameRect":{"x":12,"y":57,"width":196,"height":20},"passwordRect":{"x":12,"y":96,"width":196,"height":20},"submitRect":{"x":12,"y":124,"width":92,"height":20}}
[0710月2026 02:48:34.301] [NekoJS-Log-Flusher/INFO] [NekoJS/]: [client] [ticket48-auto] {"stage":"sample","ticks":3000,"elapsedMs":149570,"statistics":{"initialBuild":1,"layout":9,"reconcile":0,"resize":1,"paint":7337,"diagnostics":0,"cleanup":0},"disposed":false,"username":"","passwordLength":0,"error":"","submitting":false,"lastSubmitted":"","renderFault":false,"recoveryCount":0,"listValues":[{"id":"first","text":"A"}],"listNodes":[{"id":"list-first","text":"A","rect":{"x":0,"y":230,"width":30,"height":10}}],"profile":2,"packFontWidth":36,"usernameRect":{"x":12,"y":57,"width":196,"height":20},"passwordRect":{"x":12,"y":96,"width":196,"height":20},"submitRect":{"x":12,"y":124,"width":92,"height":20}}
[0710月2026 02:48:39.299] [NekoJS-Log-Flusher/INFO] [NekoJS/]: [client] [ticket48-auto] {"stage":"sample","ticks":3100,"elapsedMs":154551,"statistics":{"initialBuild":1,"layout":9,"reconcile":0,"resize":1,"paint":7486,"diagnostics":0,"cleanup":0},"disposed":false,"username":"","passwordLength":0,"error":"","submitting":false,"lastSubmitted":"","renderFault":false,"recoveryCount":0,"listValues":[{"id":"first","text":"A"}],"listNodes":[{"id":"list-first","text":"A","rect":{"x":0,"y":230,"width":30,"height":10}}],"profile":2,"packFontWidth":36,"usernameRect":{"x":12,"y":57,"width":196,"height":20},"passwordRect":{"x":12,"y":96,"width":196,"height":20},"submitRect":{"x":12,"y":124,"width":92,"height":20}}
[0710月2026 02:48:44.299] [NekoJS-Log-Flusher/INFO] [NekoJS/]: [client] [ticket48-auto] {"stage":"sample","ticks":3200,"elapsedMs":159565,"statistics":{"initialBuild":1,"layout":9,"reconcile":0,"resize":1,"paint":7636,"diagnostics":0,"cleanup":0},"disposed":false,"username":"","passwordLength":0,"error":"","submitting":false,"lastSubmitted":"","renderFault":false,"recoveryCount":0,"listValues":[{"id":"first","text":"A"}],"listNodes":[{"id":"list-first","text":"A","rect":{"x":0,"y":230,"width":30,"height":10}}],"profile":2,"packFontWidth":36,"usernameRect":{"x":12,"y":57,"width":196,"height":20},"passwordRect":{"x":12,"y":96,"width":196,"height":20},"submitRect":{"x":12,"y":124,"width":92,"height":20}}
[0710月2026 02:48:48.300] [NekoJS-Log-Flusher/INFO] [NekoJS/]: [client] [ticket48-auto] {"stage":"sample","ticks":3300,"elapsedMs":164546,"statistics":{"initialBuild":1,"layout":9,"reconcile":0,"resize":1,"paint":7785,"diagnostics":0,"cleanup":0},"disposed":false,"username":"","passwordLength":0,"error":"","submitting":false,"lastSubmitted":"","renderFault":false,"recoveryCount":0,"listValues":[{"id":"first","text":"A"}],"listNodes":[{"id":"list-first","text":"A","rect":{"x":0,"y":230,"width":30,"height":10}}],"profile":2,"packFontWidth":36,"usernameRect":{"x":12,"y":57,"width":196,"height":20},"passwordRect":{"x":12,"y":96,"width":196,"height":20},"submitRect":{"x":12,"y":124,"width":92,"height":20}}
[0710月2026 02:48:54.300] [NekoJS-Log-Flusher/INFO] [NekoJS/]: [client] [ticket48-auto] {"stage":"sample","ticks":3400,"elapsedMs":169561,"statistics":{"initialBuild":1,"layout":9,"reconcile":0,"resize":1,"paint":7935,"diagnostics":0,"cleanup":0},"disposed":false,"username":"","passwordLength":0,"error":"","submitting":false,"lastSubmitted":"","renderFault":false,"recoveryCount":0,"listValues":[{"id":"first","text":"A"}],"listNodes":[{"id":"list-first","text":"A","rect":{"x":0,"y":230,"width":30,"height":10}}],"profile":2,"packFontWidth":36,"usernameRect":{"x":12,"y":57,"width":196,"height":20},"passwordRect":{"x":12,"y":96,"width":196,"height":20},"submitRect":{"x":12,"y":124,"width":92,"height":20}}
[0710月2026 02:48:59.299] [NekoJS-Log-Flusher/INFO] [NekoJS/]: [client] [ticket48-auto] {"stage":"sample","ticks":3500,"elapsedMs":174571,"statistics":{"initialBuild":1,"layout":9,"reconcile":0,"resize":1,"paint":8085,"diagnostics":0,"cleanup":0},"disposed":false,"username":"","passwordLength":0,"error":"","submitting":false,"lastSubmitted":"","renderFault":false,"recoveryCount":0,"listValues":[{"id":"first","text":"A"}],"listNodes":[{"id":"list-first","text":"A","rect":{"x":0,"y":230,"width":30,"height":10}}],"profile":2,"packFontWidth":36,"usernameRect":{"x":12,"y":57,"width":196,"height":20},"passwordRect":{"x":12,"y":96,"width":196,"height":20},"submitRect":{"x":12,"y":124,"width":92,"height":20}}
[0710月2026 02:49:04.299] [NekoJS-Log-Flusher/INFO] [NekoJS/]: [client] [ticket48-auto] {"stage":"sample","ticks":3600,"elapsedMs":179549,"statistics":{"initialBuild":1,"layout":9,"reconcile":0,"resize":1,"paint":8234,"diagnostics":0,"cleanup":0},"disposed":false,"username":"","passwordLength":0,"error":"","submitting":false,"lastSubmitted":"","renderFault":false,"recoveryCount":0,"listValues":[{"id":"first","text":"A"}],"listNodes":[{"id":"list-first","text":"A","rect":{"x":0,"y":230,"width":30,"height":10}}],"profile":2,"packFontWidth":36,"usernameRect":{"x":12,"y":57,"width":196,"height":20},"passwordRect":{"x":12,"y":96,"width":196,"height":20},"submitRect":{"x":12,"y":124,"width":92,"height":20}}
[0710月2026 02:49:09.299] [NekoJS-Log-Flusher/INFO] [NekoJS/]: [client] [ticket48-auto] {"stage":"sample","ticks":3700,"elapsedMs":184560,"statistics":{"initialBuild":1,"layout":9,"reconcile":0,"resize":1,"paint":8384,"diagnostics":0,"cleanup":0},"disposed":false,"username":"","passwordLength":0,"error":"","submitting":false,"lastSubmitted":"","renderFault":false,"recoveryCount":0,"listValues":[{"id":"first","text":"A"}],"listNodes":[{"id":"list-first","text":"A","rect":{"x":0,"y":230,"width":30,"height":10}}],"profile":2,"packFontWidth":36,"usernameRect":{"x":12,"y":57,"width":196,"height":20},"passwordRect":{"x":12,"y":96,"width":196,"height":20},"submitRect":{"x":12,"y":124,"width":92,"height":20}}
[0710月2026 02:49:14.299] [NekoJS-Log-Flusher/INFO] [NekoJS/]: [client] [ticket48-auto] {"stage":"sample","ticks":3800,"elapsedMs":189572,"statistics":{"initialBuild":1,"layout":9,"reconcile":0,"resize":1,"paint":8534,"diagnostics":0,"cleanup":0},"disposed":false,"username":"","passwordLength":0,"error":"","submitting":false,"lastSubmitted":"","renderFault":false,"recoveryCount":0,"listValues":[{"id":"first","text":"A"}],"listNodes":[{"id":"list-first","text":"A","rect":{"x":0,"y":230,"width":30,"height":10}}],"profile":2,"packFontWidth":36,"usernameRect":{"x":12,"y":57,"width":196,"height":20},"passwordRect":{"x":12,"y":96,"width":196,"height":20},"submitRect":{"x":12,"y":124,"width":92,"height":20}}
[0710月2026 02:49:19.299] [NekoJS-Log-Flusher/INFO] [NekoJS/]: [client] [ticket48-auto] {"stage":"sample","ticks":3900,"elapsedMs":194551,"statistics":{"initialBuild":1,"layout":9,"reconcile":0,"resize":1,"paint":8683,"diagnostics":0,"cleanup":0},"disposed":false,"username":"","passwordLength":0,"error":"","submitting":false,"lastSubmitted":"","renderFault":false,"recoveryCount":0,"listValues":[{"id":"first","text":"A"}],"listNodes":[{"id":"list-first","text":"A","rect":{"x":0,"y":230,"width":30,"height":10}}],"profile":2,"packFontWidth":36,"usernameRect":{"x":12,"y":57,"width":196,"height":20},"passwordRect":{"x":12,"y":96,"width":196,"height":20},"submitRect":{"x":12,"y":124,"width":92,"height":20}}
[0710月2026 02:49:24.299] [NekoJS-Log-Flusher/INFO] [NekoJS/]: [client] [ticket48-auto] {"stage":"sample","ticks":4000,"elapsedMs":199566,"statistics":{"initialBuild":1,"layout":9,"reconcile":0,"resize":1,"paint":8833,"diagnostics":0,"cleanup":0},"disposed":false,"username":"","passwordLength":0,"error":"","submitting":false,"lastSubmitted":"","renderFault":false,"recoveryCount":0,"listValues":[{"id":"first","text":"A"}],"listNodes":[{"id":"list-first","text":"A","rect":{"x":0,"y":230,"width":30,"height":10}}],"profile":2,"packFontWidth":36,"usernameRect":{"x":12,"y":57,"width":196,"height":20},"passwordRect":{"x":12,"y":96,"width":196,"height":20},"submitRect":{"x":12,"y":124,"width":92,"height":20}}
[0710月2026 02:49:28.300] [NekoJS-Log-Flusher/INFO] [NekoJS/]: [client] [ticket48-auto] {"stage":"sample","ticks":4100,"elapsedMs":204544,"statistics":{"initialBuild":1,"layout":9,"reconcile":0,"resize":1,"paint":8982,"diagnostics":0,"cleanup":0},"disposed":false,"username":"","passwordLength":0,"error":"","submitting":false,"lastSubmitted":"","renderFault":false,"recoveryCount":0,"listValues":[{"id":"first","text":"A"}],"listNodes":[{"id":"list-first","text":"A","rect":{"x":0,"y":230,"width":30,"height":10}}],"profile":2,"packFontWidth":36,"usernameRect":{"x":12,"y":57,"width":196,"height":20},"passwordRect":{"x":12,"y":96,"width":196,"height":20},"submitRect":{"x":12,"y":124,"width":92,"height":20}}
[0710月2026 02:49:34.300] [NekoJS-Log-Flusher/INFO] [NekoJS/]: [client] [ticket48-auto] {"stage":"sample","ticks":4200,"elapsedMs":209557,"statistics":{"initialBuild":1,"layout":9,"reconcile":0,"resize":1,"paint":9132,"diagnostics":0,"cleanup":0},"disposed":false,"username":"","passwordLength":0,"error":"","submitting":false,"lastSubmitted":"","renderFault":false,"recoveryCount":0,"listValues":[{"id":"first","text":"A"}],"listNodes":[{"id":"list-first","text":"A","rect":{"x":0,"y":230,"width":30,"height":10}}],"profile":2,"packFontWidth":36,"usernameRect":{"x":12,"y":57,"width":196,"height":20},"passwordRect":{"x":12,"y":96,"width":196,"height":20},"submitRect":{"x":12,"y":124,"width":92,"height":20}}
[0710月2026 02:49:38.300] [NekoJS-Log-Flusher/INFO] [NekoJS/]: [client] [ticket48-auto] {"stage":"sample","ticks":4300,"elapsedMs":214543,"statistics":{"initialBuild":1,"layout":9,"reconcile":0,"resize":1,"paint":9348,"diagnostics":0,"cleanup":0},"disposed":false,"username":"","passwordLength":0,"error":"","submitting":false,"lastSubmitted":"","renderFault":false,"recoveryCount":0,"listValues":[{"id":"first","text":"A"}],"listNodes":[{"id":"list-first","text":"A","rect":{"x":0,"y":230,"width":30,"height":10}}],"profile":2,"packFontWidth":36,"usernameRect":{"x":12,"y":57,"width":196,"height":20},"passwordRect":{"x":12,"y":96,"width":196,"height":20},"submitRect":{"x":12,"y":124,"width":92,"height":20}}
[0710月2026 02:49:43.300] [NekoJS-Log-Flusher/INFO] [NekoJS/]: [client] [ticket48-auto] {"stage":"sample","ticks":4400,"elapsedMs":219541,"statistics":{"initialBuild":1,"layout":9,"reconcile":0,"resize":1,"paint":9646,"diagnostics":0,"cleanup":0},"disposed":false,"username":"","passwordLength":0,"error":"","submitting":false,"lastSubmitted":"","renderFault":false,"recoveryCount":0,"listValues":[{"id":"first","text":"A"}],"listNodes":[{"id":"list-first","text":"A","rect":{"x":0,"y":230,"width":30,"height":10}}],"profile":2,"packFontWidth":36,"usernameRect":{"x":12,"y":57,"width":196,"height":20},"passwordRect":{"x":12,"y":96,"width":196,"height":20},"submitRect":{"x":12,"y":124,"width":92,"height":20}}
[0710月2026 02:49:49.299] [NekoJS-Log-Flusher/INFO] [NekoJS/]: [client] [ticket48-auto] {"stage":"sample","ticks":4500,"elapsedMs":224550,"statistics":{"initialBuild":1,"layout":9,"reconcile":0,"resize":1,"paint":9945,"diagnostics":0,"cleanup":0},"disposed":false,"username":"","passwordLength":0,"error":"","submitting":false,"lastSubmitted":"","renderFault":false,"recoveryCount":0,"listValues":[{"id":"first","text":"A"}],"listNodes":[{"id":"list-first","text":"A","rect":{"x":0,"y":230,"width":30,"height":10}}],"profile":2,"packFontWidth":36,"usernameRect":{"x":12,"y":57,"width":196,"height":20},"passwordRect":{"x":12,"y":96,"width":196,"height":20},"submitRect":{"x":12,"y":124,"width":92,"height":20}}
[0710月2026 02:49:53.300] [NekoJS-Log-Flusher/INFO] [NekoJS/]: [client] [ticket48-auto] {"stage":"sample","ticks":4600,"elapsedMs":229545,"statistics":{"initialBuild":1,"layout":9,"reconcile":0,"resize":1,"paint":10243,"diagnostics":0,"cleanup":0},"disposed":false,"username":"","passwordLength":0,"error":"","submitting":false,"lastSubmitted":"","renderFault":false,"recoveryCount":0,"listValues":[{"id":"first","text":"A"}],"listNodes":[{"id":"list-first","text":"A","rect":{"x":0,"y":230,"width":30,"height":10}}],"profile":2,"packFontWidth":36,"usernameRect":{"x":12,"y":57,"width":196,"height":20},"passwordRect":{"x":12,"y":96,"width":196,"height":20},"submitRect":{"x":12,"y":124,"width":92,"height":20}}
[0710月2026 02:49:59.300] [NekoJS-Log-Flusher/INFO] [NekoJS/]: [client] [ticket48-auto] {"stage":"sample","ticks":4700,"elapsedMs":234553,"statistics":{"initialBuild":1,"layout":9,"reconcile":0,"resize":1,"paint":10542,"diagnostics":0,"cleanup":0},"disposed":false,"username":"","passwordLength":0,"error":"","submitting":false,"lastSubmitted":"","renderFault":false,"recoveryCount":0,"listValues":[{"id":"first","text":"A"}],"listNodes":[{"id":"list-first","text":"A","rect":{"x":0,"y":230,"width":30,"height":10}}],"profile":2,"packFontWidth":36,"usernameRect":{"x":12,"y":57,"width":196,"height":20},"passwordRect":{"x":12,"y":96,"width":196,"height":20},"submitRect":{"x":12,"y":124,"width":92,"height":20}}
[0710月2026 02:50:03.300] [NekoJS-Log-Flusher/INFO] [NekoJS/]: [client] [ticket48-auto] {"stage":"sample","ticks":4800,"elapsedMs":239541,"statistics":{"initialBuild":1,"layout":9,"reconcile":0,"resize":1,"paint":10840,"diagnostics":0,"cleanup":0},"disposed":false,"username":"","passwordLength":0,"error":"","submitting":false,"lastSubmitted":"","renderFault":false,"recoveryCount":0,"listValues":[{"id":"first","text":"A"}],"listNodes":[{"id":"list-first","text":"A","rect":{"x":0,"y":230,"width":30,"height":10}}],"profile":2,"packFontWidth":36,"usernameRect":{"x":12,"y":57,"width":196,"height":20},"passwordRect":{"x":12,"y":96,"width":196,"height":20},"submitRect":{"x":12,"y":124,"width":92,"height":20}}
[0710月2026 02:50:09.300] [NekoJS-Log-Flusher/INFO] [NekoJS/]: [client] [ticket48-auto] {"stage":"sample","ticks":4900,"elapsedMs":244550,"statistics":{"initialBuild":1,"layout":9,"reconcile":0,"resize":1,"paint":11139,"diagnostics":0,"cleanup":0},"disposed":false,"username":"","passwordLength":0,"error":"","submitting":false,"lastSubmitted":"","renderFault":false,"recoveryCount":0,"listValues":[{"id":"first","text":"A"}],"listNodes":[{"id":"list-first","text":"A","rect":{"x":0,"y":230,"width":30,"height":10}}],"profile":2,"packFontWidth":36,"usernameRect":{"x":12,"y":57,"width":196,"height":20},"passwordRect":{"x":12,"y":96,"width":196,"height":20},"submitRect":{"x":12,"y":124,"width":92,"height":20}}
[0710月2026 02:50:14.301] [NekoJS-Log-Flusher/INFO] [NekoJS/]: [client] [ticket48-auto] {"stage":"sample","ticks":5000,"elapsedMs":249554,"statistics":{"initialBuild":1,"layout":9,"reconcile":0,"resize":1,"paint":11438,"diagnostics":0,"cleanup":0},"disposed":false,"username":"","passwordLength":0,"error":"","submitting":false,"lastSubmitted":"","renderFault":false,"recoveryCount":0,"listValues":[{"id":"first","text":"A"}],"listNodes":[{"id":"list-first","text":"A","rect":{"x":0,"y":230,"width":30,"height":10}}],"profile":2,"packFontWidth":36,"usernameRect":{"x":12,"y":57,"width":196,"height":20},"passwordRect":{"x":12,"y":96,"width":196,"height":20},"submitRect":{"x":12,"y":124,"width":92,"height":20}}
[0710月2026 02:50:18.300] [NekoJS-Log-Flusher/INFO] [NekoJS/]: [client] [ticket48-auto] {"stage":"sample","ticks":5100,"elapsedMs":254547,"statistics":{"initialBuild":1,"layout":9,"reconcile":0,"resize":1,"paint":11736,"diagnostics":0,"cleanup":0},"disposed":false,"username":"","passwordLength":0,"error":"","submitting":false,"lastSubmitted":"","renderFault":false,"recoveryCount":0,"listValues":[{"id":"first","text":"A"}],"listNodes":[{"id":"list-first","text":"A","rect":{"x":0,"y":230,"width":30,"height":10}}],"profile":2,"packFontWidth":36,"usernameRect":{"x":12,"y":57,"width":196,"height":20},"passwordRect":{"x":12,"y":96,"width":196,"height":20},"submitRect":{"x":12,"y":124,"width":92,"height":20}}
[0710月2026 02:50:24.300] [NekoJS-Log-Flusher/INFO] [NekoJS/]: [client] [ticket48-auto] {"stage":"sample","ticks":5200,"elapsedMs":259552,"statistics":{"initialBuild":1,"layout":9,"reconcile":0,"resize":1,"paint":12035,"diagnostics":0,"cleanup":0},"disposed":false,"username":"","passwordLength":0,"error":"","submitting":false,"lastSubmitted":"","renderFault":false,"recoveryCount":0,"listValues":[{"id":"first","text":"A"}],"listNodes":[{"id":"list-first","text":"A","rect":{"x":0,"y":230,"width":30,"height":10}}],"profile":2,"packFontWidth":36,"usernameRect":{"x":12,"y":57,"width":196,"height":20},"passwordRect":{"x":12,"y":96,"width":196,"height":20},"submitRect":{"x":12,"y":124,"width":92,"height":20}}
[0710月2026 02:50:28.300] [NekoJS-Log-Flusher/INFO] [NekoJS/]: [client] [ticket48-auto] {"stage":"sample","ticks":5300,"elapsedMs":264545,"statistics":{"initialBuild":1,"layout":9,"reconcile":0,"resize":1,"paint":12333,"diagnostics":0,"cleanup":0},"disposed":false,"username":"","passwordLength":0,"error":"","submitting":false,"lastSubmitted":"","renderFault":false,"recoveryCount":0,"listValues":[{"id":"first","text":"A"}],"listNodes":[{"id":"list-first","text":"A","rect":{"x":0,"y":230,"width":30,"height":10}}],"profile":2,"packFontWidth":36,"usernameRect":{"x":12,"y":57,"width":196,"height":20},"passwordRect":{"x":12,"y":96,"width":196,"height":20},"submitRect":{"x":12,"y":124,"width":92,"height":20}}
[0710月2026 02:50:33.300] [NekoJS-Log-Flusher/INFO] [NekoJS/]: [client] [ticket48-auto] {"stage":"sample","ticks":5400,"elapsedMs":269541,"statistics":{"initialBuild":1,"layout":9,"reconcile":0,"resize":1,"paint":12631,"diagnostics":0,"cleanup":0},"disposed":false,"username":"","passwordLength":0,"error":"","submitting":false,"lastSubmitted":"","renderFault":false,"recoveryCount":0,"listValues":[{"id":"first","text":"A"}],"listNodes":[{"id":"list-first","text":"A","rect":{"x":0,"y":230,"width":30,"height":10}}],"profile":2,"packFontWidth":36,"usernameRect":{"x":12,"y":57,"width":196,"height":20},"passwordRect":{"x":12,"y":96,"width":196,"height":20},"submitRect":{"x":12,"y":124,"width":92,"height":20}}
[0710月2026 02:50:39.301] [NekoJS-Log-Flusher/INFO] [NekoJS/]: [client] [ticket48-auto] {"stage":"sample","ticks":5500,"elapsedMs":274563,"statistics":{"initialBuild":1,"layout":9,"reconcile":0,"resize":1,"paint":12842,"diagnostics":0,"cleanup":0},"disposed":false,"username":"","passwordLength":0,"error":"","submitting":false,"lastSubmitted":"","renderFault":false,"recoveryCount":0,"listValues":[{"id":"first","text":"A"}],"listNodes":[{"id":"list-first","text":"A","rect":{"x":0,"y":230,"width":30,"height":10}}],"profile":2,"packFontWidth":36,"usernameRect":{"x":12,"y":57,"width":196,"height":20},"passwordRect":{"x":12,"y":96,"width":196,"height":20},"submitRect":{"x":12,"y":124,"width":92,"height":20}}
[0710月2026 02:50:43.300] [NekoJS-Log-Flusher/INFO] [NekoJS/]: [client] [ticket48-auto] {"stage":"sample","ticks":5600,"elapsedMs":279545,"statistics":{"initialBuild":1,"layout":9,"reconcile":0,"resize":1,"paint":12991,"diagnostics":0,"cleanup":0},"disposed":false,"username":"","passwordLength":0,"error":"","submitting":false,"lastSubmitted":"","renderFault":false,"recoveryCount":0,"listValues":[{"id":"first","text":"A"}],"listNodes":[{"id":"list-first","text":"A","rect":{"x":0,"y":230,"width":30,"height":10}}],"profile":2,"packFontWidth":36,"usernameRect":{"x":12,"y":57,"width":196,"height":20},"passwordRect":{"x":12,"y":96,"width":196,"height":20},"submitRect":{"x":12,"y":124,"width":92,"height":20}}
[0710月2026 02:50:49.300] [NekoJS-Log-Flusher/INFO] [NekoJS/]: [client] [ticket48-auto] {"stage":"sample","ticks":5700,"elapsedMs":284557,"statistics":{"initialBuild":1,"layout":9,"reconcile":0,"resize":1,"paint":13141,"diagnostics":0,"cleanup":0},"disposed":false,"username":"","passwordLength":0,"error":"","submitting":false,"lastSubmitted":"","renderFault":false,"recoveryCount":0,"listValues":[{"id":"first","text":"A"}],"listNodes":[{"id":"list-first","text":"A","rect":{"x":0,"y":230,"width":30,"height":10}}],"profile":2,"packFontWidth":36,"usernameRect":{"x":12,"y":57,"width":196,"height":20},"passwordRect":{"x":12,"y":96,"width":196,"height":20},"submitRect":{"x":12,"y":124,"width":92,"height":20}}
[0710月2026 02:50:53.300] [NekoJS-Log-Flusher/INFO] [NekoJS/]: [client] [ticket48-auto] {"stage":"sample","ticks":5800,"elapsedMs":289540,"statistics":{"initialBuild":1,"layout":9,"reconcile":0,"resize":1,"paint":13290,"diagnostics":0,"cleanup":0},"disposed":false,"username":"","passwordLength":0,"error":"","submitting":false,"lastSubmitted":"","renderFault":false,"recoveryCount":0,"listValues":[{"id":"first","text":"A"}],"listNodes":[{"id":"list-first","text":"A","rect":{"x":0,"y":230,"width":30,"height":10}}],"profile":2,"packFontWidth":36,"usernameRect":{"x":12,"y":57,"width":196,"height":20},"passwordRect":{"x":12,"y":96,"width":196,"height":20},"submitRect":{"x":12,"y":124,"width":92,"height":20}}
[0710月2026 02:50:59.301] [NekoJS-Log-Flusher/INFO] [NekoJS/]: [client] [ticket48-auto] {"stage":"sample","ticks":5900,"elapsedMs":294557,"statistics":{"initialBuild":1,"layout":9,"reconcile":0,"resize":1,"paint":13440,"diagnostics":0,"cleanup":0},"disposed":false,"username":"","passwordLength":0,"error":"","submitting":false,"lastSubmitted":"","renderFault":false,"recoveryCount":0,"listValues":[{"id":"first","text":"A"}],"listNodes":[{"id":"list-first","text":"A","rect":{"x":0,"y":230,"width":30,"height":10}}],"profile":2,"packFontWidth":36,"usernameRect":{"x":12,"y":57,"width":196,"height":20},"passwordRect":{"x":12,"y":96,"width":196,"height":20},"submitRect":{"x":12,"y":124,"width":92,"height":20}}
[0710月2026 02:51:04.301] [NekoJS-Log-Flusher/INFO] [NekoJS/]: [client] [ticket48-auto] {"stage":"sample","ticks":6000,"elapsedMs":299572,"statistics":{"initialBuild":1,"layout":9,"reconcile":0,"resize":1,"paint":13590,"diagnostics":0,"cleanup":0},"disposed":false,"username":"","passwordLength":0,"error":"","submitting":false,"lastSubmitted":"","renderFault":false,"recoveryCount":0,"listValues":[{"id":"first","text":"A"}],"listNodes":[{"id":"list-first","text":"A","rect":{"x":0,"y":230,"width":30,"height":10}}],"profile":2,"packFontWidth":36,"usernameRect":{"x":12,"y":57,"width":196,"height":20},"passwordRect":{"x":12,"y":96,"width":196,"height":20},"submitRect":{"x":12,"y":124,"width":92,"height":20}}
[0710月2026 02:51:09.300] [NekoJS-Log-Flusher/INFO] [NekoJS/]: [client] [ticket48-auto] {"stage":"sample","ticks":6100,"elapsedMs":304552,"statistics":{"initialBuild":1,"layout":9,"reconcile":0,"resize":1,"paint":13739,"diagnostics":0,"cleanup":0},"disposed":false,"username":"","passwordLength":0,"error":"","submitting":false,"lastSubmitted":"","renderFault":false,"recoveryCount":0,"listValues":[{"id":"first","text":"A"}],"listNodes":[{"id":"list-first","text":"A","rect":{"x":0,"y":230,"width":30,"height":10}}],"profile":2,"packFontWidth":36,"usernameRect":{"x":12,"y":57,"width":196,"height":20},"passwordRect":{"x":12,"y":96,"width":196,"height":20},"submitRect":{"x":12,"y":124,"width":92,"height":20}}
[0710月2026 02:51:14.300] [NekoJS-Log-Flusher/INFO] [NekoJS/]: [client] [ticket48-auto] {"stage":"sample","ticks":6200,"elapsedMs":309565,"statistics":{"initialBuild":1,"layout":9,"reconcile":0,"resize":1,"paint":13889,"diagnostics":0,"cleanup":0},"disposed":false,"username":"","passwordLength":0,"error":"","submitting":false,"lastSubmitted":"","renderFault":false,"recoveryCount":0,"listValues":[{"id":"first","text":"A"}],"listNodes":[{"id":"list-first","text":"A","rect":{"x":0,"y":230,"width":30,"height":10}}],"profile":2,"packFontWidth":36,"usernameRect":{"x":12,"y":57,"width":196,"height":20},"passwordRect":{"x":12,"y":96,"width":196,"height":20},"submitRect":{"x":12,"y":124,"width":92,"height":20}}
[0710月2026 02:51:19.300] [NekoJS-Log-Flusher/INFO] [NekoJS/]: [client] [ticket48-auto] {"stage":"sample","ticks":6300,"elapsedMs":314550,"statistics":{"initialBuild":1,"layout":9,"reconcile":0,"resize":1,"paint":14038,"diagnostics":0,"cleanup":0},"disposed":false,"username":"","passwordLength":0,"error":"","submitting":false,"lastSubmitted":"","renderFault":false,"recoveryCount":0,"listValues":[{"id":"first","text":"A"}],"listNodes":[{"id":"list-first","text":"A","rect":{"x":0,"y":230,"width":30,"height":10}}],"profile":2,"packFontWidth":36,"usernameRect":{"x":12,"y":57,"width":196,"height":20},"passwordRect":{"x":12,"y":96,"width":196,"height":20},"submitRect":{"x":12,"y":124,"width":92,"height":20}}
[0710月2026 02:51:24.300] [NekoJS-Log-Flusher/INFO] [NekoJS/]: [client] [ticket48-auto] {"stage":"sample","ticks":6400,"elapsedMs":319567,"statistics":{"initialBuild":1,"layout":9,"reconcile":0,"resize":1,"paint":14188,"diagnostics":0,"cleanup":0},"disposed":false,"username":"","passwordLength":0,"error":"","submitting":false,"lastSubmitted":"","renderFault":false,"recoveryCount":0,"listValues":[{"id":"first","text":"A"}],"listNodes":[{"id":"list-first","text":"A","rect":{"x":0,"y":230,"width":30,"height":10}}],"profile":2,"packFontWidth":36,"usernameRect":{"x":12,"y":57,"width":196,"height":20},"passwordRect":{"x":12,"y":96,"width":196,"height":20},"submitRect":{"x":12,"y":124,"width":92,"height":20}}
[0710月2026 02:51:28.300] [NekoJS-Log-Flusher/INFO] [NekoJS/]: [client] [ticket48-auto] {"stage":"sample","ticks":6500,"elapsedMs":324545,"statistics":{"initialBuild":1,"layout":9,"reconcile":0,"resize":1,"paint":14337,"diagnostics":0,"cleanup":0},"disposed":false,"username":"","passwordLength":0,"error":"","submitting":false,"lastSubmitted":"","renderFault":false,"recoveryCount":0,"listValues":[{"id":"first","text":"A"}],"listNodes":[{"id":"list-first","text":"A","rect":{"x":0,"y":230,"width":30,"height":10}}],"profile":2,"packFontWidth":36,"usernameRect":{"x":12,"y":57,"width":196,"height":20},"passwordRect":{"x":12,"y":96,"width":196,"height":20},"submitRect":{"x":12,"y":124,"width":92,"height":20}}
[0710月2026 02:51:34.300] [NekoJS-Log-Flusher/INFO] [NekoJS/]: [client] [ticket48-auto] {"stage":"sample","ticks":6600,"elapsedMs":329559,"statistics":{"initialBuild":1,"layout":9,"reconcile":0,"resize":1,"paint":14487,"diagnostics":0,"cleanup":0},"disposed":false,"username":"","passwordLength":0,"error":"","submitting":false,"lastSubmitted":"","renderFault":false,"recoveryCount":0,"listValues":[{"id":"first","text":"A"}],"listNodes":[{"id":"list-first","text":"A","rect":{"x":0,"y":230,"width":30,"height":10}}],"profile":2,"packFontWidth":36,"usernameRect":{"x":12,"y":57,"width":196,"height":20},"passwordRect":{"x":12,"y":96,"width":196,"height":20},"submitRect":{"x":12,"y":124,"width":92,"height":20}}
[0710月2026 02:51:38.302] [NekoJS-Log-Flusher/INFO] [NekoJS/]: [client] [ticket48-auto] {"stage":"sample","ticks":6700,"elapsedMs":334541,"statistics":{"initialBuild":1,"layout":9,"reconcile":0,"resize":1,"paint":14636,"diagnostics":0,"cleanup":0},"disposed":false,"username":"","passwordLength":0,"error":"","submitting":false,"lastSubmitted":"","renderFault":false,"recoveryCount":0,"listValues":[{"id":"first","text":"A"}],"listNodes":[{"id":"list-first","text":"A","rect":{"x":0,"y":230,"width":30,"height":10}}],"profile":2,"packFontWidth":36,"usernameRect":{"x":12,"y":57,"width":196,"height":20},"passwordRect":{"x":12,"y":96,"width":196,"height":20},"submitRect":{"x":12,"y":124,"width":92,"height":20}}
[0710月2026 02:51:44.300] [NekoJS-Log-Flusher/INFO] [NekoJS/]: [client] [ticket48-auto] {"stage":"sample","ticks":6800,"elapsedMs":339556,"statistics":{"initialBuild":1,"layout":9,"reconcile":0,"resize":1,"paint":14786,"diagnostics":0,"cleanup":0},"disposed":false,"username":"","passwordLength":0,"error":"","submitting":false,"lastSubmitted":"","renderFault":false,"recoveryCount":0,"listValues":[{"id":"first","text":"A"}],"listNodes":[{"id":"list-first","text":"A","rect":{"x":0,"y":230,"width":30,"height":10}}],"profile":2,"packFontWidth":36,"usernameRect":{"x":12,"y":57,"width":196,"height":20},"passwordRect":{"x":12,"y":96,"width":196,"height":20},"submitRect":{"x":12,"y":124,"width":92,"height":20}}
[0710月2026 02:51:49.301] [NekoJS-Log-Flusher/INFO] [NekoJS/]: [client] [ticket48-auto] {"stage":"sample","ticks":6900,"elapsedMs":344571,"statistics":{"initialBuild":1,"layout":9,"reconcile":0,"resize":1,"paint":14936,"diagnostics":0,"cleanup":0},"disposed":false,"username":"","passwordLength":0,"error":"","submitting":false,"lastSubmitted":"","renderFault":false,"recoveryCount":0,"listValues":[{"id":"first","text":"A"}],"listNodes":[{"id":"list-first","text":"A","rect":{"x":0,"y":230,"width":30,"height":10}}],"profile":2,"packFontWidth":36,"usernameRect":{"x":12,"y":57,"width":196,"height":20},"passwordRect":{"x":12,"y":96,"width":196,"height":20},"submitRect":{"x":12,"y":124,"width":92,"height":20}}
[0710月2026 02:51:53.301] [NekoJS-Log-Flusher/INFO] [NekoJS/]: [client] [ticket48-auto] {"stage":"sample","ticks":7000,"elapsedMs":349548,"statistics":{"initialBuild":1,"layout":9,"reconcile":0,"resize":1,"paint":15085,"diagnostics":0,"cleanup":0},"disposed":false,"username":"","passwordLength":0,"error":"","submitting":false,"lastSubmitted":"","renderFault":false,"recoveryCount":0,"listValues":[{"id":"first","text":"A"}],"listNodes":[{"id":"list-first","text":"A","rect":{"x":0,"y":230,"width":30,"height":10}}],"profile":2,"packFontWidth":36,"usernameRect":{"x":12,"y":57,"width":196,"height":20},"passwordRect":{"x":12,"y":96,"width":196,"height":20},"submitRect":{"x":12,"y":124,"width":92,"height":20}}
[0710月2026 02:51:59.300] [NekoJS-Log-Flusher/INFO] [NekoJS/]: [client] [ticket48-auto] {"stage":"sample","ticks":7100,"elapsedMs":354561,"statistics":{"initialBuild":1,"layout":9,"reconcile":0,"resize":1,"paint":15235,"diagnostics":0,"cleanup":0},"disposed":false,"username":"","passwordLength":0,"error":"","submitting":false,"lastSubmitted":"","renderFault":false,"recoveryCount":0,"listValues":[{"id":"first","text":"A"}],"listNodes":[{"id":"list-first","text":"A","rect":{"x":0,"y":230,"width":30,"height":10}}],"profile":2,"packFontWidth":36,"usernameRect":{"x":12,"y":57,"width":196,"height":20},"passwordRect":{"x":12,"y":96,"width":196,"height":20},"submitRect":{"x":12,"y":124,"width":92,"height":20}}
[0710月2026 02:52:03.300] [NekoJS-Log-Flusher/INFO] [NekoJS/]: [client] [ticket48-auto] {"stage":"sample","ticks":7200,"elapsedMs":359545,"statistics":{"initialBuild":1,"layout":9,"reconcile":0,"resize":1,"paint":15384,"diagnostics":0,"cleanup":0},"disposed":false,"username":"","passwordLength":0,"error":"","submitting":false,"lastSubmitted":"","renderFault":false,"recoveryCount":0,"listValues":[{"id":"first","text":"A"}],"listNodes":[{"id":"list-first","text":"A","rect":{"x":0,"y":230,"width":30,"height":10}}],"profile":2,"packFontWidth":36,"usernameRect":{"x":12,"y":57,"width":196,"height":20},"passwordRect":{"x":12,"y":96,"width":196,"height":20},"submitRect":{"x":12,"y":124,"width":92,"height":20}}
[0710月2026 02:52:09.302] [NekoJS-Log-Flusher/INFO] [NekoJS/]: [client] [ticket48-auto] {"stage":"sample","ticks":7300,"elapsedMs":364565,"statistics":{"initialBuild":1,"layout":9,"reconcile":0,"resize":1,"paint":15534,"diagnostics":0,"cleanup":0},"disposed":false,"username":"","passwordLength":0,"error":"","submitting":false,"lastSubmitted":"","renderFault":false,"recoveryCount":0,"listValues":[{"id":"first","text":"A"}],"listNodes":[{"id":"list-first","text":"A","rect":{"x":0,"y":230,"width":30,"height":10}}],"profile":2,"packFontWidth":36,"usernameRect":{"x":12,"y":57,"width":196,"height":20},"passwordRect":{"x":12,"y":96,"width":196,"height":20},"submitRect":{"x":12,"y":124,"width":92,"height":20}}
[0710月2026 02:52:13.302] [NekoJS-Log-Flusher/INFO] [NekoJS/]: [client] [ticket48-auto] {"stage":"sample","ticks":7400,"elapsedMs":369542,"statistics":{"initialBuild":1,"layout":9,"reconcile":0,"resize":1,"paint":15683,"diagnostics":0,"cleanup":0},"disposed":false,"username":"","passwordLength":0,"error":"","submitting":false,"lastSubmitted":"","renderFault":false,"recoveryCount":0,"listValues":[{"id":"first","text":"A"}],"listNodes":[{"id":"list-first","text":"A","rect":{"x":0,"y":230,"width":30,"height":10}}],"profile":2,"packFontWidth":36,"usernameRect":{"x":12,"y":57,"width":196,"height":20},"passwordRect":{"x":12,"y":96,"width":196,"height":20},"submitRect":{"x":12,"y":124,"width":92,"height":20}}
[0710月2026 02:52:19.301] [NekoJS-Log-Flusher/INFO] [NekoJS/]: [client] [ticket48-auto] {"stage":"sample","ticks":7500,"elapsedMs":374556,"statistics":{"initialBuild":1,"layout":9,"reconcile":0,"resize":1,"paint":15833,"diagnostics":0,"cleanup":0},"disposed":false,"username":"","passwordLength":0,"error":"","submitting":false,"lastSubmitted":"","renderFault":false,"recoveryCount":0,"listValues":[{"id":"first","text":"A"}],"listNodes":[{"id":"list-first","text":"A","rect":{"x":0,"y":230,"width":30,"height":10}}],"profile":2,"packFontWidth":36,"usernameRect":{"x":12,"y":57,"width":196,"height":20},"passwordRect":{"x":12,"y":96,"width":196,"height":20},"submitRect":{"x":12,"y":124,"width":92,"height":20}}
[0710月2026 02:52:24.301] [NekoJS-Log-Flusher/INFO] [NekoJS/]: [client] [ticket48-auto] {"stage":"sample","ticks":7600,"elapsedMs":379564,"statistics":{"initialBuild":1,"layout":9,"reconcile":0,"resize":1,"paint":15983,"diagnostics":0,"cleanup":0},"disposed":false,"username":"","passwordLength":0,"error":"","submitting":false,"lastSubmitted":"","renderFault":false,"recoveryCount":0,"listValues":[{"id":"first","text":"A"}],"listNodes":[{"id":"list-first","text":"A","rect":{"x":0,"y":230,"width":30,"height":10}}],"profile":2,"packFontWidth":36,"usernameRect":{"x":12,"y":57,"width":196,"height":20},"passwordRect":{"x":12,"y":96,"width":196,"height":20},"submitRect":{"x":12,"y":124,"width":92,"height":20}}
[0710月2026 02:52:28.301] [NekoJS-Log-Flusher/INFO] [NekoJS/]: [client] [ticket48-auto] {"stage":"sample","ticks":7700,"elapsedMs":384547,"statistics":{"initialBuild":1,"layout":9,"reconcile":0,"resize":1,"paint":16132,"diagnostics":0,"cleanup":0},"disposed":false,"username":"","passwordLength":0,"error":"","submitting":false,"lastSubmitted":"","renderFault":false,"recoveryCount":0,"listValues":[{"id":"first","text":"A"}],"listNodes":[{"id":"list-first","text":"A","rect":{"x":0,"y":230,"width":30,"height":10}}],"profile":2,"packFontWidth":36,"usernameRect":{"x":12,"y":57,"width":196,"height":20},"passwordRect":{"x":12,"y":96,"width":196,"height":20},"submitRect":{"x":12,"y":124,"width":92,"height":20}}
[0710月2026 02:52:34.302] [NekoJS-Log-Flusher/INFO] [NekoJS/]: [client] [ticket48-auto] {"stage":"sample","ticks":7800,"elapsedMs":389560,"statistics":{"initialBuild":1,"layout":9,"reconcile":0,"resize":1,"paint":16282,"diagnostics":0,"cleanup":0},"disposed":false,"username":"","passwordLength":0,"error":"","submitting":false,"lastSubmitted":"","renderFault":false,"recoveryCount":0,"listValues":[{"id":"first","text":"A"}],"listNodes":[{"id":"list-first","text":"A","rect":{"x":0,"y":230,"width":30,"height":10}}],"profile":2,"packFontWidth":36,"usernameRect":{"x":12,"y":57,"width":196,"height":20},"passwordRect":{"x":12,"y":96,"width":196,"height":20},"submitRect":{"x":12,"y":124,"width":92,"height":20}}
[0710月2026 02:52:39.301] [NekoJS-Log-Flusher/INFO] [NekoJS/]: [client] [ticket48-auto] {"stage":"sample","ticks":7900,"elapsedMs":394571,"statistics":{"initialBuild":1,"layout":9,"reconcile":0,"resize":1,"paint":16432,"diagnostics":0,"cleanup":0},"disposed":false,"username":"","passwordLength":0,"error":"","submitting":false,"lastSubmitted":"","renderFault":false,"recoveryCount":0,"listValues":[{"id":"first","text":"A"}],"listNodes":[{"id":"list-first","text":"A","rect":{"x":0,"y":230,"width":30,"height":10}}],"profile":2,"packFontWidth":36,"usernameRect":{"x":12,"y":57,"width":196,"height":20},"passwordRect":{"x":12,"y":96,"width":196,"height":20},"submitRect":{"x":12,"y":124,"width":92,"height":20}}
[0710月2026 02:52:44.302] [NekoJS-Log-Flusher/INFO] [NekoJS/]: [client] [ticket48-auto] {"stage":"sample","ticks":8000,"elapsedMs":399552,"statistics":{"initialBuild":1,"layout":9,"reconcile":0,"resize":1,"paint":16581,"diagnostics":0,"cleanup":0},"disposed":false,"username":"","passwordLength":0,"error":"","submitting":false,"lastSubmitted":"","renderFault":false,"recoveryCount":0,"listValues":[{"id":"first","text":"A"}],"listNodes":[{"id":"list-first","text":"A","rect":{"x":0,"y":230,"width":30,"height":10}}],"profile":2,"packFontWidth":36,"usernameRect":{"x":12,"y":57,"width":196,"height":20},"passwordRect":{"x":12,"y":96,"width":196,"height":20},"submitRect":{"x":12,"y":124,"width":92,"height":20}}
[0710月2026 02:52:49.301] [NekoJS-Log-Flusher/INFO] [NekoJS/]: [client] [ticket48-auto] {"stage":"sample","ticks":8100,"elapsedMs":404563,"statistics":{"initialBuild":1,"layout":9,"reconcile":0,"resize":1,"paint":16731,"diagnostics":0,"cleanup":0},"disposed":false,"username":"","passwordLength":0,"error":"","submitting":false,"lastSubmitted":"","renderFault":false,"recoveryCount":0,"listValues":[{"id":"first","text":"A"}],"listNodes":[{"id":"list-first","text":"A","rect":{"x":0,"y":230,"width":30,"height":10}}],"profile":2,"packFontWidth":36,"usernameRect":{"x":12,"y":57,"width":196,"height":20},"passwordRect":{"x":12,"y":96,"width":196,"height":20},"submitRect":{"x":12,"y":124,"width":92,"height":20}}
[0710月2026 02:52:53.301] [NekoJS-Log-Flusher/INFO] [NekoJS/]: [client] [ticket48-auto] {"stage":"sample","ticks":8200,"elapsedMs":409542,"statistics":{"initialBuild":1,"layout":9,"reconcile":0,"resize":1,"paint":16880,"diagnostics":0,"cleanup":0},"disposed":false,"username":"","passwordLength":0,"error":"","submitting":false,"lastSubmitted":"","renderFault":false,"recoveryCount":0,"listValues":[{"id":"first","text":"A"}],"listNodes":[{"id":"list-first","text":"A","rect":{"x":0,"y":230,"width":30,"height":10}}],"profile":2,"packFontWidth":36,"usernameRect":{"x":12,"y":57,"width":196,"height":20},"passwordRect":{"x":12,"y":96,"width":196,"height":20},"submitRect":{"x":12,"y":124,"width":92,"height":20}}
[0710月2026 02:52:59.300] [NekoJS-Log-Flusher/INFO] [NekoJS/]: [client] [ticket48-auto] {"stage":"sample","ticks":8300,"elapsedMs":414557,"statistics":{"initialBuild":1,"layout":9,"reconcile":0,"resize":1,"paint":17030,"diagnostics":0,"cleanup":0},"disposed":false,"username":"","passwordLength":0,"error":"","submitting":false,"lastSubmitted":"","renderFault":false,"recoveryCount":0,"listValues":[{"id":"first","text":"A"}],"listNodes":[{"id":"list-first","text":"A","rect":{"x":0,"y":230,"width":30,"height":10}}],"profile":2,"packFontWidth":36,"usernameRect":{"x":12,"y":57,"width":196,"height":20},"passwordRect":{"x":12,"y":96,"width":196,"height":20},"submitRect":{"x":12,"y":124,"width":92,"height":20}}
[0710月2026 02:53:04.301] [NekoJS-Log-Flusher/INFO] [NekoJS/]: [client] [ticket48-auto] {"stage":"sample","ticks":8400,"elapsedMs":419573,"statistics":{"initialBuild":1,"layout":9,"reconcile":0,"resize":1,"paint":17180,"diagnostics":0,"cleanup":0},"disposed":false,"username":"","passwordLength":0,"error":"","submitting":false,"lastSubmitted":"","renderFault":false,"recoveryCount":0,"listValues":[{"id":"first","text":"A"}],"listNodes":[{"id":"list-first","text":"A","rect":{"x":0,"y":230,"width":30,"height":10}}],"profile":2,"packFontWidth":36,"usernameRect":{"x":12,"y":57,"width":196,"height":20},"passwordRect":{"x":12,"y":96,"width":196,"height":20},"submitRect":{"x":12,"y":124,"width":92,"height":20}}
[0710月2026 02:53:09.301] [NekoJS-Log-Flusher/INFO] [NekoJS/]: [client] [ticket48-auto] {"stage":"sample","ticks":8500,"elapsedMs":424553,"statistics":{"initialBuild":1,"layout":9,"reconcile":0,"resize":1,"paint":17329,"diagnostics":0,"cleanup":0},"disposed":false,"username":"","passwordLength":0,"error":"","submitting":false,"lastSubmitted":"","renderFault":false,"recoveryCount":0,"listValues":[{"id":"first","text":"A"}],"listNodes":[{"id":"list-first","text":"A","rect":{"x":0,"y":230,"width":30,"height":10}}],"profile":2,"packFontWidth":36,"usernameRect":{"x":12,"y":57,"width":196,"height":20},"passwordRect":{"x":12,"y":96,"width":196,"height":20},"submitRect":{"x":12,"y":124,"width":92,"height":20}}
[0710月2026 02:53:14.302] [NekoJS-Log-Flusher/INFO] [NekoJS/]: [client] [ticket48-auto] {"stage":"sample","ticks":8600,"elapsedMs":429568,"statistics":{"initialBuild":1,"layout":9,"reconcile":0,"resize":1,"paint":17479,"diagnostics":0,"cleanup":0},"disposed":false,"username":"","passwordLength":0,"error":"","submitting":false,"lastSubmitted":"","renderFault":false,"recoveryCount":0,"listValues":[{"id":"first","text":"A"}],"listNodes":[{"id":"list-first","text":"A","rect":{"x":0,"y":230,"width":30,"height":10}}],"profile":2,"packFontWidth":36,"usernameRect":{"x":12,"y":57,"width":196,"height":20},"passwordRect":{"x":12,"y":96,"width":196,"height":20},"submitRect":{"x":12,"y":124,"width":92,"height":20}}
[0710月2026 02:53:18.302] [NekoJS-Log-Flusher/INFO] [NekoJS/]: [client] [ticket48-auto] {"stage":"sample","ticks":8700,"elapsedMs":434548,"statistics":{"initialBuild":1,"layout":9,"reconcile":0,"resize":1,"paint":17628,"diagnostics":0,"cleanup":0},"disposed":false,"username":"","passwordLength":0,"error":"","submitting":false,"lastSubmitted":"","renderFault":false,"recoveryCount":0,"listValues":[{"id":"first","text":"A"}],"listNodes":[{"id":"list-first","text":"A","rect":{"x":0,"y":230,"width":30,"height":10}}],"profile":2,"packFontWidth":36,"usernameRect":{"x":12,"y":57,"width":196,"height":20},"passwordRect":{"x":12,"y":96,"width":196,"height":20},"submitRect":{"x":12,"y":124,"width":92,"height":20}}
[0710月2026 02:53:24.301] [NekoJS-Log-Flusher/INFO] [NekoJS/]: [client] [ticket48-auto] {"stage":"sample","ticks":8800,"elapsedMs":439559,"statistics":{"initialBuild":1,"layout":9,"reconcile":0,"resize":1,"paint":17778,"diagnostics":0,"cleanup":0},"disposed":false,"username":"","passwordLength":0,"error":"","submitting":false,"lastSubmitted":"","renderFault":false,"recoveryCount":0,"listValues":[{"id":"first","text":"A"}],"listNodes":[{"id":"list-first","text":"A","rect":{"x":0,"y":230,"width":30,"height":10}}],"profile":2,"packFontWidth":36,"usernameRect":{"x":12,"y":57,"width":196,"height":20},"passwordRect":{"x":12,"y":96,"width":196,"height":20},"submitRect":{"x":12,"y":124,"width":92,"height":20}}
[0710月2026 02:53:29.301] [NekoJS-Log-Flusher/INFO] [NekoJS/]: [client] [ticket48-auto] {"stage":"sample","ticks":8900,"elapsedMs":444573,"statistics":{"initialBuild":1,"layout":9,"reconcile":0,"resize":1,"paint":17928,"diagnostics":0,"cleanup":0},"disposed":false,"username":"","passwordLength":0,"error":"","submitting":false,"lastSubmitted":"","renderFault":false,"recoveryCount":0,"listValues":[{"id":"first","text":"A"}],"listNodes":[{"id":"list-first","text":"A","rect":{"x":0,"y":230,"width":30,"height":10}}],"profile":2,"packFontWidth":36,"usernameRect":{"x":12,"y":57,"width":196,"height":20},"passwordRect":{"x":12,"y":96,"width":196,"height":20},"submitRect":{"x":12,"y":124,"width":92,"height":20}}
[0710月2026 02:53:34.301] [NekoJS-Log-Flusher/INFO] [NekoJS/]: [client] [ticket48-auto] {"stage":"sample","ticks":9000,"elapsedMs":449551,"statistics":{"initialBuild":1,"layout":9,"reconcile":0,"resize":1,"paint":18077,"diagnostics":0,"cleanup":0},"disposed":false,"username":"","passwordLength":0,"error":"","submitting":false,"lastSubmitted":"","renderFault":false,"recoveryCount":0,"listValues":[{"id":"first","text":"A"}],"listNodes":[{"id":"list-first","text":"A","rect":{"x":0,"y":230,"width":30,"height":10}}],"profile":2,"packFontWidth":36,"usernameRect":{"x":12,"y":57,"width":196,"height":20},"passwordRect":{"x":12,"y":96,"width":196,"height":20},"submitRect":{"x":12,"y":124,"width":92,"height":20}}
[0710月2026 02:53:39.301] [NekoJS-Log-Flusher/INFO] [NekoJS/]: [client] [ticket48-auto] {"stage":"sample","ticks":9100,"elapsedMs":454567,"statistics":{"initialBuild":1,"layout":9,"reconcile":0,"resize":1,"paint":18227,"diagnostics":0,"cleanup":0},"disposed":false,"username":"","passwordLength":0,"error":"","submitting":false,"lastSubmitted":"","renderFault":false,"recoveryCount":0,"listValues":[{"id":"first","text":"A"}],"listNodes":[{"id":"list-first","text":"A","rect":{"x":0,"y":230,"width":30,"height":10}}],"profile":2,"packFontWidth":36,"usernameRect":{"x":12,"y":57,"width":196,"height":20},"passwordRect":{"x":12,"y":96,"width":196,"height":20},"submitRect":{"x":12,"y":124,"width":92,"height":20}}
[0710月2026 02:53:43.301] [NekoJS-Log-Flusher/INFO] [NekoJS/]: [client] [ticket48-auto] {"stage":"sample","ticks":9200,"elapsedMs":459545,"statistics":{"initialBuild":1,"layout":9,"reconcile":0,"resize":1,"paint":18376,"diagnostics":0,"cleanup":0},"disposed":false,"username":"","passwordLength":0,"error":"","submitting":false,"lastSubmitted":"","renderFault":false,"recoveryCount":0,"listValues":[{"id":"first","text":"A"}],"listNodes":[{"id":"list-first","text":"A","rect":{"x":0,"y":230,"width":30,"height":10}}],"profile":2,"packFontWidth":36,"usernameRect":{"x":12,"y":57,"width":196,"height":20},"passwordRect":{"x":12,"y":96,"width":196,"height":20},"submitRect":{"x":12,"y":124,"width":92,"height":20}}
[0710月2026 02:53:49.301] [NekoJS-Log-Flusher/INFO] [NekoJS/]: [client] [ticket48-auto] {"stage":"sample","ticks":9300,"elapsedMs":464559,"statistics":{"initialBuild":1,"layout":9,"reconcile":0,"resize":1,"paint":18526,"diagnostics":0,"cleanup":0},"disposed":false,"username":"","passwordLength":0,"error":"","submitting":false,"lastSubmitted":"","renderFault":false,"recoveryCount":0,"listValues":[{"id":"first","text":"A"}],"listNodes":[{"id":"list-first","text":"A","rect":{"x":0,"y":230,"width":30,"height":10}}],"profile":2,"packFontWidth":36,"usernameRect":{"x":12,"y":57,"width":196,"height":20},"passwordRect":{"x":12,"y":96,"width":196,"height":20},"submitRect":{"x":12,"y":124,"width":92,"height":20}}
[0710月2026 02:53:54.301] [NekoJS-Log-Flusher/INFO] [NekoJS/]: [client] [ticket48-auto] {"stage":"sample","ticks":9400,"elapsedMs":469572,"statistics":{"initialBuild":1,"layout":9,"reconcile":0,"resize":1,"paint":18676,"diagnostics":0,"cleanup":0},"disposed":false,"username":"","passwordLength":0,"error":"","submitting":false,"lastSubmitted":"","renderFault":false,"recoveryCount":0,"listValues":[{"id":"first","text":"A"}],"listNodes":[{"id":"list-first","text":"A","rect":{"x":0,"y":230,"width":30,"height":10}}],"profile":2,"packFontWidth":36,"usernameRect":{"x":12,"y":57,"width":196,"height":20},"passwordRect":{"x":12,"y":96,"width":196,"height":20},"submitRect":{"x":12,"y":124,"width":92,"height":20}}
[0710月2026 02:53:59.301] [NekoJS-Log-Flusher/INFO] [NekoJS/]: [client] [ticket48-auto] {"stage":"sample","ticks":9500,"elapsedMs":474551,"statistics":{"initialBuild":1,"layout":9,"reconcile":0,"resize":1,"paint":18825,"diagnostics":0,"cleanup":0},"disposed":false,"username":"","passwordLength":0,"error":"","submitting":false,"lastSubmitted":"","renderFault":false,"recoveryCount":0,"listValues":[{"id":"first","text":"A"}],"listNodes":[{"id":"list-first","text":"A","rect":{"x":0,"y":230,"width":30,"height":10}}],"profile":2,"packFontWidth":36,"usernameRect":{"x":12,"y":57,"width":196,"height":20},"passwordRect":{"x":12,"y":96,"width":196,"height":20},"submitRect":{"x":12,"y":124,"width":92,"height":20}}
[0710月2026 02:54:04.302] [NekoJS-Log-Flusher/INFO] [NekoJS/]: [client] [ticket48-auto] {"stage":"sample","ticks":9600,"elapsedMs":479564,"statistics":{"initialBuild":1,"layout":9,"reconcile":0,"resize":1,"paint":18975,"diagnostics":0,"cleanup":0},"disposed":false,"username":"","passwordLength":0,"error":"","submitting":false,"lastSubmitted":"","renderFault":false,"recoveryCount":0,"listValues":[{"id":"first","text":"A"}],"listNodes":[{"id":"list-first","text":"A","rect":{"x":0,"y":230,"width":30,"height":10}}],"profile":2,"packFontWidth":36,"usernameRect":{"x":12,"y":57,"width":196,"height":20},"passwordRect":{"x":12,"y":96,"width":196,"height":20},"submitRect":{"x":12,"y":124,"width":92,"height":20}}
[0710月2026 02:54:08.303] [NekoJS-Log-Flusher/INFO] [NekoJS/]: [client] [ticket48-auto] {"stage":"sample","ticks":9700,"elapsedMs":484543,"statistics":{"initialBuild":1,"layout":9,"reconcile":0,"resize":1,"paint":19124,"diagnostics":0,"cleanup":0},"disposed":false,"username":"","passwordLength":0,"error":"","submitting":false,"lastSubmitted":"","renderFault":false,"recoveryCount":0,"listValues":[{"id":"first","text":"A"}],"listNodes":[{"id":"list-first","text":"A","rect":{"x":0,"y":230,"width":30,"height":10}}],"profile":2,"packFontWidth":36,"usernameRect":{"x":12,"y":57,"width":196,"height":20},"passwordRect":{"x":12,"y":96,"width":196,"height":20},"submitRect":{"x":12,"y":124,"width":92,"height":20}}
[0710月2026 02:54:14.302] [NekoJS-Log-Flusher/INFO] [NekoJS/]: [client] [ticket48-auto] {"stage":"sample","ticks":9800,"elapsedMs":489556,"statistics":{"initialBuild":1,"layout":9,"reconcile":0,"resize":1,"paint":19274,"diagnostics":0,"cleanup":0},"disposed":false,"username":"","passwordLength":0,"error":"","submitting":false,"lastSubmitted":"","renderFault":false,"recoveryCount":0,"listValues":[{"id":"first","text":"A"}],"listNodes":[{"id":"list-first","text":"A","rect":{"x":0,"y":230,"width":30,"height":10}}],"profile":2,"packFontWidth":36,"usernameRect":{"x":12,"y":57,"width":196,"height":20},"passwordRect":{"x":12,"y":96,"width":196,"height":20},"submitRect":{"x":12,"y":124,"width":92,"height":20}}
[0710月2026 02:54:19.302] [NekoJS-Log-Flusher/INFO] [NekoJS/]: [client] [ticket48-auto] {"stage":"sample","ticks":9900,"elapsedMs":494572,"statistics":{"initialBuild":1,"layout":9,"reconcile":0,"resize":1,"paint":19424,"diagnostics":0,"cleanup":0},"disposed":false,"username":"","passwordLength":0,"error":"","submitting":false,"lastSubmitted":"","renderFault":false,"recoveryCount":0,"listValues":[{"id":"first","text":"A"}],"listNodes":[{"id":"list-first","text":"A","rect":{"x":0,"y":230,"width":30,"height":10}}],"profile":2,"packFontWidth":36,"usernameRect":{"x":12,"y":57,"width":196,"height":20},"passwordRect":{"x":12,"y":96,"width":196,"height":20},"submitRect":{"x":12,"y":124,"width":92,"height":20}}
[0710月2026 02:54:24.301] [NekoJS-Log-Flusher/INFO] [NekoJS/]: [client] [ticket48-auto] {"stage":"sample","ticks":10000,"elapsedMs":499555,"statistics":{"initialBuild":1,"layout":9,"reconcile":0,"resize":1,"paint":19573,"diagnostics":0,"cleanup":0},"disposed":false,"username":"","passwordLength":0,"error":"","submitting":false,"lastSubmitted":"","renderFault":false,"recoveryCount":0,"listValues":[{"id":"first","text":"A"}],"listNodes":[{"id":"list-first","text":"A","rect":{"x":0,"y":230,"width":30,"height":10}}],"profile":2,"packFontWidth":36,"usernameRect":{"x":12,"y":57,"width":196,"height":20},"passwordRect":{"x":12,"y":96,"width":196,"height":20},"submitRect":{"x":12,"y":124,"width":92,"height":20}}
[0710月2026 02:54:29.301] [NekoJS-Log-Flusher/INFO] [NekoJS/]: [client] [ticket48-auto] {"stage":"sample","ticks":10100,"elapsedMs":504565,"statistics":{"initialBuild":1,"layout":9,"reconcile":0,"resize":1,"paint":19723,"diagnostics":0,"cleanup":0},"disposed":false,"username":"","passwordLength":0,"error":"","submitting":false,"lastSubmitted":"","renderFault":false,"recoveryCount":0,"listValues":[{"id":"first","text":"A"}],"listNodes":[{"id":"list-first","text":"A","rect":{"x":0,"y":230,"width":30,"height":10}}],"profile":2,"packFontWidth":36,"usernameRect":{"x":12,"y":57,"width":196,"height":20},"passwordRect":{"x":12,"y":96,"width":196,"height":20},"submitRect":{"x":12,"y":124,"width":92,"height":20}}
[0710月2026 02:54:33.302] [NekoJS-Log-Flusher/INFO] [NekoJS/]: [client] [ticket48-auto] {"stage":"sample","ticks":10200,"elapsedMs":509546,"statistics":{"initialBuild":1,"layout":9,"reconcile":0,"resize":1,"paint":19872,"diagnostics":0,"cleanup":0},"disposed":false,"username":"","passwordLength":0,"error":"","submitting":false,"lastSubmitted":"","renderFault":false,"recoveryCount":0,"listValues":[{"id":"first","text":"A"}],"listNodes":[{"id":"list-first","text":"A","rect":{"x":0,"y":230,"width":30,"height":10}}],"profile":2,"packFontWidth":36,"usernameRect":{"x":12,"y":57,"width":196,"height":20},"passwordRect":{"x":12,"y":96,"width":196,"height":20},"submitRect":{"x":12,"y":124,"width":92,"height":20}}
[0710月2026 02:54:39.301] [NekoJS-Log-Flusher/INFO] [NekoJS/]: [client] [ticket48-auto] {"stage":"sample","ticks":10300,"elapsedMs":514565,"statistics":{"initialBuild":1,"layout":9,"reconcile":0,"resize":1,"paint":20022,"diagnostics":0,"cleanup":0},"disposed":false,"username":"","passwordLength":0,"error":"","submitting":false,"lastSubmitted":"","renderFault":false,"recoveryCount":0,"listValues":[{"id":"first","text":"A"}],"listNodes":[{"id":"list-first","text":"A","rect":{"x":0,"y":230,"width":30,"height":10}}],"profile":2,"packFontWidth":36,"usernameRect":{"x":12,"y":57,"width":196,"height":20},"passwordRect":{"x":12,"y":96,"width":196,"height":20},"submitRect":{"x":12,"y":124,"width":92,"height":20}}
[0710月2026 02:54:44.301] [NekoJS-Log-Flusher/INFO] [NekoJS/]: [client] [ticket48-auto] {"stage":"sample","ticks":10400,"elapsedMs":519573,"statistics":{"initialBuild":1,"layout":9,"reconcile":0,"resize":1,"paint":20172,"diagnostics":0,"cleanup":0},"disposed":false,"username":"","passwordLength":0,"error":"","submitting":false,"lastSubmitted":"","renderFault":false,"recoveryCount":0,"listValues":[{"id":"first","text":"A"}],"listNodes":[{"id":"list-first","text":"A","rect":{"x":0,"y":230,"width":30,"height":10}}],"profile":2,"packFontWidth":36,"usernameRect":{"x":12,"y":57,"width":196,"height":20},"passwordRect":{"x":12,"y":96,"width":196,"height":20},"submitRect":{"x":12,"y":124,"width":92,"height":20}}
[0710月2026 02:54:49.302] [NekoJS-Log-Flusher/INFO] [NekoJS/]: [client] [ticket48-auto] {"stage":"sample","ticks":10500,"elapsedMs":524553,"statistics":{"initialBuild":1,"layout":9,"reconcile":0,"resize":1,"paint":20321,"diagnostics":0,"cleanup":0},"disposed":false,"username":"","passwordLength":0,"error":"","submitting":false,"lastSubmitted":"","renderFault":false,"recoveryCount":0,"listValues":[{"id":"first","text":"A"}],"listNodes":[{"id":"list-first","text":"A","rect":{"x":0,"y":230,"width":30,"height":10}}],"profile":2,"packFontWidth":36,"usernameRect":{"x":12,"y":57,"width":196,"height":20},"passwordRect":{"x":12,"y":96,"width":196,"height":20},"submitRect":{"x":12,"y":124,"width":92,"height":20}}
[0710月2026 02:54:54.302] [NekoJS-Log-Flusher/INFO] [NekoJS/]: [client] [ticket48-auto] {"stage":"sample","ticks":10600,"elapsedMs":529569,"statistics":{"initialBuild":1,"layout":9,"reconcile":0,"resize":1,"paint":20471,"diagnostics":0,"cleanup":0},"disposed":false,"username":"","passwordLength":0,"error":"","submitting":false,"lastSubmitted":"","renderFault":false,"recoveryCount":0,"listValues":[{"id":"first","text":"A"}],"listNodes":[{"id":"list-first","text":"A","rect":{"x":0,"y":230,"width":30,"height":10}}],"profile":2,"packFontWidth":36,"usernameRect":{"x":12,"y":57,"width":196,"height":20},"passwordRect":{"x":12,"y":96,"width":196,"height":20},"submitRect":{"x":12,"y":124,"width":92,"height":20}}
[0710月2026 02:54:58.302] [NekoJS-Log-Flusher/INFO] [NekoJS/]: [client] [ticket48-auto] {"stage":"sample","ticks":10700,"elapsedMs":534548,"statistics":{"initialBuild":1,"layout":9,"reconcile":0,"resize":1,"paint":20620,"diagnostics":0,"cleanup":0},"disposed":false,"username":"","passwordLength":0,"error":"","submitting":false,"lastSubmitted":"","renderFault":false,"recoveryCount":0,"listValues":[{"id":"first","text":"A"}],"listNodes":[{"id":"list-first","text":"A","rect":{"x":0,"y":230,"width":30,"height":10}}],"profile":2,"packFontWidth":36,"usernameRect":{"x":12,"y":57,"width":196,"height":20},"passwordRect":{"x":12,"y":96,"width":196,"height":20},"submitRect":{"x":12,"y":124,"width":92,"height":20}}
[0710月2026 02:55:04.303] [NekoJS-Log-Flusher/INFO] [NekoJS/]: [client] [ticket48-auto] {"stage":"sample","ticks":10800,"elapsedMs":539560,"statistics":{"initialBuild":1,"layout":9,"reconcile":0,"resize":1,"paint":20770,"diagnostics":0,"cleanup":0},"disposed":false,"username":"","passwordLength":0,"error":"","submitting":false,"lastSubmitted":"","renderFault":false,"recoveryCount":0,"listValues":[{"id":"first","text":"A"}],"listNodes":[{"id":"list-first","text":"A","rect":{"x":0,"y":230,"width":30,"height":10}}],"profile":2,"packFontWidth":36,"usernameRect":{"x":12,"y":57,"width":196,"height":20},"passwordRect":{"x":12,"y":96,"width":196,"height":20},"submitRect":{"x":12,"y":124,"width":92,"height":20}}
[0710月2026 02:55:09.301] [NekoJS-Log-Flusher/INFO] [NekoJS/]: [client] [ticket48-auto] {"stage":"sample","ticks":10900,"elapsedMs":544573,"statistics":{"initialBuild":1,"layout":9,"reconcile":0,"resize":1,"paint":20920,"diagnostics":0,"cleanup":0},"disposed":false,"username":"","passwordLength":0,"error":"","submitting":false,"lastSubmitted":"","renderFault":false,"recoveryCount":0,"listValues":[{"id":"first","text":"A"}],"listNodes":[{"id":"list-first","text":"A","rect":{"x":0,"y":230,"width":30,"height":10}}],"profile":2,"packFontWidth":36,"usernameRect":{"x":12,"y":57,"width":196,"height":20},"passwordRect":{"x":12,"y":96,"width":196,"height":20},"submitRect":{"x":12,"y":124,"width":92,"height":20}}
[0710月2026 02:55:14.302] [NekoJS-Log-Flusher/INFO] [NekoJS/]: [client] [ticket48-auto] {"stage":"sample","ticks":11000,"elapsedMs":549552,"statistics":{"initialBuild":1,"layout":9,"reconcile":0,"resize":1,"paint":21069,"diagnostics":0,"cleanup":0},"disposed":false,"username":"","passwordLength":0,"error":"","submitting":false,"lastSubmitted":"","renderFault":false,"recoveryCount":0,"listValues":[{"id":"first","text":"A"}],"listNodes":[{"id":"list-first","text":"A","rect":{"x":0,"y":230,"width":30,"height":10}}],"profile":2,"packFontWidth":36,"usernameRect":{"x":12,"y":57,"width":196,"height":20},"passwordRect":{"x":12,"y":96,"width":196,"height":20},"submitRect":{"x":12,"y":124,"width":92,"height":20}}
[0710月2026 02:55:19.302] [NekoJS-Log-Flusher/INFO] [NekoJS/]: [client] [ticket48-auto] {"stage":"sample","ticks":11100,"elapsedMs":554567,"statistics":{"initialBuild":1,"layout":9,"reconcile":0,"resize":1,"paint":21219,"diagnostics":0,"cleanup":0},"disposed":false,"username":"","passwordLength":0,"error":"","submitting":false,"lastSubmitted":"","renderFault":false,"recoveryCount":0,"listValues":[{"id":"first","text":"A"}],"listNodes":[{"id":"list-first","text":"A","rect":{"x":0,"y":230,"width":30,"height":10}}],"profile":2,"packFontWidth":36,"usernameRect":{"x":12,"y":57,"width":196,"height":20},"passwordRect":{"x":12,"y":96,"width":196,"height":20},"submitRect":{"x":12,"y":124,"width":92,"height":20}}
[0710月2026 02:55:24.303] [NekoJS-Log-Flusher/INFO] [NekoJS/]: [client] [ticket48-auto] {"stage":"sample","ticks":11200,"elapsedMs":559550,"statistics":{"initialBuild":1,"layout":9,"reconcile":0,"resize":1,"paint":21368,"diagnostics":0,"cleanup":0},"disposed":false,"username":"","passwordLength":0,"error":"","submitting":false,"lastSubmitted":"","renderFault":false,"recoveryCount":0,"listValues":[{"id":"first","text":"A"}],"listNodes":[{"id":"list-first","text":"A","rect":{"x":0,"y":230,"width":30,"height":10}}],"profile":2,"packFontWidth":36,"usernameRect":{"x":12,"y":57,"width":196,"height":20},"passwordRect":{"x":12,"y":96,"width":196,"height":20},"submitRect":{"x":12,"y":124,"width":92,"height":20}}
[0710月2026 02:55:29.302] [NekoJS-Log-Flusher/INFO] [NekoJS/]: [client] [ticket48-auto] {"stage":"sample","ticks":11300,"elapsedMs":564564,"statistics":{"initialBuild":1,"layout":9,"reconcile":0,"resize":1,"paint":21518,"diagnostics":0,"cleanup":0},"disposed":false,"username":"","passwordLength":0,"error":"","submitting":false,"lastSubmitted":"","renderFault":false,"recoveryCount":0,"listValues":[{"id":"first","text":"A"}],"listNodes":[{"id":"list-first","text":"A","rect":{"x":0,"y":230,"width":30,"height":10}}],"profile":2,"packFontWidth":36,"usernameRect":{"x":12,"y":57,"width":196,"height":20},"passwordRect":{"x":12,"y":96,"width":196,"height":20},"submitRect":{"x":12,"y":124,"width":92,"height":20}}
[0710月2026 02:55:34.302] [NekoJS-Log-Flusher/INFO] [NekoJS/]: [client] [ticket48-auto] {"stage":"sample","ticks":11400,"elapsedMs":569574,"statistics":{"initialBuild":1,"layout":9,"reconcile":0,"resize":1,"paint":21668,"diagnostics":0,"cleanup":0},"disposed":false,"username":"","passwordLength":0,"error":"","submitting":false,"lastSubmitted":"","renderFault":false,"recoveryCount":0,"listValues":[{"id":"first","text":"A"}],"listNodes":[{"id":"list-first","text":"A","rect":{"x":0,"y":230,"width":30,"height":10}}],"profile":2,"packFontWidth":36,"usernameRect":{"x":12,"y":57,"width":196,"height":20},"passwordRect":{"x":12,"y":96,"width":196,"height":20},"submitRect":{"x":12,"y":124,"width":92,"height":20}}
[0710月2026 02:55:39.302] [NekoJS-Log-Flusher/INFO] [NekoJS/]: [client] [ticket48-auto] {"stage":"sample","ticks":11500,"elapsedMs":574553,"statistics":{"initialBuild":1,"layout":9,"reconcile":0,"resize":1,"paint":21817,"diagnostics":0,"cleanup":0},"disposed":false,"username":"","passwordLength":0,"error":"","submitting":false,"lastSubmitted":"","renderFault":false,"recoveryCount":0,"listValues":[{"id":"first","text":"A"}],"listNodes":[{"id":"list-first","text":"A","rect":{"x":0,"y":230,"width":30,"height":10}}],"profile":2,"packFontWidth":36,"usernameRect":{"x":12,"y":57,"width":196,"height":20},"passwordRect":{"x":12,"y":96,"width":196,"height":20},"submitRect":{"x":12,"y":124,"width":92,"height":20}}
[0710月2026 02:55:44.303] [NekoJS-Log-Flusher/INFO] [NekoJS/]: [client] [ticket48-auto] {"stage":"sample","ticks":11600,"elapsedMs":579561,"statistics":{"initialBuild":1,"layout":9,"reconcile":0,"resize":1,"paint":21967,"diagnostics":0,"cleanup":0},"disposed":false,"username":"","passwordLength":0,"error":"","submitting":false,"lastSubmitted":"","renderFault":false,"recoveryCount":0,"listValues":[{"id":"first","text":"A"}],"listNodes":[{"id":"list-first","text":"A","rect":{"x":0,"y":230,"width":30,"height":10}}],"profile":2,"packFontWidth":36,"usernameRect":{"x":12,"y":57,"width":196,"height":20},"passwordRect":{"x":12,"y":96,"width":196,"height":20},"submitRect":{"x":12,"y":124,"width":92,"height":20}}
[0710月2026 02:55:49.302] [NekoJS-Log-Flusher/INFO] [NekoJS/]: [client] [ticket48-auto] {"stage":"sample","ticks":11700,"elapsedMs":584575,"statistics":{"initialBuild":1,"layout":9,"reconcile":0,"resize":1,"paint":22117,"diagnostics":0,"cleanup":0},"disposed":false,"username":"","passwordLength":0,"error":"","submitting":false,"lastSubmitted":"","renderFault":false,"recoveryCount":0,"listValues":[{"id":"first","text":"A"}],"listNodes":[{"id":"list-first","text":"A","rect":{"x":0,"y":230,"width":30,"height":10}}],"profile":2,"packFontWidth":36,"usernameRect":{"x":12,"y":57,"width":196,"height":20},"passwordRect":{"x":12,"y":96,"width":196,"height":20},"submitRect":{"x":12,"y":124,"width":92,"height":20}}
[0710月2026 02:55:54.302] [NekoJS-Log-Flusher/INFO] [NekoJS/]: [client] [ticket48-auto] {"stage":"sample","ticks":11800,"elapsedMs":589553,"statistics":{"initialBuild":1,"layout":9,"reconcile":0,"resize":1,"paint":22266,"diagnostics":0,"cleanup":0},"disposed":false,"username":"","passwordLength":0,"error":"","submitting":false,"lastSubmitted":"","renderFault":false,"recoveryCount":0,"listValues":[{"id":"first","text":"A"}],"listNodes":[{"id":"list-first","text":"A","rect":{"x":0,"y":230,"width":30,"height":10}}],"profile":2,"packFontWidth":36,"usernameRect":{"x":12,"y":57,"width":196,"height":20},"passwordRect":{"x":12,"y":96,"width":196,"height":20},"submitRect":{"x":12,"y":124,"width":92,"height":20}}
[0710月2026 02:55:59.303] [NekoJS-Log-Flusher/INFO] [NekoJS/]: [client] [ticket48-auto] {"stage":"sample","ticks":11900,"elapsedMs":594565,"statistics":{"initialBuild":1,"layout":9,"reconcile":0,"resize":1,"paint":22416,"diagnostics":0,"cleanup":0},"disposed":false,"username":"","passwordLength":0,"error":"","submitting":false,"lastSubmitted":"","renderFault":false,"recoveryCount":0,"listValues":[{"id":"first","text":"A"}],"listNodes":[{"id":"list-first","text":"A","rect":{"x":0,"y":230,"width":30,"height":10}}],"profile":2,"packFontWidth":36,"usernameRect":{"x":12,"y":57,"width":196,"height":20},"passwordRect":{"x":12,"y":96,"width":196,"height":20},"submitRect":{"x":12,"y":124,"width":92,"height":20}}
[0710月2026 02:56:04.322] [NekoJS-Log-Flusher/INFO] [NekoJS/]: [client] [ticket48-auto] {"stage":"sample","ticks":12000,"elapsedMs":599573,"statistics":{"initialBuild":1,"layout":9,"reconcile":0,"resize":1,"paint":22556,"diagnostics":0,"cleanup":0},"disposed":false,"username":"","passwordLength":0,"error":"","submitting":false,"lastSubmitted":"","renderFault":false,"recoveryCount":0,"listValues":[{"id":"first","text":"A"}],"listNodes":[{"id":"list-first","text":"A","rect":{"x":0,"y":230,"width":30,"height":10}}],"profile":2,"packFontWidth":36,"usernameRect":{"x":12,"y":57,"width":196,"height":20},"passwordRect":{"x":12,"y":96,"width":196,"height":20},"submitRect":{"x":12,"y":124,"width":92,"height":20}}
[0710月2026 02:56:09.302] [NekoJS-Log-Flusher/INFO] [NekoJS/]: [client] [ticket48-auto] {"stage":"sample","ticks":12100,"elapsedMs":604553,"statistics":{"initialBuild":1,"layout":9,"reconcile":0,"resize":1,"paint":22681,"diagnostics":0,"cleanup":0},"disposed":false,"username":"","passwordLength":0,"error":"","submitting":false,"lastSubmitted":"","renderFault":false,"recoveryCount":0,"listValues":[{"id":"first","text":"A"}],"listNodes":[{"id":"list-first","text":"A","rect":{"x":0,"y":230,"width":30,"height":10}}],"profile":2,"packFontWidth":36,"usernameRect":{"x":12,"y":57,"width":196,"height":20},"passwordRect":{"x":12,"y":96,"width":196,"height":20},"submitRect":{"x":12,"y":124,"width":92,"height":20}}
[0710月2026 02:56:14.302] [NekoJS-Log-Flusher/INFO] [NekoJS/]: [client] [ticket48-auto] {"stage":"sample","ticks":12200,"elapsedMs":609566,"statistics":{"initialBuild":1,"layout":9,"reconcile":0,"resize":1,"paint":22831,"diagnostics":0,"cleanup":0},"disposed":false,"username":"","passwordLength":0,"error":"","submitting":false,"lastSubmitted":"","renderFault":false,"recoveryCount":0,"listValues":[{"id":"first","text":"A"}],"listNodes":[{"id":"list-first","text":"A","rect":{"x":0,"y":230,"width":30,"height":10}}],"profile":2,"packFontWidth":36,"usernameRect":{"x":12,"y":57,"width":196,"height":20},"passwordRect":{"x":12,"y":96,"width":196,"height":20},"submitRect":{"x":12,"y":124,"width":92,"height":20}}
[0710月2026 02:56:18.302] [NekoJS-Log-Flusher/INFO] [NekoJS/]: [client] [ticket48-auto] {"stage":"sample","ticks":12300,"elapsedMs":614547,"statistics":{"initialBuild":1,"layout":9,"reconcile":0,"resize":1,"paint":22980,"diagnostics":0,"cleanup":0},"disposed":false,"username":"","passwordLength":0,"error":"","submitting":false,"lastSubmitted":"","renderFault":false,"recoveryCount":0,"listValues":[{"id":"first","text":"A"}],"listNodes":[{"id":"list-first","text":"A","rect":{"x":0,"y":230,"width":30,"height":10}}],"profile":2,"packFontWidth":36,"usernameRect":{"x":12,"y":57,"width":196,"height":20},"passwordRect":{"x":12,"y":96,"width":196,"height":20},"submitRect":{"x":12,"y":124,"width":92,"height":20}}
[0710月2026 02:56:24.303] [NekoJS-Log-Flusher/INFO] [NekoJS/]: [client] [ticket48-auto] {"stage":"sample","ticks":12400,"elapsedMs":619561,"statistics":{"initialBuild":1,"layout":9,"reconcile":0,"resize":1,"paint":23130,"diagnostics":0,"cleanup":0},"disposed":false,"username":"","passwordLength":0,"error":"","submitting":false,"lastSubmitted":"","renderFault":false,"recoveryCount":0,"listValues":[{"id":"first","text":"A"}],"listNodes":[{"id":"list-first","text":"A","rect":{"x":0,"y":230,"width":30,"height":10}}],"profile":2,"packFontWidth":36,"usernameRect":{"x":12,"y":57,"width":196,"height":20},"passwordRect":{"x":12,"y":96,"width":196,"height":20},"submitRect":{"x":12,"y":124,"width":92,"height":20}}
[0710月2026 02:56:29.302] [NekoJS-Log-Flusher/INFO] [NekoJS/]: [client] [ticket48-auto] {"stage":"sample","ticks":12500,"elapsedMs":624571,"statistics":{"initialBuild":1,"layout":9,"reconcile":0,"resize":1,"paint":23280,"diagnostics":0,"cleanup":0},"disposed":false,"username":"","passwordLength":0,"error":"","submitting":false,"lastSubmitted":"","renderFault":false,"recoveryCount":0,"listValues":[{"id":"first","text":"A"}],"listNodes":[{"id":"list-first","text":"A","rect":{"x":0,"y":230,"width":30,"height":10}}],"profile":2,"packFontWidth":36,"usernameRect":{"x":12,"y":57,"width":196,"height":20},"passwordRect":{"x":12,"y":96,"width":196,"height":20},"submitRect":{"x":12,"y":124,"width":92,"height":20}}
[0710月2026 02:56:34.303] [NekoJS-Log-Flusher/INFO] [NekoJS/]: [client] [ticket48-auto] {"stage":"sample","ticks":12600,"elapsedMs":629553,"statistics":{"initialBuild":1,"layout":9,"reconcile":0,"resize":1,"paint":23429,"diagnostics":0,"cleanup":0},"disposed":false,"username":"","passwordLength":0,"error":"","submitting":false,"lastSubmitted":"","renderFault":false,"recoveryCount":0,"listValues":[{"id":"first","text":"A"}],"listNodes":[{"id":"list-first","text":"A","rect":{"x":0,"y":230,"width":30,"height":10}}],"profile":2,"packFontWidth":36,"usernameRect":{"x":12,"y":57,"width":196,"height":20},"passwordRect":{"x":12,"y":96,"width":196,"height":20},"submitRect":{"x":12,"y":124,"width":92,"height":20}}
[0710月2026 02:56:39.302] [NekoJS-Log-Flusher/INFO] [NekoJS/]: [client] [ticket48-auto] {"stage":"sample","ticks":12700,"elapsedMs":634567,"statistics":{"initialBuild":1,"layout":9,"reconcile":0,"resize":1,"paint":23579,"diagnostics":0,"cleanup":0},"disposed":false,"username":"","passwordLength":0,"error":"","submitting":false,"lastSubmitted":"","renderFault":false,"recoveryCount":0,"listValues":[{"id":"first","text":"A"}],"listNodes":[{"id":"list-first","text":"A","rect":{"x":0,"y":230,"width":30,"height":10}}],"profile":2,"packFontWidth":36,"usernameRect":{"x":12,"y":57,"width":196,"height":20},"passwordRect":{"x":12,"y":96,"width":196,"height":20},"submitRect":{"x":12,"y":124,"width":92,"height":20}}
[0710月2026 02:56:43.302] [NekoJS-Log-Flusher/INFO] [NekoJS/]: [client] [ticket48-auto] {"stage":"sample","ticks":12800,"elapsedMs":639546,"statistics":{"initialBuild":1,"layout":9,"reconcile":0,"resize":1,"paint":23728,"diagnostics":0,"cleanup":0},"disposed":false,"username":"","passwordLength":0,"error":"","submitting":false,"lastSubmitted":"","renderFault":false,"recoveryCount":0,"listValues":[{"id":"first","text":"A"}],"listNodes":[{"id":"list-first","text":"A","rect":{"x":0,"y":230,"width":30,"height":10}}],"profile":2,"packFontWidth":36,"usernameRect":{"x":12,"y":57,"width":196,"height":20},"passwordRect":{"x":12,"y":96,"width":196,"height":20},"submitRect":{"x":12,"y":124,"width":92,"height":20}}
[0710月2026 02:56:49.302] [NekoJS-Log-Flusher/INFO] [NekoJS/]: [client] [ticket48-auto] {"stage":"sample","ticks":12900,"elapsedMs":644559,"statistics":{"initialBuild":1,"layout":9,"reconcile":0,"resize":1,"paint":23878,"diagnostics":0,"cleanup":0},"disposed":false,"username":"","passwordLength":0,"error":"","submitting":false,"lastSubmitted":"","renderFault":false,"recoveryCount":0,"listValues":[{"id":"first","text":"A"}],"listNodes":[{"id":"list-first","text":"A","rect":{"x":0,"y":230,"width":30,"height":10}}],"profile":2,"packFontWidth":36,"usernameRect":{"x":12,"y":57,"width":196,"height":20},"passwordRect":{"x":12,"y":96,"width":196,"height":20},"submitRect":{"x":12,"y":124,"width":92,"height":20}}
[0710月2026 02:56:54.349] [NekoJS-Log-Flusher/INFO] [NekoJS/]: [client] [ticket48-auto] {"stage":"sample","ticks":13000,"elapsedMs":649583,"statistics":{"initialBuild":1,"layout":9,"reconcile":0,"resize":1,"paint":24013,"diagnostics":0,"cleanup":0},"disposed":false,"username":"","passwordLength":0,"error":"","submitting":false,"lastSubmitted":"","renderFault":false,"recoveryCount":0,"listValues":[{"id":"first","text":"A"}],"listNodes":[{"id":"list-first","text":"A","rect":{"x":0,"y":230,"width":30,"height":10}}],"profile":2,"packFontWidth":36,"usernameRect":{"x":12,"y":57,"width":196,"height":20},"passwordRect":{"x":12,"y":96,"width":196,"height":20},"submitRect":{"x":12,"y":124,"width":92,"height":20}}
[0710月2026 02:56:59.303] [NekoJS-Log-Flusher/INFO] [NekoJS/]: [client] [ticket48-auto] {"stage":"sample","ticks":13100,"elapsedMs":654568,"statistics":{"initialBuild":1,"layout":9,"reconcile":0,"resize":1,"paint":24141,"diagnostics":0,"cleanup":0},"disposed":false,"username":"","passwordLength":0,"error":"","submitting":false,"lastSubmitted":"","renderFault":false,"recoveryCount":0,"listValues":[{"id":"first","text":"A"}],"listNodes":[{"id":"list-first","text":"A","rect":{"x":0,"y":230,"width":30,"height":10}}],"profile":2,"packFontWidth":36,"usernameRect":{"x":12,"y":57,"width":196,"height":20},"passwordRect":{"x":12,"y":96,"width":196,"height":20},"submitRect":{"x":12,"y":124,"width":92,"height":20}}
[0710月2026 02:57:03.303] [NekoJS-Log-Flusher/INFO] [NekoJS/]: [client] [ticket48-auto] {"stage":"sample","ticks":13200,"elapsedMs":659543,"statistics":{"initialBuild":1,"layout":9,"reconcile":0,"resize":1,"paint":24290,"diagnostics":0,"cleanup":0},"disposed":false,"username":"","passwordLength":0,"error":"","submitting":false,"lastSubmitted":"","renderFault":false,"recoveryCount":0,"listValues":[{"id":"first","text":"A"}],"listNodes":[{"id":"list-first","text":"A","rect":{"x":0,"y":230,"width":30,"height":10}}],"profile":2,"packFontWidth":36,"usernameRect":{"x":12,"y":57,"width":196,"height":20},"passwordRect":{"x":12,"y":96,"width":196,"height":20},"submitRect":{"x":12,"y":124,"width":92,"height":20}}
[0710月2026 02:57:09.302] [NekoJS-Log-Flusher/INFO] [NekoJS/]: [client] [ticket48-auto] {"stage":"sample","ticks":13300,"elapsedMs":664557,"statistics":{"initialBuild":1,"layout":9,"reconcile":0,"resize":1,"paint":24440,"diagnostics":0,"cleanup":0},"disposed":false,"username":"","passwordLength":0,"error":"","submitting":false,"lastSubmitted":"","renderFault":false,"recoveryCount":0,"listValues":[{"id":"first","text":"A"}],"listNodes":[{"id":"list-first","text":"A","rect":{"x":0,"y":230,"width":30,"height":10}}],"profile":2,"packFontWidth":36,"usernameRect":{"x":12,"y":57,"width":196,"height":20},"passwordRect":{"x":12,"y":96,"width":196,"height":20},"submitRect":{"x":12,"y":124,"width":92,"height":20}}
[0710月2026 02:57:14.304] [NekoJS-Log-Flusher/INFO] [NekoJS/]: [client] [ticket48-auto] {"stage":"sample","ticks":13400,"elapsedMs":669562,"statistics":{"initialBuild":1,"layout":9,"reconcile":0,"resize":1,"paint":24588,"diagnostics":0,"cleanup":0},"disposed":false,"username":"","passwordLength":0,"error":"","submitting":false,"lastSubmitted":"","renderFault":false,"recoveryCount":0,"listValues":[{"id":"first","text":"A"}],"listNodes":[{"id":"list-first","text":"A","rect":{"x":0,"y":230,"width":30,"height":10}}],"profile":2,"packFontWidth":36,"usernameRect":{"x":12,"y":57,"width":196,"height":20},"passwordRect":{"x":12,"y":96,"width":196,"height":20},"submitRect":{"x":12,"y":124,"width":92,"height":20}}
[0710月2026 02:57:19.302] [NekoJS-Log-Flusher/INFO] [NekoJS/]: [client] [ticket48-auto] {"stage":"sample","ticks":13500,"elapsedMs":674573,"statistics":{"initialBuild":1,"layout":9,"reconcile":0,"resize":1,"paint":24738,"diagnostics":0,"cleanup":0},"disposed":false,"username":"","passwordLength":0,"error":"","submitting":false,"lastSubmitted":"","renderFault":false,"recoveryCount":0,"listValues":[{"id":"first","text":"A"}],"listNodes":[{"id":"list-first","text":"A","rect":{"x":0,"y":230,"width":30,"height":10}}],"profile":2,"packFontWidth":36,"usernameRect":{"x":12,"y":57,"width":196,"height":20},"passwordRect":{"x":12,"y":96,"width":196,"height":20},"submitRect":{"x":12,"y":124,"width":92,"height":20}}
[0710月2026 02:57:24.302] [NekoJS-Log-Flusher/INFO] [NekoJS/]: [client] [ticket48-auto] {"stage":"sample","ticks":13600,"elapsedMs":679551,"statistics":{"initialBuild":1,"layout":9,"reconcile":0,"resize":1,"paint":24887,"diagnostics":0,"cleanup":0},"disposed":false,"username":"","passwordLength":0,"error":"","submitting":false,"lastSubmitted":"","renderFault":false,"recoveryCount":0,"listValues":[{"id":"first","text":"A"}],"listNodes":[{"id":"list-first","text":"A","rect":{"x":0,"y":230,"width":30,"height":10}}],"profile":2,"packFontWidth":36,"usernameRect":{"x":12,"y":57,"width":196,"height":20},"passwordRect":{"x":12,"y":96,"width":196,"height":20},"submitRect":{"x":12,"y":124,"width":92,"height":20}}
[0710月2026 02:57:29.303] [NekoJS-Log-Flusher/INFO] [NekoJS/]: [client] [ticket48-auto] {"stage":"sample","ticks":13700,"elapsedMs":684563,"statistics":{"initialBuild":1,"layout":9,"reconcile":0,"resize":1,"paint":25037,"diagnostics":0,"cleanup":0},"disposed":false,"username":"","passwordLength":0,"error":"","submitting":false,"lastSubmitted":"","renderFault":false,"recoveryCount":0,"listValues":[{"id":"first","text":"A"}],"listNodes":[{"id":"list-first","text":"A","rect":{"x":0,"y":230,"width":30,"height":10}}],"profile":2,"packFontWidth":36,"usernameRect":{"x":12,"y":57,"width":196,"height":20},"passwordRect":{"x":12,"y":96,"width":196,"height":20},"submitRect":{"x":12,"y":124,"width":92,"height":20}}
[0710月2026 02:57:33.303] [NekoJS-Log-Flusher/INFO] [NekoJS/]: [client] [ticket48-auto] {"stage":"sample","ticks":13800,"elapsedMs":689546,"statistics":{"initialBuild":1,"layout":9,"reconcile":0,"resize":1,"paint":25186,"diagnostics":0,"cleanup":0},"disposed":false,"username":"","passwordLength":0,"error":"","submitting":false,"lastSubmitted":"","renderFault":false,"recoveryCount":0,"listValues":[{"id":"first","text":"A"}],"listNodes":[{"id":"list-first","text":"A","rect":{"x":0,"y":230,"width":30,"height":10}}],"profile":2,"packFontWidth":36,"usernameRect":{"x":12,"y":57,"width":196,"height":20},"passwordRect":{"x":12,"y":96,"width":196,"height":20},"submitRect":{"x":12,"y":124,"width":92,"height":20}}
[0710月2026 02:57:39.302] [NekoJS-Log-Flusher/INFO] [NekoJS/]: [client] [ticket48-auto] {"stage":"sample","ticks":13900,"elapsedMs":694571,"statistics":{"initialBuild":1,"layout":9,"reconcile":0,"resize":1,"paint":25333,"diagnostics":0,"cleanup":0},"disposed":false,"username":"","passwordLength":0,"error":"","submitting":false,"lastSubmitted":"","renderFault":false,"recoveryCount":0,"listValues":[{"id":"first","text":"A"}],"listNodes":[{"id":"list-first","text":"A","rect":{"x":0,"y":230,"width":30,"height":10}}],"profile":2,"packFontWidth":36,"usernameRect":{"x":12,"y":57,"width":196,"height":20},"passwordRect":{"x":12,"y":96,"width":196,"height":20},"submitRect":{"x":12,"y":124,"width":92,"height":20}}
[0710月2026 02:57:44.302] [NekoJS-Log-Flusher/INFO] [NekoJS/]: [client] [ticket48-auto] {"stage":"sample","ticks":14000,"elapsedMs":699556,"statistics":{"initialBuild":1,"layout":9,"reconcile":0,"resize":1,"paint":25482,"diagnostics":0,"cleanup":0},"disposed":false,"username":"","passwordLength":0,"error":"","submitting":false,"lastSubmitted":"","renderFault":false,"recoveryCount":0,"listValues":[{"id":"first","text":"A"}],"listNodes":[{"id":"list-first","text":"A","rect":{"x":0,"y":230,"width":30,"height":10}}],"profile":2,"packFontWidth":36,"usernameRect":{"x":12,"y":57,"width":196,"height":20},"passwordRect":{"x":12,"y":96,"width":196,"height":20},"submitRect":{"x":12,"y":124,"width":92,"height":20}}
[0710月2026 02:57:49.302] [NekoJS-Log-Flusher/INFO] [NekoJS/]: [client] [ticket48-auto] {"stage":"sample","ticks":14100,"elapsedMs":704565,"statistics":{"initialBuild":1,"layout":9,"reconcile":0,"resize":1,"paint":25632,"diagnostics":0,"cleanup":0},"disposed":false,"username":"","passwordLength":0,"error":"","submitting":false,"lastSubmitted":"","renderFault":false,"recoveryCount":0,"listValues":[{"id":"first","text":"A"}],"listNodes":[{"id":"list-first","text":"A","rect":{"x":0,"y":230,"width":30,"height":10}}],"profile":2,"packFontWidth":36,"usernameRect":{"x":12,"y":57,"width":196,"height":20},"passwordRect":{"x":12,"y":96,"width":196,"height":20},"submitRect":{"x":12,"y":124,"width":92,"height":20}}
[0710月2026 02:57:53.302] [NekoJS-Log-Flusher/INFO] [NekoJS/]: [client] [ticket48-auto] {"stage":"sample","ticks":14200,"elapsedMs":709547,"statistics":{"initialBuild":1,"layout":9,"reconcile":0,"resize":1,"paint":25781,"diagnostics":0,"cleanup":0},"disposed":false,"username":"","passwordLength":0,"error":"","submitting":false,"lastSubmitted":"","renderFault":false,"recoveryCount":0,"listValues":[{"id":"first","text":"A"}],"listNodes":[{"id":"list-first","text":"A","rect":{"x":0,"y":230,"width":30,"height":10}}],"profile":2,"packFontWidth":36,"usernameRect":{"x":12,"y":57,"width":196,"height":20},"passwordRect":{"x":12,"y":96,"width":196,"height":20},"submitRect":{"x":12,"y":124,"width":92,"height":20}}
[0710月2026 02:57:58.303] [NekoJS-Log-Flusher/INFO] [NekoJS/]: [client] [ticket48-auto] {"stage":"sample","ticks":14300,"elapsedMs":714546,"statistics":{"initialBuild":1,"layout":9,"reconcile":0,"resize":1,"paint":25929,"diagnostics":0,"cleanup":0},"disposed":false,"username":"","passwordLength":0,"error":"","submitting":false,"lastSubmitted":"","renderFault":false,"recoveryCount":0,"listValues":[{"id":"first","text":"A"}],"listNodes":[{"id":"list-first","text":"A","rect":{"x":0,"y":230,"width":30,"height":10}}],"profile":2,"packFontWidth":36,"usernameRect":{"x":12,"y":57,"width":196,"height":20},"passwordRect":{"x":12,"y":96,"width":196,"height":20},"submitRect":{"x":12,"y":124,"width":92,"height":20}}
[0710月2026 02:58:04.302] [NekoJS-Log-Flusher/INFO] [NekoJS/]: [client] [ticket48-auto] {"stage":"sample","ticks":14400,"elapsedMs":719551,"statistics":{"initialBuild":1,"layout":9,"reconcile":0,"resize":1,"paint":26077,"diagnostics":0,"cleanup":0},"disposed":false,"username":"","passwordLength":0,"error":"","submitting":false,"lastSubmitted":"","renderFault":false,"recoveryCount":0,"listValues":[{"id":"first","text":"A"}],"listNodes":[{"id":"list-first","text":"A","rect":{"x":0,"y":230,"width":30,"height":10}}],"profile":2,"packFontWidth":36,"usernameRect":{"x":12,"y":57,"width":196,"height":20},"passwordRect":{"x":12,"y":96,"width":196,"height":20},"submitRect":{"x":12,"y":124,"width":92,"height":20}}
[0710月2026 02:58:09.304] [NekoJS-Log-Flusher/INFO] [NekoJS/]: [client] [ticket48-auto] {"stage":"sample","ticks":14500,"elapsedMs":724562,"statistics":{"initialBuild":1,"layout":9,"reconcile":0,"resize":1,"paint":26227,"diagnostics":0,"cleanup":0},"disposed":false,"username":"","passwordLength":0,"error":"","submitting":false,"lastSubmitted":"","renderFault":false,"recoveryCount":0,"listValues":[{"id":"first","text":"A"}],"listNodes":[{"id":"list-first","text":"A","rect":{"x":0,"y":230,"width":30,"height":10}}],"profile":2,"packFontWidth":36,"usernameRect":{"x":12,"y":57,"width":196,"height":20},"passwordRect":{"x":12,"y":96,"width":196,"height":20},"submitRect":{"x":12,"y":124,"width":92,"height":20}}
[0710月2026 02:58:13.302] [NekoJS-Log-Flusher/INFO] [NekoJS/]: [client] [ticket48-auto] {"stage":"sample","ticks":14600,"elapsedMs":729543,"statistics":{"initialBuild":1,"layout":9,"reconcile":0,"resize":1,"paint":26376,"diagnostics":0,"cleanup":0},"disposed":false,"username":"","passwordLength":0,"error":"","submitting":false,"lastSubmitted":"","renderFault":false,"recoveryCount":0,"listValues":[{"id":"first","text":"A"}],"listNodes":[{"id":"list-first","text":"A","rect":{"x":0,"y":230,"width":30,"height":10}}],"profile":2,"packFontWidth":36,"usernameRect":{"x":12,"y":57,"width":196,"height":20},"passwordRect":{"x":12,"y":96,"width":196,"height":20},"submitRect":{"x":12,"y":124,"width":92,"height":20}}
[0710月2026 02:58:19.302] [NekoJS-Log-Flusher/INFO] [NekoJS/]: [client] [ticket48-auto] {"stage":"sample","ticks":14700,"elapsedMs":734556,"statistics":{"initialBuild":1,"layout":9,"reconcile":0,"resize":1,"paint":26526,"diagnostics":0,"cleanup":0},"disposed":false,"username":"","passwordLength":0,"error":"","submitting":false,"lastSubmitted":"","renderFault":false,"recoveryCount":0,"listValues":[{"id":"first","text":"A"}],"listNodes":[{"id":"list-first","text":"A","rect":{"x":0,"y":230,"width":30,"height":10}}],"profile":2,"packFontWidth":36,"usernameRect":{"x":12,"y":57,"width":196,"height":20},"passwordRect":{"x":12,"y":96,"width":196,"height":20},"submitRect":{"x":12,"y":124,"width":92,"height":20}}
[0710月2026 02:58:24.304] [NekoJS-Log-Flusher/INFO] [NekoJS/]: [client] [ticket48-auto] {"stage":"sample","ticks":14800,"elapsedMs":739568,"statistics":{"initialBuild":1,"layout":9,"reconcile":0,"resize":1,"paint":26676,"diagnostics":0,"cleanup":0},"disposed":false,"username":"","passwordLength":0,"error":"","submitting":false,"lastSubmitted":"","renderFault":false,"recoveryCount":0,"listValues":[{"id":"first","text":"A"}],"listNodes":[{"id":"list-first","text":"A","rect":{"x":0,"y":230,"width":30,"height":10}}],"profile":2,"packFontWidth":36,"usernameRect":{"x":12,"y":57,"width":196,"height":20},"passwordRect":{"x":12,"y":96,"width":196,"height":20},"submitRect":{"x":12,"y":124,"width":92,"height":20}}
[0710月2026 02:58:28.302] [NekoJS-Log-Flusher/INFO] [NekoJS/]: [client] [ticket48-auto] {"stage":"sample","ticks":14900,"elapsedMs":744545,"statistics":{"initialBuild":1,"layout":9,"reconcile":0,"resize":1,"paint":26825,"diagnostics":0,"cleanup":0},"disposed":false,"username":"","passwordLength":0,"error":"","submitting":false,"lastSubmitted":"","renderFault":false,"recoveryCount":0,"listValues":[{"id":"first","text":"A"}],"listNodes":[{"id":"list-first","text":"A","rect":{"x":0,"y":230,"width":30,"height":10}}],"profile":2,"packFontWidth":36,"usernameRect":{"x":12,"y":57,"width":196,"height":20},"passwordRect":{"x":12,"y":96,"width":196,"height":20},"submitRect":{"x":12,"y":124,"width":92,"height":20}}
[0710月2026 02:58:34.304] [NekoJS-Log-Flusher/INFO] [NekoJS/]: [client] [ticket48-auto] {"stage":"sample","ticks":15000,"elapsedMs":749557,"statistics":{"initialBuild":1,"layout":9,"reconcile":0,"resize":1,"paint":26975,"diagnostics":0,"cleanup":0},"disposed":false,"username":"","passwordLength":0,"error":"","submitting":false,"lastSubmitted":"","renderFault":false,"recoveryCount":0,"listValues":[{"id":"first","text":"A"}],"listNodes":[{"id":"list-first","text":"A","rect":{"x":0,"y":230,"width":30,"height":10}}],"profile":2,"packFontWidth":36,"usernameRect":{"x":12,"y":57,"width":196,"height":20},"passwordRect":{"x":12,"y":96,"width":196,"height":20},"submitRect":{"x":12,"y":124,"width":92,"height":20}}
[0710月2026 02:58:39.304] [NekoJS-Log-Flusher/INFO] [NekoJS/]: [client] [ticket48-auto] {"stage":"sample","ticks":15100,"elapsedMs":754574,"statistics":{"initialBuild":1,"layout":9,"reconcile":0,"resize":1,"paint":27125,"diagnostics":0,"cleanup":0},"disposed":false,"username":"","passwordLength":0,"error":"","submitting":false,"lastSubmitted":"","renderFault":false,"recoveryCount":0,"listValues":[{"id":"first","text":"A"}],"listNodes":[{"id":"list-first","text":"A","rect":{"x":0,"y":230,"width":30,"height":10}}],"profile":2,"packFontWidth":36,"usernameRect":{"x":12,"y":57,"width":196,"height":20},"passwordRect":{"x":12,"y":96,"width":196,"height":20},"submitRect":{"x":12,"y":124,"width":92,"height":20}}
[0710月2026 02:58:44.302] [NekoJS-Log-Flusher/INFO] [NekoJS/]: [client] [ticket48-auto] {"stage":"sample","ticks":15200,"elapsedMs":759555,"statistics":{"initialBuild":1,"layout":9,"reconcile":0,"resize":1,"paint":27274,"diagnostics":0,"cleanup":0},"disposed":false,"username":"","passwordLength":0,"error":"","submitting":false,"lastSubmitted":"","renderFault":false,"recoveryCount":0,"listValues":[{"id":"first","text":"A"}],"listNodes":[{"id":"list-first","text":"A","rect":{"x":0,"y":230,"width":30,"height":10}}],"profile":2,"packFontWidth":36,"usernameRect":{"x":12,"y":57,"width":196,"height":20},"passwordRect":{"x":12,"y":96,"width":196,"height":20},"submitRect":{"x":12,"y":124,"width":92,"height":20}}
[0710月2026 02:58:49.304] [NekoJS-Log-Flusher/INFO] [NekoJS/]: [client] [ticket48-auto] {"stage":"sample","ticks":15300,"elapsedMs":764571,"statistics":{"initialBuild":1,"layout":9,"reconcile":0,"resize":1,"paint":27424,"diagnostics":0,"cleanup":0},"disposed":false,"username":"","passwordLength":0,"error":"","submitting":false,"lastSubmitted":"","renderFault":false,"recoveryCount":0,"listValues":[{"id":"first","text":"A"}],"listNodes":[{"id":"list-first","text":"A","rect":{"x":0,"y":230,"width":30,"height":10}}],"profile":2,"packFontWidth":36,"usernameRect":{"x":12,"y":57,"width":196,"height":20},"passwordRect":{"x":12,"y":96,"width":196,"height":20},"submitRect":{"x":12,"y":124,"width":92,"height":20}}
[0710月2026 02:58:54.303] [NekoJS-Log-Flusher/INFO] [NekoJS/]: [client] [ticket48-auto] {"stage":"sample","ticks":15400,"elapsedMs":769554,"statistics":{"initialBuild":1,"layout":9,"reconcile":0,"resize":1,"paint":27573,"diagnostics":0,"cleanup":0},"disposed":false,"username":"","passwordLength":0,"error":"","submitting":false,"lastSubmitted":"","renderFault":false,"recoveryCount":0,"listValues":[{"id":"first","text":"A"}],"listNodes":[{"id":"list-first","text":"A","rect":{"x":0,"y":230,"width":30,"height":10}}],"profile":2,"packFontWidth":36,"usernameRect":{"x":12,"y":57,"width":196,"height":20},"passwordRect":{"x":12,"y":96,"width":196,"height":20},"submitRect":{"x":12,"y":124,"width":92,"height":20}}
[0710月2026 02:58:59.304] [NekoJS-Log-Flusher/INFO] [NekoJS/]: [client] [ticket48-auto] {"stage":"sample","ticks":15500,"elapsedMs":774568,"statistics":{"initialBuild":1,"layout":9,"reconcile":0,"resize":1,"paint":27723,"diagnostics":0,"cleanup":0},"disposed":false,"username":"","passwordLength":0,"error":"","submitting":false,"lastSubmitted":"","renderFault":false,"recoveryCount":0,"listValues":[{"id":"first","text":"A"}],"listNodes":[{"id":"list-first","text":"A","rect":{"x":0,"y":230,"width":30,"height":10}}],"profile":2,"packFontWidth":36,"usernameRect":{"x":12,"y":57,"width":196,"height":20},"passwordRect":{"x":12,"y":96,"width":196,"height":20},"submitRect":{"x":12,"y":124,"width":92,"height":20}}
[0710月2026 02:59:03.302] [NekoJS-Log-Flusher/INFO] [NekoJS/]: [client] [ticket48-auto] {"stage":"sample","ticks":15600,"elapsedMs":779549,"statistics":{"initialBuild":1,"layout":9,"reconcile":0,"resize":1,"paint":27872,"diagnostics":0,"cleanup":0},"disposed":false,"username":"","passwordLength":0,"error":"","submitting":false,"lastSubmitted":"","renderFault":false,"recoveryCount":0,"listValues":[{"id":"first","text":"A"}],"listNodes":[{"id":"list-first","text":"A","rect":{"x":0,"y":230,"width":30,"height":10}}],"profile":2,"packFontWidth":36,"usernameRect":{"x":12,"y":57,"width":196,"height":20},"passwordRect":{"x":12,"y":96,"width":196,"height":20},"submitRect":{"x":12,"y":124,"width":92,"height":20}}
[0710月2026 02:59:09.303] [NekoJS-Log-Flusher/INFO] [NekoJS/]: [client] [ticket48-auto] {"stage":"sample","ticks":15700,"elapsedMs":784562,"statistics":{"initialBuild":1,"layout":9,"reconcile":0,"resize":1,"paint":28022,"diagnostics":0,"cleanup":0},"disposed":false,"username":"","passwordLength":0,"error":"","submitting":false,"lastSubmitted":"","renderFault":false,"recoveryCount":0,"listValues":[{"id":"first","text":"A"}],"listNodes":[{"id":"list-first","text":"A","rect":{"x":0,"y":230,"width":30,"height":10}}],"profile":2,"packFontWidth":36,"usernameRect":{"x":12,"y":57,"width":196,"height":20},"passwordRect":{"x":12,"y":96,"width":196,"height":20},"submitRect":{"x":12,"y":124,"width":92,"height":20}}
[0710月2026 02:59:13.303] [NekoJS-Log-Flusher/INFO] [NekoJS/]: [client] [ticket48-auto] {"stage":"sample","ticks":15800,"elapsedMs":789546,"statistics":{"initialBuild":1,"layout":9,"reconcile":0,"resize":1,"paint":28171,"diagnostics":0,"cleanup":0},"disposed":false,"username":"","passwordLength":0,"error":"","submitting":false,"lastSubmitted":"","renderFault":false,"recoveryCount":0,"listValues":[{"id":"first","text":"A"}],"listNodes":[{"id":"list-first","text":"A","rect":{"x":0,"y":230,"width":30,"height":10}}],"profile":2,"packFontWidth":36,"usernameRect":{"x":12,"y":57,"width":196,"height":20},"passwordRect":{"x":12,"y":96,"width":196,"height":20},"submitRect":{"x":12,"y":124,"width":92,"height":20}}
[0710月2026 02:59:19.304] [NekoJS-Log-Flusher/INFO] [NekoJS/]: [client] [ticket48-auto] {"stage":"sample","ticks":15900,"elapsedMs":794560,"statistics":{"initialBuild":1,"layout":9,"reconcile":0,"resize":1,"paint":28321,"diagnostics":0,"cleanup":0},"disposed":false,"username":"","passwordLength":0,"error":"","submitting":false,"lastSubmitted":"","renderFault":false,"recoveryCount":0,"listValues":[{"id":"first","text":"A"}],"listNodes":[{"id":"list-first","text":"A","rect":{"x":0,"y":230,"width":30,"height":10}}],"profile":2,"packFontWidth":36,"usernameRect":{"x":12,"y":57,"width":196,"height":20},"passwordRect":{"x":12,"y":96,"width":196,"height":20},"submitRect":{"x":12,"y":124,"width":92,"height":20}}
[0710月2026 02:59:23.303] [NekoJS-Log-Flusher/INFO] [NekoJS/]: [client] [ticket48-auto] {"stage":"sample","ticks":16000,"elapsedMs":799545,"statistics":{"initialBuild":1,"layout":9,"reconcile":0,"resize":1,"paint":28470,"diagnostics":0,"cleanup":0},"disposed":false,"username":"","passwordLength":0,"error":"","submitting":false,"lastSubmitted":"","renderFault":false,"recoveryCount":0,"listValues":[{"id":"first","text":"A"}],"listNodes":[{"id":"list-first","text":"A","rect":{"x":0,"y":230,"width":30,"height":10}}],"profile":2,"packFontWidth":36,"usernameRect":{"x":12,"y":57,"width":196,"height":20},"passwordRect":{"x":12,"y":96,"width":196,"height":20},"submitRect":{"x":12,"y":124,"width":92,"height":20}}
[0710月2026 02:59:29.303] [NekoJS-Log-Flusher/INFO] [NekoJS/]: [client] [ticket48-auto] {"stage":"sample","ticks":16100,"elapsedMs":804561,"statistics":{"initialBuild":1,"layout":9,"reconcile":0,"resize":1,"paint":28620,"diagnostics":0,"cleanup":0},"disposed":false,"username":"","passwordLength":0,"error":"","submitting":false,"lastSubmitted":"","renderFault":false,"recoveryCount":0,"listValues":[{"id":"first","text":"A"}],"listNodes":[{"id":"list-first","text":"A","rect":{"x":0,"y":230,"width":30,"height":10}}],"profile":2,"packFontWidth":36,"usernameRect":{"x":12,"y":57,"width":196,"height":20},"passwordRect":{"x":12,"y":96,"width":196,"height":20},"submitRect":{"x":12,"y":124,"width":92,"height":20}}
[0710月2026 02:59:34.304] [NekoJS-Log-Flusher/INFO] [NekoJS/]: [client] [ticket48-auto] {"stage":"sample","ticks":16200,"elapsedMs":809570,"statistics":{"initialBuild":1,"layout":9,"reconcile":0,"resize":1,"paint":28770,"diagnostics":0,"cleanup":0},"disposed":false,"username":"","passwordLength":0,"error":"","submitting":false,"lastSubmitted":"","renderFault":false,"recoveryCount":0,"listValues":[{"id":"first","text":"A"}],"listNodes":[{"id":"list-first","text":"A","rect":{"x":0,"y":230,"width":30,"height":10}}],"profile":2,"packFontWidth":36,"usernameRect":{"x":12,"y":57,"width":196,"height":20},"passwordRect":{"x":12,"y":96,"width":196,"height":20},"submitRect":{"x":12,"y":124,"width":92,"height":20}}
[0710月2026 02:59:39.303] [NekoJS-Log-Flusher/INFO] [NekoJS/]: [client] [ticket48-auto] {"stage":"sample","ticks":16300,"elapsedMs":814609,"statistics":{"initialBuild":1,"layout":9,"reconcile":0,"resize":1,"paint":28861,"diagnostics":0,"cleanup":0},"disposed":false,"username":"","passwordLength":0,"error":"","submitting":false,"lastSubmitted":"","renderFault":false,"recoveryCount":0,"listValues":[{"id":"first","text":"A"}],"listNodes":[{"id":"list-first","text":"A","rect":{"x":0,"y":230,"width":30,"height":10}}],"profile":2,"packFontWidth":36,"usernameRect":{"x":12,"y":57,"width":196,"height":20},"passwordRect":{"x":12,"y":96,"width":196,"height":20},"submitRect":{"x":12,"y":124,"width":92,"height":20}}
[0710月2026 02:59:44.303] [NekoJS-Log-Flusher/INFO] [NekoJS/]: [client] [ticket48-auto] {"stage":"sample","ticks":16400,"elapsedMs":819610,"statistics":{"initialBuild":1,"layout":9,"reconcile":0,"resize":1,"paint":28911,"diagnostics":0,"cleanup":0},"disposed":false,"username":"","passwordLength":0,"error":"","submitting":false,"lastSubmitted":"","renderFault":false,"recoveryCount":0,"listValues":[{"id":"first","text":"A"}],"listNodes":[{"id":"list-first","text":"A","rect":{"x":0,"y":230,"width":30,"height":10}}],"profile":2,"packFontWidth":36,"usernameRect":{"x":12,"y":57,"width":196,"height":20},"passwordRect":{"x":12,"y":96,"width":196,"height":20},"submitRect":{"x":12,"y":124,"width":92,"height":20}}
[0710月2026 02:59:49.303] [NekoJS-Log-Flusher/INFO] [NekoJS/]: [client] [ticket48-auto] {"stage":"sample","ticks":16500,"elapsedMs":824614,"statistics":{"initialBuild":1,"layout":9,"reconcile":0,"resize":1,"paint":28961,"diagnostics":0,"cleanup":0},"disposed":false,"username":"","passwordLength":0,"error":"","submitting":false,"lastSubmitted":"","renderFault":false,"recoveryCount":0,"listValues":[{"id":"first","text":"A"}],"listNodes":[{"id":"list-first","text":"A","rect":{"x":0,"y":230,"width":30,"height":10}}],"profile":2,"packFontWidth":36,"usernameRect":{"x":12,"y":57,"width":196,"height":20},"passwordRect":{"x":12,"y":96,"width":196,"height":20},"submitRect":{"x":12,"y":124,"width":92,"height":20}}
[0710月2026 02:59:54.303] [NekoJS-Log-Flusher/INFO] [NekoJS/]: [client] [ticket48-auto] {"stage":"sample","ticks":16600,"elapsedMs":829616,"statistics":{"initialBuild":1,"layout":9,"reconcile":0,"resize":1,"paint":29011,"diagnostics":0,"cleanup":0},"disposed":false,"username":"","passwordLength":0,"error":"","submitting":false,"lastSubmitted":"","renderFault":false,"recoveryCount":0,"listValues":[{"id":"first","text":"A"}],"listNodes":[{"id":"list-first","text":"A","rect":{"x":0,"y":230,"width":30,"height":10}}],"profile":2,"packFontWidth":36,"usernameRect":{"x":12,"y":57,"width":196,"height":20},"passwordRect":{"x":12,"y":96,"width":196,"height":20},"submitRect":{"x":12,"y":124,"width":92,"height":20}}
[0710月2026 02:59:59.304] [NekoJS-Log-Flusher/INFO] [NekoJS/]: [client] [ticket48-auto] {"stage":"sample","ticks":16700,"elapsedMs":834618,"statistics":{"initialBuild":1,"layout":9,"reconcile":0,"resize":1,"paint":29061,"diagnostics":0,"cleanup":0},"disposed":false,"username":"","passwordLength":0,"error":"","submitting":false,"lastSubmitted":"","renderFault":false,"recoveryCount":0,"listValues":[{"id":"first","text":"A"}],"listNodes":[{"id":"list-first","text":"A","rect":{"x":0,"y":230,"width":30,"height":10}}],"profile":2,"packFontWidth":36,"usernameRect":{"x":12,"y":57,"width":196,"height":20},"passwordRect":{"x":12,"y":96,"width":196,"height":20},"submitRect":{"x":12,"y":124,"width":92,"height":20}}
[0710月2026 03:00:04.304] [NekoJS-Log-Flusher/INFO] [NekoJS/]: [client] [ticket48-auto] {"stage":"sample","ticks":16800,"elapsedMs":839619,"statistics":{"initialBuild":1,"layout":9,"reconcile":0,"resize":1,"paint":29111,"diagnostics":0,"cleanup":0},"disposed":false,"username":"","passwordLength":0,"error":"","submitting":false,"lastSubmitted":"","renderFault":false,"recoveryCount":0,"listValues":[{"id":"first","text":"A"}],"listNodes":[{"id":"list-first","text":"A","rect":{"x":0,"y":230,"width":30,"height":10}}],"profile":2,"packFontWidth":36,"usernameRect":{"x":12,"y":57,"width":196,"height":20},"passwordRect":{"x":12,"y":96,"width":196,"height":20},"submitRect":{"x":12,"y":124,"width":92,"height":20}}
[0710月2026 03:00:09.303] [NekoJS-Log-Flusher/INFO] [NekoJS/]: [client] [ticket48-auto] {"stage":"sample","ticks":16900,"elapsedMs":844623,"statistics":{"initialBuild":1,"layout":9,"reconcile":0,"resize":1,"paint":29161,"diagnostics":0,"cleanup":0},"disposed":false,"username":"","passwordLength":0,"error":"","submitting":false,"lastSubmitted":"","renderFault":false,"recoveryCount":0,"listValues":[{"id":"first","text":"A"}],"listNodes":[{"id":"list-first","text":"A","rect":{"x":0,"y":230,"width":30,"height":10}}],"profile":2,"packFontWidth":36,"usernameRect":{"x":12,"y":57,"width":196,"height":20},"passwordRect":{"x":12,"y":96,"width":196,"height":20},"submitRect":{"x":12,"y":124,"width":92,"height":20}}
[0710月2026 03:00:14.303] [NekoJS-Log-Flusher/INFO] [NekoJS/]: [client] [ticket48-auto] {"stage":"sample","ticks":17000,"elapsedMs":849627,"statistics":{"initialBuild":1,"layout":9,"reconcile":0,"resize":1,"paint":29211,"diagnostics":0,"cleanup":0},"disposed":false,"username":"","passwordLength":0,"error":"","submitting":false,"lastSubmitted":"","renderFault":false,"recoveryCount":0,"listValues":[{"id":"first","text":"A"}],"listNodes":[{"id":"list-first","text":"A","rect":{"x":0,"y":230,"width":30,"height":10}}],"profile":2,"packFontWidth":36,"usernameRect":{"x":12,"y":57,"width":196,"height":20},"passwordRect":{"x":12,"y":96,"width":196,"height":20},"submitRect":{"x":12,"y":124,"width":92,"height":20}}
[0710月2026 03:00:19.303] [NekoJS-Log-Flusher/INFO] [NekoJS/]: [client] [ticket48-auto] {"stage":"sample","ticks":17100,"elapsedMs":854629,"statistics":{"initialBuild":1,"layout":9,"reconcile":0,"resize":1,"paint":29261,"diagnostics":0,"cleanup":0},"disposed":false,"username":"","passwordLength":0,"error":"","submitting":false,"lastSubmitted":"","renderFault":false,"recoveryCount":0,"listValues":[{"id":"first","text":"A"}],"listNodes":[{"id":"list-first","text":"A","rect":{"x":0,"y":230,"width":30,"height":10}}],"profile":2,"packFontWidth":36,"usernameRect":{"x":12,"y":57,"width":196,"height":20},"passwordRect":{"x":12,"y":96,"width":196,"height":20},"submitRect":{"x":12,"y":124,"width":92,"height":20}}
[0710月2026 03:00:24.303] [NekoJS-Log-Flusher/INFO] [NekoJS/]: [client] [ticket48-auto] {"stage":"sample","ticks":17200,"elapsedMs":859632,"statistics":{"initialBuild":1,"layout":9,"reconcile":0,"resize":1,"paint":29311,"diagnostics":0,"cleanup":0},"disposed":false,"username":"","passwordLength":0,"error":"","submitting":false,"lastSubmitted":"","renderFault":false,"recoveryCount":0,"listValues":[{"id":"first","text":"A"}],"listNodes":[{"id":"list-first","text":"A","rect":{"x":0,"y":230,"width":30,"height":10}}],"profile":2,"packFontWidth":36,"usernameRect":{"x":12,"y":57,"width":196,"height":20},"passwordRect":{"x":12,"y":96,"width":196,"height":20},"submitRect":{"x":12,"y":124,"width":92,"height":20}}
[0710月2026 03:00:29.303] [NekoJS-Log-Flusher/INFO] [NekoJS/]: [client] [ticket48-auto] {"stage":"sample","ticks":17300,"elapsedMs":864635,"statistics":{"initialBuild":1,"layout":9,"reconcile":0,"resize":1,"paint":29361,"diagnostics":0,"cleanup":0},"disposed":false,"username":"","passwordLength":0,"error":"","submitting":false,"lastSubmitted":"","renderFault":false,"recoveryCount":0,"listValues":[{"id":"first","text":"A"}],"listNodes":[{"id":"list-first","text":"A","rect":{"x":0,"y":230,"width":30,"height":10}}],"profile":2,"packFontWidth":36,"usernameRect":{"x":12,"y":57,"width":196,"height":20},"passwordRect":{"x":12,"y":96,"width":196,"height":20},"submitRect":{"x":12,"y":124,"width":92,"height":20}}
[0710月2026 03:00:34.305] [NekoJS-Log-Flusher/INFO] [NekoJS/]: [client] [ticket48-auto] {"stage":"sample","ticks":17400,"elapsedMs":869637,"statistics":{"initialBuild":1,"layout":9,"reconcile":0,"resize":1,"paint":29411,"diagnostics":0,"cleanup":0},"disposed":false,"username":"","passwordLength":0,"error":"","submitting":false,"lastSubmitted":"","renderFault":false,"recoveryCount":0,"listValues":[{"id":"first","text":"A"}],"listNodes":[{"id":"list-first","text":"A","rect":{"x":0,"y":230,"width":30,"height":10}}],"profile":2,"packFontWidth":36,"usernameRect":{"x":12,"y":57,"width":196,"height":20},"passwordRect":{"x":12,"y":96,"width":196,"height":20},"submitRect":{"x":12,"y":124,"width":92,"height":20}}
[0710月2026 03:00:39.303] [NekoJS-Log-Flusher/INFO] [NekoJS/]: [client] [ticket48-auto] {"stage":"sample","ticks":17500,"elapsedMs":874638,"statistics":{"initialBuild":1,"layout":9,"reconcile":0,"resize":1,"paint":29461,"diagnostics":0,"cleanup":0},"disposed":false,"username":"","passwordLength":0,"error":"","submitting":false,"lastSubmitted":"","renderFault":false,"recoveryCount":0,"listValues":[{"id":"first","text":"A"}],"listNodes":[{"id":"list-first","text":"A","rect":{"x":0,"y":230,"width":30,"height":10}}],"profile":2,"packFontWidth":36,"usernameRect":{"x":12,"y":57,"width":196,"height":20},"passwordRect":{"x":12,"y":96,"width":196,"height":20},"submitRect":{"x":12,"y":124,"width":92,"height":20}}
[0710月2026 03:00:44.304] [NekoJS-Log-Flusher/INFO] [NekoJS/]: [client] [ticket48-auto] {"stage":"sample","ticks":17600,"elapsedMs":879643,"statistics":{"initialBuild":1,"layout":9,"reconcile":0,"resize":1,"paint":29511,"diagnostics":0,"cleanup":0},"disposed":false,"username":"","passwordLength":0,"error":"","submitting":false,"lastSubmitted":"","renderFault":false,"recoveryCount":0,"listValues":[{"id":"first","text":"A"}],"listNodes":[{"id":"list-first","text":"A","rect":{"x":0,"y":230,"width":30,"height":10}}],"profile":2,"packFontWidth":36,"usernameRect":{"x":12,"y":57,"width":196,"height":20},"passwordRect":{"x":12,"y":96,"width":196,"height":20},"submitRect":{"x":12,"y":124,"width":92,"height":20}}
[0710月2026 03:00:48.304] [NekoJS-Log-Flusher/INFO] [NekoJS/]: [client] [ticket48-auto] {"stage":"sample","ticks":17700,"elapsedMs":884547,"statistics":{"initialBuild":1,"layout":9,"reconcile":0,"resize":1,"paint":29560,"diagnostics":0,"cleanup":0},"disposed":false,"username":"","passwordLength":0,"error":"","submitting":false,"lastSubmitted":"","renderFault":false,"recoveryCount":0,"listValues":[{"id":"first","text":"A"}],"listNodes":[{"id":"list-first","text":"A","rect":{"x":0,"y":230,"width":30,"height":10}}],"profile":2,"packFontWidth":36,"usernameRect":{"x":12,"y":57,"width":196,"height":20},"passwordRect":{"x":12,"y":96,"width":196,"height":20},"submitRect":{"x":12,"y":124,"width":92,"height":20}}
[0710月2026 03:00:53.305] [NekoJS-Log-Flusher/INFO] [NekoJS/]: [client] [ticket48-auto] {"stage":"sample","ticks":17800,"elapsedMs":889548,"statistics":{"initialBuild":1,"layout":9,"reconcile":0,"resize":1,"paint":29610,"diagnostics":0,"cleanup":0},"disposed":false,"username":"","passwordLength":0,"error":"","submitting":false,"lastSubmitted":"","renderFault":false,"recoveryCount":0,"listValues":[{"id":"first","text":"A"}],"listNodes":[{"id":"list-first","text":"A","rect":{"x":0,"y":230,"width":30,"height":10}}],"profile":2,"packFontWidth":36,"usernameRect":{"x":12,"y":57,"width":196,"height":20},"passwordRect":{"x":12,"y":96,"width":196,"height":20},"submitRect":{"x":12,"y":124,"width":92,"height":20}}
[0710月2026 03:00:58.303] [NekoJS-Log-Flusher/INFO] [NekoJS/]: [client] [ticket48-auto] {"stage":"sample","ticks":17900,"elapsedMs":894549,"statistics":{"initialBuild":1,"layout":9,"reconcile":0,"resize":1,"paint":29660,"diagnostics":0,"cleanup":0},"disposed":false,"username":"","passwordLength":0,"error":"","submitting":false,"lastSubmitted":"","renderFault":false,"recoveryCount":0,"listValues":[{"id":"first","text":"A"}],"listNodes":[{"id":"list-first","text":"A","rect":{"x":0,"y":230,"width":30,"height":10}}],"profile":2,"packFontWidth":36,"usernameRect":{"x":12,"y":57,"width":196,"height":20},"passwordRect":{"x":12,"y":96,"width":196,"height":20},"submitRect":{"x":12,"y":124,"width":92,"height":20}}
[0710月2026 03:01:04.304] [NekoJS-Log-Flusher/INFO] [NekoJS/]: [client] [ticket48-auto] {"stage":"sample","ticks":18000,"elapsedMs":899553,"statistics":{"initialBuild":1,"layout":9,"reconcile":0,"resize":1,"paint":29710,"diagnostics":0,"cleanup":0},"disposed":false,"username":"","passwordLength":0,"error":"","submitting":false,"lastSubmitted":"","renderFault":false,"recoveryCount":0,"listValues":[{"id":"first","text":"A"}],"listNodes":[{"id":"list-first","text":"A","rect":{"x":0,"y":230,"width":30,"height":10}}],"profile":2,"packFontWidth":36,"usernameRect":{"x":12,"y":57,"width":196,"height":20},"passwordRect":{"x":12,"y":96,"width":196,"height":20},"submitRect":{"x":12,"y":124,"width":92,"height":20}}
[0710月2026 03:01:09.303] [NekoJS-Log-Flusher/INFO] [NekoJS/]: [client] [ticket48-auto] {"stage":"sample","ticks":18100,"elapsedMs":904555,"statistics":{"initialBuild":1,"layout":9,"reconcile":0,"resize":1,"paint":29760,"diagnostics":0,"cleanup":0},"disposed":false,"username":"","passwordLength":0,"error":"","submitting":false,"lastSubmitted":"","renderFault":false,"recoveryCount":0,"listValues":[{"id":"first","text":"A"}],"listNodes":[{"id":"list-first","text":"A","rect":{"x":0,"y":230,"width":30,"height":10}}],"profile":2,"packFontWidth":36,"usernameRect":{"x":12,"y":57,"width":196,"height":20},"passwordRect":{"x":12,"y":96,"width":196,"height":20},"submitRect":{"x":12,"y":124,"width":92,"height":20}}
[0710月2026 03:01:14.304] [NekoJS-Log-Flusher/INFO] [NekoJS/]: [client] [ticket48-auto] {"stage":"sample","ticks":18200,"elapsedMs":909557,"statistics":{"initialBuild":1,"layout":9,"reconcile":0,"resize":1,"paint":29810,"diagnostics":0,"cleanup":0},"disposed":false,"username":"","passwordLength":0,"error":"","submitting":false,"lastSubmitted":"","renderFault":false,"recoveryCount":0,"listValues":[{"id":"first","text":"A"}],"listNodes":[{"id":"list-first","text":"A","rect":{"x":0,"y":230,"width":30,"height":10}}],"profile":2,"packFontWidth":36,"usernameRect":{"x":12,"y":57,"width":196,"height":20},"passwordRect":{"x":12,"y":96,"width":196,"height":20},"submitRect":{"x":12,"y":124,"width":92,"height":20}}
[0710月2026 03:01:19.305] [NekoJS-Log-Flusher/INFO] [NekoJS/]: [client] [ticket48-auto] {"stage":"sample","ticks":18300,"elapsedMs":914558,"statistics":{"initialBuild":1,"layout":9,"reconcile":0,"resize":1,"paint":29860,"diagnostics":0,"cleanup":0},"disposed":false,"username":"","passwordLength":0,"error":"","submitting":false,"lastSubmitted":"","renderFault":false,"recoveryCount":0,"listValues":[{"id":"first","text":"A"}],"listNodes":[{"id":"list-first","text":"A","rect":{"x":0,"y":230,"width":30,"height":10}}],"profile":2,"packFontWidth":36,"usernameRect":{"x":12,"y":57,"width":196,"height":20},"passwordRect":{"x":12,"y":96,"width":196,"height":20},"submitRect":{"x":12,"y":124,"width":92,"height":20}}
[0710月2026 03:01:24.303] [NekoJS-Log-Flusher/INFO] [NekoJS/]: [client] [ticket48-auto] {"stage":"sample","ticks":18400,"elapsedMs":919559,"statistics":{"initialBuild":1,"layout":9,"reconcile":0,"resize":1,"paint":29910,"diagnostics":0,"cleanup":0},"disposed":false,"username":"","passwordLength":0,"error":"","submitting":false,"lastSubmitted":"","renderFault":false,"recoveryCount":0,"listValues":[{"id":"first","text":"A"}],"listNodes":[{"id":"list-first","text":"A","rect":{"x":0,"y":230,"width":30,"height":10}}],"profile":2,"packFontWidth":36,"usernameRect":{"x":12,"y":57,"width":196,"height":20},"passwordRect":{"x":12,"y":96,"width":196,"height":20},"submitRect":{"x":12,"y":124,"width":92,"height":20}}
[0710月2026 03:01:29.304] [NekoJS-Log-Flusher/INFO] [NekoJS/]: [client] [ticket48-auto] {"stage":"sample","ticks":18500,"elapsedMs":924564,"statistics":{"initialBuild":1,"layout":9,"reconcile":0,"resize":1,"paint":29960,"diagnostics":0,"cleanup":0},"disposed":false,"username":"","passwordLength":0,"error":"","submitting":false,"lastSubmitted":"","renderFault":false,"recoveryCount":0,"listValues":[{"id":"first","text":"A"}],"listNodes":[{"id":"list-first","text":"A","rect":{"x":0,"y":230,"width":30,"height":10}}],"profile":2,"packFontWidth":36,"usernameRect":{"x":12,"y":57,"width":196,"height":20},"passwordRect":{"x":12,"y":96,"width":196,"height":20},"submitRect":{"x":12,"y":124,"width":92,"height":20}}
[0710月2026 03:01:34.303] [NekoJS-Log-Flusher/INFO] [NekoJS/]: [client] [ticket48-auto] {"stage":"sample","ticks":18600,"elapsedMs":929568,"statistics":{"initialBuild":1,"layout":9,"reconcile":0,"resize":1,"paint":30010,"diagnostics":0,"cleanup":0},"disposed":false,"username":"","passwordLength":0,"error":"","submitting":false,"lastSubmitted":"","renderFault":false,"recoveryCount":0,"listValues":[{"id":"first","text":"A"}],"listNodes":[{"id":"list-first","text":"A","rect":{"x":0,"y":230,"width":30,"height":10}}],"profile":2,"packFontWidth":36,"usernameRect":{"x":12,"y":57,"width":196,"height":20},"passwordRect":{"x":12,"y":96,"width":196,"height":20},"submitRect":{"x":12,"y":124,"width":92,"height":20}}
[0710月2026 03:01:39.305] [NekoJS-Log-Flusher/INFO] [NekoJS/]: [client] [ticket48-auto] {"stage":"sample","ticks":18700,"elapsedMs":934569,"statistics":{"initialBuild":1,"layout":9,"reconcile":0,"resize":1,"paint":30060,"diagnostics":0,"cleanup":0},"disposed":false,"username":"","passwordLength":0,"error":"","submitting":false,"lastSubmitted":"","renderFault":false,"recoveryCount":0,"listValues":[{"id":"first","text":"A"}],"listNodes":[{"id":"list-first","text":"A","rect":{"x":0,"y":230,"width":30,"height":10}}],"profile":2,"packFontWidth":36,"usernameRect":{"x":12,"y":57,"width":196,"height":20},"passwordRect":{"x":12,"y":96,"width":196,"height":20},"submitRect":{"x":12,"y":124,"width":92,"height":20}}
[0710月2026 03:01:44.304] [NekoJS-Log-Flusher/INFO] [NekoJS/]: [client] [ticket48-auto] {"stage":"sample","ticks":18800,"elapsedMs":939569,"statistics":{"initialBuild":1,"layout":9,"reconcile":0,"resize":1,"paint":30110,"diagnostics":0,"cleanup":0},"disposed":false,"username":"","passwordLength":0,"error":"","submitting":false,"lastSubmitted":"","renderFault":false,"recoveryCount":0,"listValues":[{"id":"first","text":"A"}],"listNodes":[{"id":"list-first","text":"A","rect":{"x":0,"y":230,"width":30,"height":10}}],"profile":2,"packFontWidth":36,"usernameRect":{"x":12,"y":57,"width":196,"height":20},"passwordRect":{"x":12,"y":96,"width":196,"height":20},"submitRect":{"x":12,"y":124,"width":92,"height":20}}
[0710月2026 03:01:49.304] [NekoJS-Log-Flusher/INFO] [NekoJS/]: [client] [ticket48-auto] {"stage":"sample","ticks":18900,"elapsedMs":944576,"statistics":{"initialBuild":1,"layout":9,"reconcile":0,"resize":1,"paint":30160,"diagnostics":0,"cleanup":0},"disposed":false,"username":"","passwordLength":0,"error":"","submitting":false,"lastSubmitted":"","renderFault":false,"recoveryCount":0,"listValues":[{"id":"first","text":"A"}],"listNodes":[{"id":"list-first","text":"A","rect":{"x":0,"y":230,"width":30,"height":10}}],"profile":2,"packFontWidth":36,"usernameRect":{"x":12,"y":57,"width":196,"height":20},"passwordRect":{"x":12,"y":96,"width":196,"height":20},"submitRect":{"x":12,"y":124,"width":92,"height":20}}
[0710月2026 03:01:54.304] [NekoJS-Log-Flusher/INFO] [NekoJS/]: [client] [ticket48-auto] {"stage":"sample","ticks":19000,"elapsedMs":949579,"statistics":{"initialBuild":1,"layout":9,"reconcile":0,"resize":1,"paint":30210,"diagnostics":0,"cleanup":0},"disposed":false,"username":"","passwordLength":0,"error":"","submitting":false,"lastSubmitted":"","renderFault":false,"recoveryCount":0,"listValues":[{"id":"first","text":"A"}],"listNodes":[{"id":"list-first","text":"A","rect":{"x":0,"y":230,"width":30,"height":10}}],"profile":2,"packFontWidth":36,"usernameRect":{"x":12,"y":57,"width":196,"height":20},"passwordRect":{"x":12,"y":96,"width":196,"height":20},"submitRect":{"x":12,"y":124,"width":92,"height":20}}
[0710月2026 03:01:59.304] [NekoJS-Log-Flusher/INFO] [NekoJS/]: [client] [ticket48-auto] {"stage":"sample","ticks":19100,"elapsedMs":954583,"statistics":{"initialBuild":1,"layout":9,"reconcile":0,"resize":1,"paint":30260,"diagnostics":0,"cleanup":0},"disposed":false,"username":"","passwordLength":0,"error":"","submitting":false,"lastSubmitted":"","renderFault":false,"recoveryCount":0,"listValues":[{"id":"first","text":"A"}],"listNodes":[{"id":"list-first","text":"A","rect":{"x":0,"y":230,"width":30,"height":10}}],"profile":2,"packFontWidth":36,"usernameRect":{"x":12,"y":57,"width":196,"height":20},"passwordRect":{"x":12,"y":96,"width":196,"height":20},"submitRect":{"x":12,"y":124,"width":92,"height":20}}
[0710月2026 03:02:04.304] [NekoJS-Log-Flusher/INFO] [NekoJS/]: [client] [ticket48-auto] {"stage":"sample","ticks":19200,"elapsedMs":959588,"statistics":{"initialBuild":1,"layout":9,"reconcile":0,"resize":1,"paint":30310,"diagnostics":0,"cleanup":0},"disposed":false,"username":"","passwordLength":0,"error":"","submitting":false,"lastSubmitted":"","renderFault":false,"recoveryCount":0,"listValues":[{"id":"first","text":"A"}],"listNodes":[{"id":"list-first","text":"A","rect":{"x":0,"y":230,"width":30,"height":10}}],"profile":2,"packFontWidth":36,"usernameRect":{"x":12,"y":57,"width":196,"height":20},"passwordRect":{"x":12,"y":96,"width":196,"height":20},"submitRect":{"x":12,"y":124,"width":92,"height":20}}
[0710月2026 03:02:09.304] [NekoJS-Log-Flusher/INFO] [NekoJS/]: [client] [ticket48-auto] {"stage":"sample","ticks":19300,"elapsedMs":964590,"statistics":{"initialBuild":1,"layout":9,"reconcile":0,"resize":1,"paint":30360,"diagnostics":0,"cleanup":0},"disposed":false,"username":"","passwordLength":0,"error":"","submitting":false,"lastSubmitted":"","renderFault":false,"recoveryCount":0,"listValues":[{"id":"first","text":"A"}],"listNodes":[{"id":"list-first","text":"A","rect":{"x":0,"y":230,"width":30,"height":10}}],"profile":2,"packFontWidth":36,"usernameRect":{"x":12,"y":57,"width":196,"height":20},"passwordRect":{"x":12,"y":96,"width":196,"height":20},"submitRect":{"x":12,"y":124,"width":92,"height":20}}
[0710月2026 03:02:14.304] [NekoJS-Log-Flusher/INFO] [NekoJS/]: [client] [ticket48-auto] {"stage":"sample","ticks":19400,"elapsedMs":969593,"statistics":{"initialBuild":1,"layout":9,"reconcile":0,"resize":1,"paint":30410,"diagnostics":0,"cleanup":0},"disposed":false,"username":"","passwordLength":0,"error":"","submitting":false,"lastSubmitted":"","renderFault":false,"recoveryCount":0,"listValues":[{"id":"first","text":"A"}],"listNodes":[{"id":"list-first","text":"A","rect":{"x":0,"y":230,"width":30,"height":10}}],"profile":2,"packFontWidth":36,"usernameRect":{"x":12,"y":57,"width":196,"height":20},"passwordRect":{"x":12,"y":96,"width":196,"height":20},"submitRect":{"x":12,"y":124,"width":92,"height":20}}
[0710月2026 03:02:19.304] [NekoJS-Log-Flusher/INFO] [NekoJS/]: [client] [ticket48-auto] {"stage":"sample","ticks":19500,"elapsedMs":974595,"statistics":{"initialBuild":1,"layout":9,"reconcile":0,"resize":1,"paint":30460,"diagnostics":0,"cleanup":0},"disposed":false,"username":"","passwordLength":0,"error":"","submitting":false,"lastSubmitted":"","renderFault":false,"recoveryCount":0,"listValues":[{"id":"first","text":"A"}],"listNodes":[{"id":"list-first","text":"A","rect":{"x":0,"y":230,"width":30,"height":10}}],"profile":2,"packFontWidth":36,"usernameRect":{"x":12,"y":57,"width":196,"height":20},"passwordRect":{"x":12,"y":96,"width":196,"height":20},"submitRect":{"x":12,"y":124,"width":92,"height":20}}
[0710月2026 03:02:24.304] [NekoJS-Log-Flusher/INFO] [NekoJS/]: [client] [ticket48-auto] {"stage":"sample","ticks":19600,"elapsedMs":979598,"statistics":{"initialBuild":1,"layout":9,"reconcile":0,"resize":1,"paint":30510,"diagnostics":0,"cleanup":0},"disposed":false,"username":"","passwordLength":0,"error":"","submitting":false,"lastSubmitted":"","renderFault":false,"recoveryCount":0,"listValues":[{"id":"first","text":"A"}],"listNodes":[{"id":"list-first","text":"A","rect":{"x":0,"y":230,"width":30,"height":10}}],"profile":2,"packFontWidth":36,"usernameRect":{"x":12,"y":57,"width":196,"height":20},"passwordRect":{"x":12,"y":96,"width":196,"height":20},"submitRect":{"x":12,"y":124,"width":92,"height":20}}
[0710月2026 03:02:29.304] [NekoJS-Log-Flusher/INFO] [NekoJS/]: [client] [ticket48-auto] {"stage":"sample","ticks":19700,"elapsedMs":984601,"statistics":{"initialBuild":1,"layout":9,"reconcile":0,"resize":1,"paint":30560,"diagnostics":0,"cleanup":0},"disposed":false,"username":"","passwordLength":0,"error":"","submitting":false,"lastSubmitted":"","renderFault":false,"recoveryCount":0,"listValues":[{"id":"first","text":"A"}],"listNodes":[{"id":"list-first","text":"A","rect":{"x":0,"y":230,"width":30,"height":10}}],"profile":2,"packFontWidth":36,"usernameRect":{"x":12,"y":57,"width":196,"height":20},"passwordRect":{"x":12,"y":96,"width":196,"height":20},"submitRect":{"x":12,"y":124,"width":92,"height":20}}
[0710月2026 03:02:34.304] [NekoJS-Log-Flusher/INFO] [NekoJS/]: [client] [ticket48-auto] {"stage":"sample","ticks":19800,"elapsedMs":989605,"statistics":{"initialBuild":1,"layout":9,"reconcile":0,"resize":1,"paint":30610,"diagnostics":0,"cleanup":0},"disposed":false,"username":"","passwordLength":0,"error":"","submitting":false,"lastSubmitted":"","renderFault":false,"recoveryCount":0,"listValues":[{"id":"first","text":"A"}],"listNodes":[{"id":"list-first","text":"A","rect":{"x":0,"y":230,"width":30,"height":10}}],"profile":2,"packFontWidth":36,"usernameRect":{"x":12,"y":57,"width":196,"height":20},"passwordRect":{"x":12,"y":96,"width":196,"height":20},"submitRect":{"x":12,"y":124,"width":92,"height":20}}
[0710月2026 03:02:39.304] [NekoJS-Log-Flusher/INFO] [NekoJS/]: [client] [ticket48-auto] {"stage":"sample","ticks":19900,"elapsedMs":994608,"statistics":{"initialBuild":1,"layout":9,"reconcile":0,"resize":1,"paint":30660,"diagnostics":0,"cleanup":0},"disposed":false,"username":"","passwordLength":0,"error":"","submitting":false,"lastSubmitted":"","renderFault":false,"recoveryCount":0,"listValues":[{"id":"first","text":"A"}],"listNodes":[{"id":"list-first","text":"A","rect":{"x":0,"y":230,"width":30,"height":10}}],"profile":2,"packFontWidth":36,"usernameRect":{"x":12,"y":57,"width":196,"height":20},"passwordRect":{"x":12,"y":96,"width":196,"height":20},"submitRect":{"x":12,"y":124,"width":92,"height":20}}
[0710月2026 03:02:44.305] [NekoJS-Log-Flusher/INFO] [NekoJS/]: [client] [ticket48-auto] {"stage":"sample","ticks":20000,"elapsedMs":999609,"statistics":{"initialBuild":1,"layout":9,"reconcile":0,"resize":1,"paint":30710,"diagnostics":0,"cleanup":0},"disposed":false,"username":"","passwordLength":0,"error":"","submitting":false,"lastSubmitted":"","renderFault":false,"recoveryCount":0,"listValues":[{"id":"first","text":"A"}],"listNodes":[{"id":"list-first","text":"A","rect":{"x":0,"y":230,"width":30,"height":10}}],"profile":2,"packFontWidth":36,"usernameRect":{"x":12,"y":57,"width":196,"height":20},"passwordRect":{"x":12,"y":96,"width":196,"height":20},"submitRect":{"x":12,"y":124,"width":92,"height":20}}
[0710月2026 03:02:49.304] [NekoJS-Log-Flusher/INFO] [NekoJS/]: [client] [ticket48-auto] {"stage":"sample","ticks":20100,"elapsedMs":1004609,"statistics":{"initialBuild":1,"layout":9,"reconcile":0,"resize":1,"paint":30760,"diagnostics":0,"cleanup":0},"disposed":false,"username":"","passwordLength":0,"error":"","submitting":false,"lastSubmitted":"","renderFault":false,"recoveryCount":0,"listValues":[{"id":"first","text":"A"}],"listNodes":[{"id":"list-first","text":"A","rect":{"x":0,"y":230,"width":30,"height":10}}],"profile":2,"packFontWidth":36,"usernameRect":{"x":12,"y":57,"width":196,"height":20},"passwordRect":{"x":12,"y":96,"width":196,"height":20},"submitRect":{"x":12,"y":124,"width":92,"height":20}}
[0710月2026 03:02:54.304] [NekoJS-Log-Flusher/INFO] [NekoJS/]: [client] [ticket48-auto] {"stage":"sample","ticks":20200,"elapsedMs":1009610,"statistics":{"initialBuild":1,"layout":9,"reconcile":0,"resize":1,"paint":30810,"diagnostics":0,"cleanup":0},"disposed":false,"username":"","passwordLength":0,"error":"","submitting":false,"lastSubmitted":"","renderFault":false,"recoveryCount":0,"listValues":[{"id":"first","text":"A"}],"listNodes":[{"id":"list-first","text":"A","rect":{"x":0,"y":230,"width":30,"height":10}}],"profile":2,"packFontWidth":36,"usernameRect":{"x":12,"y":57,"width":196,"height":20},"passwordRect":{"x":12,"y":96,"width":196,"height":20},"submitRect":{"x":12,"y":124,"width":92,"height":20}}
[0710月2026 03:02:59.305] [NekoJS-Log-Flusher/INFO] [NekoJS/]: [client] [ticket48-auto] {"stage":"sample","ticks":20300,"elapsedMs":1014610,"statistics":{"initialBuild":1,"layout":9,"reconcile":0,"resize":1,"paint":30860,"diagnostics":0,"cleanup":0},"disposed":false,"username":"","passwordLength":0,"error":"","submitting":false,"lastSubmitted":"","renderFault":false,"recoveryCount":0,"listValues":[{"id":"first","text":"A"}],"listNodes":[{"id":"list-first","text":"A","rect":{"x":0,"y":230,"width":30,"height":10}}],"profile":2,"packFontWidth":36,"usernameRect":{"x":12,"y":57,"width":196,"height":20},"passwordRect":{"x":12,"y":96,"width":196,"height":20},"submitRect":{"x":12,"y":124,"width":92,"height":20}}
[0710月2026 03:03:04.306] [NekoJS-Log-Flusher/INFO] [NekoJS/]: [client] [ticket48-auto] {"stage":"sample","ticks":20400,"elapsedMs":1019613,"statistics":{"initialBuild":1,"layout":9,"reconcile":0,"resize":1,"paint":30910,"diagnostics":0,"cleanup":0},"disposed":false,"username":"","passwordLength":0,"error":"","submitting":false,"lastSubmitted":"","renderFault":false,"recoveryCount":0,"listValues":[{"id":"first","text":"A"}],"listNodes":[{"id":"list-first","text":"A","rect":{"x":0,"y":230,"width":30,"height":10}}],"profile":2,"packFontWidth":36,"usernameRect":{"x":12,"y":57,"width":196,"height":20},"passwordRect":{"x":12,"y":96,"width":196,"height":20},"submitRect":{"x":12,"y":124,"width":92,"height":20}}
[0710月2026 03:03:09.306] [NekoJS-Log-Flusher/INFO] [NekoJS/]: [client] [ticket48-auto] {"stage":"sample","ticks":20500,"elapsedMs":1024618,"statistics":{"initialBuild":1,"layout":9,"reconcile":0,"resize":1,"paint":30960,"diagnostics":0,"cleanup":0},"disposed":false,"username":"","passwordLength":0,"error":"","submitting":false,"lastSubmitted":"","renderFault":false,"recoveryCount":0,"listValues":[{"id":"first","text":"A"}],"listNodes":[{"id":"list-first","text":"A","rect":{"x":0,"y":230,"width":30,"height":10}}],"profile":2,"packFontWidth":36,"usernameRect":{"x":12,"y":57,"width":196,"height":20},"passwordRect":{"x":12,"y":96,"width":196,"height":20},"submitRect":{"x":12,"y":124,"width":92,"height":20}}
[0710月2026 03:03:14.305] [NekoJS-Log-Flusher/INFO] [NekoJS/]: [client] [ticket48-auto] {"stage":"sample","ticks":20600,"elapsedMs":1029619,"statistics":{"initialBuild":1,"layout":9,"reconcile":0,"resize":1,"paint":31010,"diagnostics":0,"cleanup":0},"disposed":false,"username":"","passwordLength":0,"error":"","submitting":false,"lastSubmitted":"","renderFault":false,"recoveryCount":0,"listValues":[{"id":"first","text":"A"}],"listNodes":[{"id":"list-first","text":"A","rect":{"x":0,"y":230,"width":30,"height":10}}],"profile":2,"packFontWidth":36,"usernameRect":{"x":12,"y":57,"width":196,"height":20},"passwordRect":{"x":12,"y":96,"width":196,"height":20},"submitRect":{"x":12,"y":124,"width":92,"height":20}}
[0710月2026 03:03:19.305] [NekoJS-Log-Flusher/INFO] [NekoJS/]: [client] [ticket48-auto] {"stage":"sample","ticks":20700,"elapsedMs":1034626,"statistics":{"initialBuild":1,"layout":9,"reconcile":0,"resize":1,"paint":31060,"diagnostics":0,"cleanup":0},"disposed":false,"username":"","passwordLength":0,"error":"","submitting":false,"lastSubmitted":"","renderFault":false,"recoveryCount":0,"listValues":[{"id":"first","text":"A"}],"listNodes":[{"id":"list-first","text":"A","rect":{"x":0,"y":230,"width":30,"height":10}}],"profile":2,"packFontWidth":36,"usernameRect":{"x":12,"y":57,"width":196,"height":20},"passwordRect":{"x":12,"y":96,"width":196,"height":20},"submitRect":{"x":12,"y":124,"width":92,"height":20}}
[0710月2026 03:03:24.306] [NekoJS-Log-Flusher/INFO] [NekoJS/]: [client] [ticket48-auto] {"stage":"sample","ticks":20800,"elapsedMs":1039628,"statistics":{"initialBuild":1,"layout":9,"reconcile":0,"resize":1,"paint":31110,"diagnostics":0,"cleanup":0},"disposed":false,"username":"","passwordLength":0,"error":"","submitting":false,"lastSubmitted":"","renderFault":false,"recoveryCount":0,"listValues":[{"id":"first","text":"A"}],"listNodes":[{"id":"list-first","text":"A","rect":{"x":0,"y":230,"width":30,"height":10}}],"profile":2,"packFontWidth":36,"usernameRect":{"x":12,"y":57,"width":196,"height":20},"passwordRect":{"x":12,"y":96,"width":196,"height":20},"submitRect":{"x":12,"y":124,"width":92,"height":20}}
[0710月2026 03:03:29.304] [NekoJS-Log-Flusher/INFO] [NekoJS/]: [client] [ticket48-auto] {"stage":"sample","ticks":20900,"elapsedMs":1044630,"statistics":{"initialBuild":1,"layout":9,"reconcile":0,"resize":1,"paint":31160,"diagnostics":0,"cleanup":0},"disposed":false,"username":"","passwordLength":0,"error":"","submitting":false,"lastSubmitted":"","renderFault":false,"recoveryCount":0,"listValues":[{"id":"first","text":"A"}],"listNodes":[{"id":"list-first","text":"A","rect":{"x":0,"y":230,"width":30,"height":10}}],"profile":2,"packFontWidth":36,"usernameRect":{"x":12,"y":57,"width":196,"height":20},"passwordRect":{"x":12,"y":96,"width":196,"height":20},"submitRect":{"x":12,"y":124,"width":92,"height":20}}
[0710月2026 03:03:36.304] [NekoJS-Log-Flusher/INFO] [NekoJS/]: [client] [ticket48-auto] {"stage":"sample","ticks":21000,"elapsedMs":1051997,"statistics":{"initialBuild":1,"layout":9,"reconcile":0,"resize":1,"paint":31300,"diagnostics":0,"cleanup":0},"disposed":false,"username":"","passwordLength":0,"error":"","submitting":false,"lastSubmitted":"","renderFault":false,"recoveryCount":0,"listValues":[{"id":"first","text":"A"}],"listNodes":[{"id":"list-first","text":"A","rect":{"x":0,"y":230,"width":30,"height":10}}],"profile":2,"packFontWidth":36,"usernameRect":{"x":12,"y":57,"width":196,"height":20},"passwordRect":{"x":12,"y":96,"width":196,"height":20},"submitRect":{"x":12,"y":124,"width":92,"height":20}}
[0710月2026 03:03:41.304] [NekoJS-Log-Flusher/INFO] [NekoJS/]: [client] [ticket48-auto] {"stage":"sample","ticks":21100,"elapsedMs":1057006,"statistics":{"initialBuild":1,"layout":9,"reconcile":0,"resize":1,"paint":31599,"diagnostics":0,"cleanup":0},"disposed":false,"username":"","passwordLength":0,"error":"","submitting":false,"lastSubmitted":"","renderFault":false,"recoveryCount":0,"listValues":[{"id":"first","text":"A"}],"listNodes":[{"id":"list-first","text":"A","rect":{"x":0,"y":230,"width":30,"height":10}}],"profile":2,"packFontWidth":36,"usernameRect":{"x":12,"y":57,"width":196,"height":20},"passwordRect":{"x":12,"y":96,"width":196,"height":20},"submitRect":{"x":12,"y":124,"width":92,"height":20}}
[0710月2026 03:03:46.304] [NekoJS-Log-Flusher/INFO] [NekoJS/]: [client] [ticket48-auto] {"stage":"sample","ticks":21200,"elapsedMs":1062003,"statistics":{"initialBuild":1,"layout":9,"reconcile":0,"resize":1,"paint":31897,"diagnostics":0,"cleanup":0},"disposed":false,"username":"","passwordLength":0,"error":"","submitting":false,"lastSubmitted":"","renderFault":false,"recoveryCount":0,"listValues":[{"id":"first","text":"A"}],"listNodes":[{"id":"list-first","text":"A","rect":{"x":0,"y":230,"width":30,"height":10}}],"profile":2,"packFontWidth":36,"usernameRect":{"x":12,"y":57,"width":196,"height":20},"passwordRect":{"x":12,"y":96,"width":196,"height":20},"submitRect":{"x":12,"y":124,"width":92,"height":20}}
[0710月2026 03:03:51.306] [NekoJS-Log-Flusher/INFO] [NekoJS/]: [client] [ticket48-auto] {"stage":"sample","ticks":21300,"elapsedMs":1066998,"statistics":{"initialBuild":1,"layout":9,"reconcile":0,"resize":1,"paint":32195,"diagnostics":0,"cleanup":0},"disposed":false,"username":"","passwordLength":0,"error":"","submitting":false,"lastSubmitted":"","renderFault":false,"recoveryCount":0,"listValues":[{"id":"first","text":"A"}],"listNodes":[{"id":"list-first","text":"A","rect":{"x":0,"y":230,"width":30,"height":10}}],"profile":2,"packFontWidth":36,"usernameRect":{"x":12,"y":57,"width":196,"height":20},"passwordRect":{"x":12,"y":96,"width":196,"height":20},"submitRect":{"x":12,"y":124,"width":92,"height":20}}
[0710月2026 03:03:56.304] [NekoJS-Log-Flusher/INFO] [NekoJS/]: [client] [ticket48-auto] {"stage":"sample","ticks":21400,"elapsedMs":1072009,"statistics":{"initialBuild":1,"layout":9,"reconcile":0,"resize":1,"paint":32466,"diagnostics":0,"cleanup":0},"disposed":false,"username":"","passwordLength":0,"error":"","submitting":false,"lastSubmitted":"","renderFault":false,"recoveryCount":0,"listValues":[{"id":"first","text":"A"}],"listNodes":[{"id":"list-first","text":"A","rect":{"x":0,"y":230,"width":30,"height":10}}],"profile":2,"packFontWidth":36,"usernameRect":{"x":12,"y":57,"width":196,"height":20},"passwordRect":{"x":12,"y":96,"width":196,"height":20},"submitRect":{"x":12,"y":124,"width":92,"height":20}}
[0710月2026 03:04:01.306] [NekoJS-Log-Flusher/INFO] [NekoJS/]: [client] [ticket48-auto] {"stage":"sample","ticks":21500,"elapsedMs":1077000,"statistics":{"initialBuild":1,"layout":9,"reconcile":0,"resize":1,"paint":32750,"diagnostics":0,"cleanup":0},"disposed":false,"username":"","passwordLength":0,"error":"","submitting":false,"lastSubmitted":"","renderFault":false,"recoveryCount":0,"listValues":[{"id":"first","text":"A"}],"listNodes":[{"id":"list-first","text":"A","rect":{"x":0,"y":230,"width":30,"height":10}}],"profile":2,"packFontWidth":36,"usernameRect":{"x":12,"y":57,"width":196,"height":20},"passwordRect":{"x":12,"y":96,"width":196,"height":20},"submitRect":{"x":12,"y":124,"width":92,"height":20}}
[0710月2026 03:04:06.305] [NekoJS-Log-Flusher/INFO] [NekoJS/]: [client] [ticket48-auto] {"stage":"sample","ticks":21600,"elapsedMs":1082011,"statistics":{"initialBuild":1,"layout":9,"reconcile":0,"resize":1,"paint":33049,"diagnostics":0,"cleanup":0},"disposed":false,"username":"","passwordLength":0,"error":"","submitting":false,"lastSubmitted":"","renderFault":false,"recoveryCount":0,"listValues":[{"id":"first","text":"A"}],"listNodes":[{"id":"list-first","text":"A","rect":{"x":0,"y":230,"width":30,"height":10}}],"profile":2,"packFontWidth":36,"usernameRect":{"x":12,"y":57,"width":196,"height":20},"passwordRect":{"x":12,"y":96,"width":196,"height":20},"submitRect":{"x":12,"y":124,"width":92,"height":20}}
[0710月2026 03:04:11.305] [NekoJS-Log-Flusher/INFO] [NekoJS/]: [client] [ticket48-auto] {"stage":"sample","ticks":21700,"elapsedMs":1087006,"statistics":{"initialBuild":1,"layout":9,"reconcile":0,"resize":1,"paint":33347,"diagnostics":0,"cleanup":0},"disposed":false,"username":"","passwordLength":0,"error":"","submitting":false,"lastSubmitted":"","renderFault":false,"recoveryCount":0,"listValues":[{"id":"first","text":"A"}],"listNodes":[{"id":"list-first","text":"A","rect":{"x":0,"y":230,"width":30,"height":10}}],"profile":2,"packFontWidth":36,"usernameRect":{"x":12,"y":57,"width":196,"height":20},"passwordRect":{"x":12,"y":96,"width":196,"height":20},"submitRect":{"x":12,"y":124,"width":92,"height":20}}
[0710月2026 03:04:16.306] [NekoJS-Log-Flusher/INFO] [NekoJS/]: [client] [ticket48-auto] {"stage":"sample","ticks":21800,"elapsedMs":1091997,"statistics":{"initialBuild":1,"layout":9,"reconcile":0,"resize":1,"paint":33645,"diagnostics":0,"cleanup":0},"disposed":false,"username":"","passwordLength":0,"error":"","submitting":false,"lastSubmitted":"","renderFault":false,"recoveryCount":0,"listValues":[{"id":"first","text":"A"}],"listNodes":[{"id":"list-first","text":"A","rect":{"x":0,"y":230,"width":30,"height":10}}],"profile":2,"packFontWidth":36,"usernameRect":{"x":12,"y":57,"width":196,"height":20},"passwordRect":{"x":12,"y":96,"width":196,"height":20},"submitRect":{"x":12,"y":124,"width":92,"height":20}}
[0710月2026 03:04:21.304] [NekoJS-Log-Flusher/INFO] [NekoJS/]: [client] [ticket48-auto] {"stage":"sample","ticks":21900,"elapsedMs":1097001,"statistics":{"initialBuild":1,"layout":9,"reconcile":0,"resize":1,"paint":33944,"diagnostics":0,"cleanup":0},"disposed":false,"username":"","passwordLength":0,"error":"","submitting":false,"lastSubmitted":"","renderFault":false,"recoveryCount":0,"listValues":[{"id":"first","text":"A"}],"listNodes":[{"id":"list-first","text":"A","rect":{"x":0,"y":230,"width":30,"height":10}}],"profile":2,"packFontWidth":36,"usernameRect":{"x":12,"y":57,"width":196,"height":20},"passwordRect":{"x":12,"y":96,"width":196,"height":20},"submitRect":{"x":12,"y":124,"width":92,"height":20}}
[0710月2026 03:04:26.305] [NekoJS-Log-Flusher/INFO] [NekoJS/]: [client] [ticket48-auto] {"stage":"sample","ticks":22000,"elapsedMs":1101998,"statistics":{"initialBuild":1,"layout":9,"reconcile":0,"resize":1,"paint":34242,"diagnostics":0,"cleanup":0},"disposed":false,"username":"","passwordLength":0,"error":"","submitting":false,"lastSubmitted":"","renderFault":false,"recoveryCount":0,"listValues":[{"id":"first","text":"A"}],"listNodes":[{"id":"list-first","text":"A","rect":{"x":0,"y":230,"width":30,"height":10}}],"profile":2,"packFontWidth":36,"usernameRect":{"x":12,"y":57,"width":196,"height":20},"passwordRect":{"x":12,"y":96,"width":196,"height":20},"submitRect":{"x":12,"y":124,"width":92,"height":20}}
[0710月2026 03:04:31.305] [NekoJS-Log-Flusher/INFO] [NekoJS/]: [client] [ticket48-auto] {"stage":"sample","ticks":22100,"elapsedMs":1107003,"statistics":{"initialBuild":1,"layout":9,"reconcile":0,"resize":1,"paint":34541,"diagnostics":0,"cleanup":0},"disposed":false,"username":"","passwordLength":0,"error":"","submitting":false,"lastSubmitted":"","renderFault":false,"recoveryCount":0,"listValues":[{"id":"first","text":"A"}],"listNodes":[{"id":"list-first","text":"A","rect":{"x":0,"y":230,"width":30,"height":10}}],"profile":2,"packFontWidth":36,"usernameRect":{"x":12,"y":57,"width":196,"height":20},"passwordRect":{"x":12,"y":96,"width":196,"height":20},"submitRect":{"x":12,"y":124,"width":92,"height":20}}
[0710月2026 03:04:36.304] [NekoJS-Log-Flusher/INFO] [NekoJS/]: [client] [ticket48-auto] {"stage":"sample","ticks":22200,"elapsedMs":1112006,"statistics":{"initialBuild":1,"layout":9,"reconcile":0,"resize":1,"paint":34840,"diagnostics":0,"cleanup":0},"disposed":false,"username":"","passwordLength":0,"error":"","submitting":false,"lastSubmitted":"","renderFault":false,"recoveryCount":0,"listValues":[{"id":"first","text":"A"}],"listNodes":[{"id":"list-first","text":"A","rect":{"x":0,"y":230,"width":30,"height":10}}],"profile":2,"packFontWidth":36,"usernameRect":{"x":12,"y":57,"width":196,"height":20},"passwordRect":{"x":12,"y":96,"width":196,"height":20},"submitRect":{"x":12,"y":124,"width":92,"height":20}}
[0710月2026 03:04:41.304] [NekoJS-Log-Flusher/INFO] [NekoJS/]: [client] [ticket48-auto] {"stage":"sample","ticks":22300,"elapsedMs":1117000,"statistics":{"initialBuild":1,"layout":9,"reconcile":0,"resize":1,"paint":35138,"diagnostics":0,"cleanup":0},"disposed":false,"username":"","passwordLength":0,"error":"","submitting":false,"lastSubmitted":"","renderFault":false,"recoveryCount":0,"listValues":[{"id":"first","text":"A"}],"listNodes":[{"id":"list-first","text":"A","rect":{"x":0,"y":230,"width":30,"height":10}}],"profile":2,"packFontWidth":36,"usernameRect":{"x":12,"y":57,"width":196,"height":20},"passwordRect":{"x":12,"y":96,"width":196,"height":20},"submitRect":{"x":12,"y":124,"width":92,"height":20}}
[0710月2026 03:04:46.305] [NekoJS-Log-Flusher/INFO] [NekoJS/]: [client] [ticket48-auto] {"stage":"sample","ticks":22400,"elapsedMs":1121996,"statistics":{"initialBuild":1,"layout":9,"reconcile":0,"resize":1,"paint":35436,"diagnostics":0,"cleanup":0},"disposed":false,"username":"","passwordLength":0,"error":"","submitting":false,"lastSubmitted":"","renderFault":false,"recoveryCount":0,"listValues":[{"id":"first","text":"A"}],"listNodes":[{"id":"list-first","text":"A","rect":{"x":0,"y":230,"width":30,"height":10}}],"profile":2,"packFontWidth":36,"usernameRect":{"x":12,"y":57,"width":196,"height":20},"passwordRect":{"x":12,"y":96,"width":196,"height":20},"submitRect":{"x":12,"y":124,"width":92,"height":20}}
[0710月2026 03:04:51.305] [NekoJS-Log-Flusher/INFO] [NekoJS/]: [client] [ticket48-auto] {"stage":"sample","ticks":22500,"elapsedMs":1127004,"statistics":{"initialBuild":1,"layout":9,"reconcile":0,"resize":1,"paint":35735,"diagnostics":0,"cleanup":0},"disposed":false,"username":"","passwordLength":0,"error":"","submitting":false,"lastSubmitted":"","renderFault":false,"recoveryCount":0,"listValues":[{"id":"first","text":"A"}],"listNodes":[{"id":"list-first","text":"A","rect":{"x":0,"y":230,"width":30,"height":10}}],"profile":2,"packFontWidth":36,"usernameRect":{"x":12,"y":57,"width":196,"height":20},"passwordRect":{"x":12,"y":96,"width":196,"height":20},"submitRect":{"x":12,"y":124,"width":92,"height":20}}
[0710月2026 03:04:56.305] [NekoJS-Log-Flusher/INFO] [NekoJS/]: [client] [ticket48-auto] {"stage":"sample","ticks":22600,"elapsedMs":1132013,"statistics":{"initialBuild":1,"layout":9,"reconcile":0,"resize":1,"paint":36034,"diagnostics":0,"cleanup":0},"disposed":false,"username":"","passwordLength":0,"error":"","submitting":false,"lastSubmitted":"","renderFault":false,"recoveryCount":0,"listValues":[{"id":"first","text":"A"}],"listNodes":[{"id":"list-first","text":"A","rect":{"x":0,"y":230,"width":30,"height":10}}],"profile":2,"packFontWidth":36,"usernameRect":{"x":12,"y":57,"width":196,"height":20},"passwordRect":{"x":12,"y":96,"width":196,"height":20},"submitRect":{"x":12,"y":124,"width":92,"height":20}}
[0710月2026 03:05:01.305] [NekoJS-Log-Flusher/INFO] [NekoJS/]: [client] [ticket48-auto] {"stage":"sample","ticks":22700,"elapsedMs":1136999,"statistics":{"initialBuild":1,"layout":9,"reconcile":0,"resize":1,"paint":36243,"diagnostics":0,"cleanup":0},"disposed":false,"username":"","passwordLength":0,"error":"","submitting":false,"lastSubmitted":"","renderFault":false,"recoveryCount":0,"listValues":[{"id":"first","text":"A"}],"listNodes":[{"id":"list-first","text":"A","rect":{"x":0,"y":230,"width":30,"height":10}}],"profile":2,"packFontWidth":36,"usernameRect":{"x":12,"y":57,"width":196,"height":20},"passwordRect":{"x":12,"y":96,"width":196,"height":20},"submitRect":{"x":12,"y":124,"width":92,"height":20}}
[0710月2026 03:05:06.305] [NekoJS-Log-Flusher/INFO] [NekoJS/]: [client] [ticket48-auto] {"stage":"sample","ticks":22800,"elapsedMs":1142013,"statistics":{"initialBuild":1,"layout":9,"reconcile":0,"resize":1,"paint":36393,"diagnostics":0,"cleanup":0},"disposed":false,"username":"","passwordLength":0,"error":"","submitting":false,"lastSubmitted":"","renderFault":false,"recoveryCount":0,"listValues":[{"id":"first","text":"A"}],"listNodes":[{"id":"list-first","text":"A","rect":{"x":0,"y":230,"width":30,"height":10}}],"profile":2,"packFontWidth":36,"usernameRect":{"x":12,"y":57,"width":196,"height":20},"passwordRect":{"x":12,"y":96,"width":196,"height":20},"submitRect":{"x":12,"y":124,"width":92,"height":20}}
[0710月2026 03:05:11.305] [NekoJS-Log-Flusher/INFO] [NekoJS/]: [client] [ticket48-auto] {"stage":"sample","ticks":22900,"elapsedMs":1147008,"statistics":{"initialBuild":1,"layout":9,"reconcile":0,"resize":1,"paint":36686,"diagnostics":0,"cleanup":0},"disposed":false,"username":"","passwordLength":0,"error":"","submitting":false,"lastSubmitted":"","renderFault":false,"recoveryCount":0,"listValues":[{"id":"first","text":"A"}],"listNodes":[{"id":"list-first","text":"A","rect":{"x":0,"y":230,"width":30,"height":10}}],"profile":2,"packFontWidth":36,"usernameRect":{"x":12,"y":57,"width":196,"height":20},"passwordRect":{"x":12,"y":96,"width":196,"height":20},"submitRect":{"x":12,"y":124,"width":92,"height":20}}
[0710月2026 03:05:16.305] [NekoJS-Log-Flusher/INFO] [NekoJS/]: [client] [ticket48-auto] {"stage":"sample","ticks":23000,"elapsedMs":1152001,"statistics":{"initialBuild":1,"layout":9,"reconcile":0,"resize":1,"paint":36984,"diagnostics":0,"cleanup":0},"disposed":false,"username":"","passwordLength":0,"error":"","submitting":false,"lastSubmitted":"","renderFault":false,"recoveryCount":0,"listValues":[{"id":"first","text":"A"}],"listNodes":[{"id":"list-first","text":"A","rect":{"x":0,"y":230,"width":30,"height":10}}],"profile":2,"packFontWidth":36,"usernameRect":{"x":12,"y":57,"width":196,"height":20},"passwordRect":{"x":12,"y":96,"width":196,"height":20},"submitRect":{"x":12,"y":124,"width":92,"height":20}}
[0710月2026 03:05:21.305] [NekoJS-Log-Flusher/INFO] [NekoJS/]: [client] [ticket48-auto] {"stage":"sample","ticks":23100,"elapsedMs":1157009,"statistics":{"initialBuild":1,"layout":9,"reconcile":0,"resize":1,"paint":37283,"diagnostics":0,"cleanup":0},"disposed":false,"username":"","passwordLength":0,"error":"","submitting":false,"lastSubmitted":"","renderFault":false,"recoveryCount":0,"listValues":[{"id":"first","text":"A"}],"listNodes":[{"id":"list-first","text":"A","rect":{"x":0,"y":230,"width":30,"height":10}}],"profile":2,"packFontWidth":36,"usernameRect":{"x":12,"y":57,"width":196,"height":20},"passwordRect":{"x":12,"y":96,"width":196,"height":20},"submitRect":{"x":12,"y":124,"width":92,"height":20}}
[0710月2026 03:05:26.305] [NekoJS-Log-Flusher/INFO] [NekoJS/]: [client] [ticket48-auto] {"stage":"sample","ticks":23200,"elapsedMs":1162004,"statistics":{"initialBuild":1,"layout":9,"reconcile":0,"resize":1,"paint":37581,"diagnostics":0,"cleanup":0},"disposed":false,"username":"","passwordLength":0,"error":"","submitting":false,"lastSubmitted":"","renderFault":false,"recoveryCount":0,"listValues":[{"id":"first","text":"A"}],"listNodes":[{"id":"list-first","text":"A","rect":{"x":0,"y":230,"width":30,"height":10}}],"profile":2,"packFontWidth":36,"usernameRect":{"x":12,"y":57,"width":196,"height":20},"passwordRect":{"x":12,"y":96,"width":196,"height":20},"submitRect":{"x":12,"y":124,"width":92,"height":20}}
[0710月2026 03:05:31.305] [NekoJS-Log-Flusher/INFO] [NekoJS/]: [client] [ticket48-auto] {"stage":"sample","ticks":23300,"elapsedMs":1166997,"statistics":{"initialBuild":1,"layout":9,"reconcile":0,"resize":1,"paint":37879,"diagnostics":0,"cleanup":0},"disposed":false,"username":"","passwordLength":0,"error":"","submitting":false,"lastSubmitted":"","renderFault":false,"recoveryCount":0,"listValues":[{"id":"first","text":"A"}],"listNodes":[{"id":"list-first","text":"A","rect":{"x":0,"y":230,"width":30,"height":10}}],"profile":2,"packFontWidth":36,"usernameRect":{"x":12,"y":57,"width":196,"height":20},"passwordRect":{"x":12,"y":96,"width":196,"height":20},"submitRect":{"x":12,"y":124,"width":92,"height":20}}
[0710月2026 03:05:36.306] [NekoJS-Log-Flusher/INFO] [NekoJS/]: [client] [ticket48-auto] {"stage":"sample","ticks":23400,"elapsedMs":1172000,"statistics":{"initialBuild":1,"layout":9,"reconcile":0,"resize":1,"paint":38178,"diagnostics":0,"cleanup":0},"disposed":false,"username":"","passwordLength":0,"error":"","submitting":false,"lastSubmitted":"","renderFault":false,"recoveryCount":0,"listValues":[{"id":"first","text":"A"}],"listNodes":[{"id":"list-first","text":"A","rect":{"x":0,"y":230,"width":30,"height":10}}],"profile":2,"packFontWidth":36,"usernameRect":{"x":12,"y":57,"width":196,"height":20},"passwordRect":{"x":12,"y":96,"width":196,"height":20},"submitRect":{"x":12,"y":124,"width":92,"height":20}}
[0710月2026 03:05:41.306] [NekoJS-Log-Flusher/INFO] [NekoJS/]: [client] [ticket48-auto] {"stage":"sample","ticks":23500,"elapsedMs":1177008,"statistics":{"initialBuild":1,"layout":9,"reconcile":0,"resize":1,"paint":38477,"diagnostics":0,"cleanup":0},"disposed":false,"username":"","passwordLength":0,"error":"","submitting":false,"lastSubmitted":"","renderFault":false,"recoveryCount":0,"listValues":[{"id":"first","text":"A"}],"listNodes":[{"id":"list-first","text":"A","rect":{"x":0,"y":230,"width":30,"height":10}}],"profile":2,"packFontWidth":36,"usernameRect":{"x":12,"y":57,"width":196,"height":20},"passwordRect":{"x":12,"y":96,"width":196,"height":20},"submitRect":{"x":12,"y":124,"width":92,"height":20}}
[0710月2026 03:05:42.305] [NekoJS-Log-Flusher/ERROR] [NekoJS/]: [client] Script ui-render callback exception:
环境: CLIENT
位置: ui-render/9cb4b3b9
原因: ticket48 deliberate render failure
script-diagnostic id=nekojs:rt/CLIENT/ui-render/9cb4b3b9 type=client phase=EXECUTION owner=Script Execution Environment generation=4 candidate=false cause=IllegalStateException: [NEKO-7007] JSX UI root ticket48-auto-root failed in phase render (generation 4): UI render failed: ticket48 deliberate render failure
[0710月2026 03:05:43.305] [NekoJS-Log-Flusher/INFO] [NekoJS/]: [client] [ticket48-auto] {"stage":"list-phase-1","ticks":23538,"elapsedMs":1179098,"statistics":{"initialBuild":1,"layout":12,"reconcile":3,"resize":1,"paint":38585,"diagnostics":1,"cleanup":0},"disposed":false,"username":"","passwordLength":0,"error":"","submitting":false,"lastSubmitted":"","renderFault":false,"recoveryCount":1,"listValues":[{"id":"first","text":"A"},{"id":"second","text":"B"}],"listNodes":[{"id":"list-first","text":"A","rect":{"x":0,"y":230,"width":30,"height":10}},{"id":"list-second","text":"B","rect":{"x":30,"y":230,"width":30,"height":10}}],"profile":2,"packFontWidth":36,"usernameRect":{"x":12,"y":57,"width":196,"height":20},"passwordRect":{"x":12,"y":96,"width":196,"height":20},"submitRect":{"x":12,"y":124,"width":92,"height":20}}
[0710月2026 03:05:44.070] [Render thread/ERROR] [NekoJS/]: [client] Script ui-render callback exception:
环境: CLIENT
位置: ui-render/9cb4b3b9
原因: ticket48 deliberate render failure
频次: 连续发生了 2 次
script-diagnostic id=nekojs:rt/CLIENT/ui-render/9cb4b3b9 type=client phase=EXECUTION owner=Script Execution Environment generation=4 candidate=false cause=IllegalStateException: [NEKO-7007] JSX UI root ticket48-auto-root failed in phase render (generation 4): UI render failed: ticket48 deliberate render failure
[0710月2026 03:05:44.305] [NekoJS-Log-Flusher/ERROR] [NekoJS/]: [client] Script ui-event callback exception:
环境: CLIENT
位置: ui-event/a23351b8
原因: ticket48 deliberate event failure
script-diagnostic id=nekojs:rt/CLIENT/ui-event/a23351b8 type=client phase=EXECUTION owner=Script Execution Environment generation=4 candidate=false cause=IllegalStateException: [NEKO-7007] JSX UI root ticket48-auto-root failed in phase event (generation 4): ticket48 deliberate event failure
[0710月2026 03:05:46.305] [NekoJS-Log-Flusher/INFO] [NekoJS/]: [client] [ticket48-auto] {"stage":"sample","ticks":23600,"elapsedMs":1182008,"statistics":{"initialBuild":1,"layout":12,"reconcile":3,"resize":1,"paint":38732,"diagnostics":3,"cleanup":0},"disposed":false,"username":"","passwordLength":0,"error":"","submitting":false,"lastSubmitted":"","renderFault":true,"recoveryCount":1,"listValues":[{"id":"first","text":"A"},{"id":"second","text":"B"}],"listNodes":[{"id":"list-first","text":"A","rect":{"x":0,"y":230,"width":30,"height":10}},{"id":"list-second","text":"B","rect":{"x":30,"y":230,"width":30,"height":10}}],"profile":2,"packFontWidth":36,"usernameRect":{"x":12,"y":57,"width":196,"height":20},"passwordRect":{"x":12,"y":96,"width":196,"height":20},"submitRect":{"x":12,"y":124,"width":92,"height":20}}
[0710月2026 03:05:51.305] [NekoJS-Log-Flusher/INFO] [NekoJS/]: [client] [ticket48-auto] {"stage":"sample","ticks":23700,"elapsedMs":1187001,"statistics":{"initialBuild":1,"layout":12,"reconcile":3,"resize":1,"paint":39030,"diagnostics":3,"cleanup":0},"disposed":false,"username":"","passwordLength":0,"error":"","submitting":false,"lastSubmitted":"","renderFault":true,"recoveryCount":1,"listValues":[{"id":"first","text":"A"},{"id":"second","text":"B"}],"listNodes":[{"id":"list-first","text":"A","rect":{"x":0,"y":230,"width":30,"height":10}},{"id":"list-second","text":"B","rect":{"x":30,"y":230,"width":30,"height":10}}],"profile":2,"packFontWidth":36,"usernameRect":{"x":12,"y":57,"width":196,"height":20},"passwordRect":{"x":12,"y":96,"width":196,"height":20},"submitRect":{"x":12,"y":124,"width":92,"height":20}}
[0710月2026 03:05:56.305] [NekoJS-Log-Flusher/INFO] [NekoJS/]: [client] [ticket48-auto] {"stage":"sample","ticks":23800,"elapsedMs":1191998,"statistics":{"initialBuild":1,"layout":12,"reconcile":3,"resize":1,"paint":39328,"diagnostics":3,"cleanup":0},"disposed":false,"username":"","passwordLength":0,"error":"","submitting":false,"lastSubmitted":"","renderFault":true,"recoveryCount":1,"listValues":[{"id":"first","text":"A"},{"id":"second","text":"B"}],"listNodes":[{"id":"list-first","text":"A","rect":{"x":0,"y":230,"width":30,"height":10}},{"id":"list-second","text":"B","rect":{"x":30,"y":230,"width":30,"height":10}}],"profile":2,"packFontWidth":36,"usernameRect":{"x":12,"y":57,"width":196,"height":20},"passwordRect":{"x":12,"y":96,"width":196,"height":20},"submitRect":{"x":12,"y":124,"width":92,"height":20}}
[0710月2026 03:06:01.307] [NekoJS-Log-Flusher/INFO] [NekoJS/]: [client] [ticket48-auto] {"stage":"sample","ticks":23900,"elapsedMs":1197000,"statistics":{"initialBuild":1,"layout":12,"reconcile":3,"resize":1,"paint":39626,"diagnostics":3,"cleanup":0},"disposed":false,"username":"","passwordLength":0,"error":"","submitting":false,"lastSubmitted":"","renderFault":true,"recoveryCount":1,"listValues":[{"id":"first","text":"A"},{"id":"second","text":"B"}],"listNodes":[{"id":"list-first","text":"A","rect":{"x":0,"y":230,"width":30,"height":10}},{"id":"list-second","text":"B","rect":{"x":30,"y":230,"width":30,"height":10}}],"profile":2,"packFontWidth":36,"usernameRect":{"x":12,"y":57,"width":196,"height":20},"passwordRect":{"x":12,"y":96,"width":196,"height":20},"submitRect":{"x":12,"y":124,"width":92,"height":20}}
[0710月2026 03:06:06.305] [NekoJS-Log-Flusher/INFO] [NekoJS/]: [client] [ticket48-auto] {"stage":"sample","ticks":24000,"elapsedMs":1202001,"statistics":{"initialBuild":1,"layout":12,"reconcile":3,"resize":1,"paint":39925,"diagnostics":3,"cleanup":0},"disposed":false,"username":"","passwordLength":0,"error":"","submitting":false,"lastSubmitted":"","renderFault":true,"recoveryCount":1,"listValues":[{"id":"first","text":"A"},{"id":"second","text":"B"}],"listNodes":[{"id":"list-first","text":"A","rect":{"x":0,"y":230,"width":30,"height":10}},{"id":"list-second","text":"B","rect":{"x":30,"y":230,"width":30,"height":10}}],"profile":2,"packFontWidth":36,"usernameRect":{"x":12,"y":57,"width":196,"height":20},"passwordRect":{"x":12,"y":96,"width":196,"height":20},"submitRect":{"x":12,"y":124,"width":92,"height":20}}
[0710月2026 03:06:11.305] [NekoJS-Log-Flusher/INFO] [NekoJS/]: [client] [ticket48-auto] {"stage":"sample","ticks":24100,"elapsedMs":1207006,"statistics":{"initialBuild":1,"layout":12,"reconcile":3,"resize":1,"paint":40224,"diagnostics":3,"cleanup":0},"disposed":false,"username":"","passwordLength":0,"error":"","submitting":false,"lastSubmitted":"","renderFault":true,"recoveryCount":1,"listValues":[{"id":"first","text":"A"},{"id":"second","text":"B"}],"listNodes":[{"id":"list-first","text":"A","rect":{"x":0,"y":230,"width":30,"height":10}},{"id":"list-second","text":"B","rect":{"x":30,"y":230,"width":30,"height":10}}],"profile":2,"packFontWidth":36,"usernameRect":{"x":12,"y":57,"width":196,"height":20},"passwordRect":{"x":12,"y":96,"width":196,"height":20},"submitRect":{"x":12,"y":124,"width":92,"height":20}}
[0710月2026 03:06:16.306] [NekoJS-Log-Flusher/INFO] [NekoJS/]: [client] [ticket48-auto] {"stage":"sample","ticks":24200,"elapsedMs":1211998,"statistics":{"initialBuild":1,"layout":12,"reconcile":3,"resize":1,"paint":40522,"diagnostics":3,"cleanup":0},"disposed":false,"username":"","passwordLength":0,"error":"","submitting":false,"lastSubmitted":"","renderFault":true,"recoveryCount":1,"listValues":[{"id":"first","text":"A"},{"id":"second","text":"B"}],"listNodes":[{"id":"list-first","text":"A","rect":{"x":0,"y":230,"width":30,"height":10}},{"id":"list-second","text":"B","rect":{"x":30,"y":230,"width":30,"height":10}}],"profile":2,"packFontWidth":36,"usernameRect":{"x":12,"y":57,"width":196,"height":20},"passwordRect":{"x":12,"y":96,"width":196,"height":20},"submitRect":{"x":12,"y":124,"width":92,"height":20}}
[0710月2026 03:06:21.305] [NekoJS-Log-Flusher/INFO] [NekoJS/]: [client] [ticket48-auto] {"stage":"sample","ticks":24300,"elapsedMs":1217008,"statistics":{"initialBuild":1,"layout":12,"reconcile":3,"resize":1,"paint":40821,"diagnostics":3,"cleanup":0},"disposed":false,"username":"","passwordLength":0,"error":"","submitting":false,"lastSubmitted":"","renderFault":true,"recoveryCount":1,"listValues":[{"id":"first","text":"A"},{"id":"second","text":"B"}],"listNodes":[{"id":"list-first","text":"A","rect":{"x":0,"y":230,"width":30,"height":10}},{"id":"list-second","text":"B","rect":{"x":30,"y":230,"width":30,"height":10}}],"profile":2,"packFontWidth":36,"usernameRect":{"x":12,"y":57,"width":196,"height":20},"passwordRect":{"x":12,"y":96,"width":196,"height":20},"submitRect":{"x":12,"y":124,"width":92,"height":20}}
[0710月2026 03:06:26.307] [NekoJS-Log-Flusher/INFO] [NekoJS/]: [client] [ticket48-auto] {"stage":"sample","ticks":24400,"elapsedMs":1222002,"statistics":{"initialBuild":1,"layout":12,"reconcile":3,"resize":1,"paint":41119,"diagnostics":3,"cleanup":0},"disposed":false,"username":"","passwordLength":0,"error":"","submitting":false,"lastSubmitted":"","renderFault":true,"recoveryCount":1,"listValues":[{"id":"first","text":"A"},{"id":"second","text":"B"}],"listNodes":[{"id":"list-first","text":"A","rect":{"x":0,"y":230,"width":30,"height":10}},{"id":"list-second","text":"B","rect":{"x":30,"y":230,"width":30,"height":10}}],"profile":2,"packFontWidth":36,"usernameRect":{"x":12,"y":57,"width":196,"height":20},"passwordRect":{"x":12,"y":96,"width":196,"height":20},"submitRect":{"x":12,"y":124,"width":92,"height":20}}
[0710月2026 03:06:31.305] [NekoJS-Log-Flusher/INFO] [NekoJS/]: [client] [ticket48-auto] {"stage":"sample","ticks":24500,"elapsedMs":1226999,"statistics":{"initialBuild":1,"layout":12,"reconcile":3,"resize":1,"paint":41417,"diagnostics":3,"cleanup":0},"disposed":false,"username":"","passwordLength":0,"error":"","submitting":false,"lastSubmitted":"","renderFault":true,"recoveryCount":1,"listValues":[{"id":"first","text":"A"},{"id":"second","text":"B"}],"listNodes":[{"id":"list-first","text":"A","rect":{"x":0,"y":230,"width":30,"height":10}},{"id":"list-second","text":"B","rect":{"x":30,"y":230,"width":30,"height":10}}],"profile":2,"packFontWidth":36,"usernameRect":{"x":12,"y":57,"width":196,"height":20},"passwordRect":{"x":12,"y":96,"width":196,"height":20},"submitRect":{"x":12,"y":124,"width":92,"height":20}}
[0710月2026 03:06:36.307] [NekoJS-Log-Flusher/INFO] [NekoJS/]: [client] [ticket48-auto] {"stage":"sample","ticks":24600,"elapsedMs":1232003,"statistics":{"initialBuild":1,"layout":12,"reconcile":3,"resize":1,"paint":41707,"diagnostics":3,"cleanup":0},"disposed":false,"username":"","passwordLength":0,"error":"","submitting":false,"lastSubmitted":"","renderFault":true,"recoveryCount":1,"listValues":[{"id":"first","text":"A"},{"id":"second","text":"B"}],"listNodes":[{"id":"list-first","text":"A","rect":{"x":0,"y":230,"width":30,"height":10}},{"id":"list-second","text":"B","rect":{"x":30,"y":230,"width":30,"height":10}}],"profile":2,"packFontWidth":36,"usernameRect":{"x":12,"y":57,"width":196,"height":20},"passwordRect":{"x":12,"y":96,"width":196,"height":20},"submitRect":{"x":12,"y":124,"width":92,"height":20}}
[0710月2026 03:06:41.305] [NekoJS-Log-Flusher/INFO] [NekoJS/]: [client] [ticket48-auto] {"stage":"sample","ticks":24700,"elapsedMs":1237000,"statistics":{"initialBuild":1,"layout":12,"reconcile":3,"resize":1,"paint":42005,"diagnostics":3,"cleanup":0},"disposed":false,"username":"","passwordLength":0,"error":"","submitting":false,"lastSubmitted":"","renderFault":true,"recoveryCount":1,"listValues":[{"id":"first","text":"A"},{"id":"second","text":"B"}],"listNodes":[{"id":"list-first","text":"A","rect":{"x":0,"y":230,"width":30,"height":10}},{"id":"list-second","text":"B","rect":{"x":30,"y":230,"width":30,"height":10}}],"profile":2,"packFontWidth":36,"usernameRect":{"x":12,"y":57,"width":196,"height":20},"passwordRect":{"x":12,"y":96,"width":196,"height":20},"submitRect":{"x":12,"y":124,"width":92,"height":20}}
[0710月2026 03:06:46.306] [NekoJS-Log-Flusher/INFO] [NekoJS/]: [client] [ticket48-auto] {"stage":"sample","ticks":24800,"elapsedMs":1242011,"statistics":{"initialBuild":1,"layout":12,"reconcile":3,"resize":1,"paint":42304,"diagnostics":3,"cleanup":0},"disposed":false,"username":"","passwordLength":0,"error":"","submitting":false,"lastSubmitted":"","renderFault":true,"recoveryCount":1,"listValues":[{"id":"first","text":"A"},{"id":"second","text":"B"}],"listNodes":[{"id":"list-first","text":"A","rect":{"x":0,"y":230,"width":30,"height":10}},{"id":"list-second","text":"B","rect":{"x":30,"y":230,"width":30,"height":10}}],"profile":2,"packFontWidth":36,"usernameRect":{"x":12,"y":57,"width":196,"height":20},"passwordRect":{"x":12,"y":96,"width":196,"height":20},"submitRect":{"x":12,"y":124,"width":92,"height":20}}
[0710月2026 03:06:51.306] [NekoJS-Log-Flusher/INFO] [NekoJS/]: [client] [ticket48-auto] {"stage":"sample","ticks":24900,"elapsedMs":1246998,"statistics":{"initialBuild":1,"layout":12,"reconcile":3,"resize":1,"paint":42474,"diagnostics":3,"cleanup":0},"disposed":false,"username":"","passwordLength":0,"error":"","submitting":false,"lastSubmitted":"","renderFault":true,"recoveryCount":1,"listValues":[{"id":"first","text":"A"},{"id":"second","text":"B"}],"listNodes":[{"id":"list-first","text":"A","rect":{"x":0,"y":230,"width":30,"height":10}},{"id":"list-second","text":"B","rect":{"x":30,"y":230,"width":30,"height":10}}],"profile":2,"packFontWidth":36,"usernameRect":{"x":12,"y":57,"width":196,"height":20},"passwordRect":{"x":12,"y":96,"width":196,"height":20},"submitRect":{"x":12,"y":124,"width":92,"height":20}}
[0710月2026 03:06:56.306] [NekoJS-Log-Flusher/INFO] [NekoJS/]: [client] [ticket48-auto] {"stage":"sample","ticks":25000,"elapsedMs":1252008,"statistics":{"initialBuild":1,"layout":12,"reconcile":3,"resize":1,"paint":42624,"diagnostics":3,"cleanup":0},"disposed":false,"username":"","passwordLength":0,"error":"","submitting":false,"lastSubmitted":"","renderFault":true,"recoveryCount":1,"listValues":[{"id":"first","text":"A"},{"id":"second","text":"B"}],"listNodes":[{"id":"list-first","text":"A","rect":{"x":0,"y":230,"width":30,"height":10}},{"id":"list-second","text":"B","rect":{"x":30,"y":230,"width":30,"height":10}}],"profile":2,"packFontWidth":36,"usernameRect":{"x":12,"y":57,"width":196,"height":20},"passwordRect":{"x":12,"y":96,"width":196,"height":20},"submitRect":{"x":12,"y":124,"width":92,"height":20}}
[0710月2026 03:07:01.306] [NekoJS-Log-Flusher/INFO] [NekoJS/]: [client] [ticket48-auto] {"stage":"sample","ticks":25100,"elapsedMs":1257022,"statistics":{"initialBuild":1,"layout":12,"reconcile":3,"resize":1,"paint":42774,"diagnostics":3,"cleanup":0},"disposed":false,"username":"","passwordLength":0,"error":"","submitting":false,"lastSubmitted":"","renderFault":true,"recoveryCount":1,"listValues":[{"id":"first","text":"A"},{"id":"second","text":"B"}],"listNodes":[{"id":"list-first","text":"A","rect":{"x":0,"y":230,"width":30,"height":10}},{"id":"list-second","text":"B","rect":{"x":30,"y":230,"width":30,"height":10}}],"profile":2,"packFontWidth":36,"usernameRect":{"x":12,"y":57,"width":196,"height":20},"passwordRect":{"x":12,"y":96,"width":196,"height":20},"submitRect":{"x":12,"y":124,"width":92,"height":20}}
[0710月2026 03:07:06.306] [NekoJS-Log-Flusher/INFO] [NekoJS/]: [client] [ticket48-auto] {"stage":"sample","ticks":25200,"elapsedMs":1262005,"statistics":{"initialBuild":1,"layout":12,"reconcile":3,"resize":1,"paint":42923,"diagnostics":3,"cleanup":0},"disposed":false,"username":"","passwordLength":0,"error":"","submitting":false,"lastSubmitted":"","renderFault":true,"recoveryCount":1,"listValues":[{"id":"first","text":"A"},{"id":"second","text":"B"}],"listNodes":[{"id":"list-first","text":"A","rect":{"x":0,"y":230,"width":30,"height":10}},{"id":"list-second","text":"B","rect":{"x":30,"y":230,"width":30,"height":10}}],"profile":2,"packFontWidth":36,"usernameRect":{"x":12,"y":57,"width":196,"height":20},"passwordRect":{"x":12,"y":96,"width":196,"height":20},"submitRect":{"x":12,"y":124,"width":92,"height":20}}
[0710月2026 03:07:11.305] [NekoJS-Log-Flusher/INFO] [NekoJS/]: [client] [ticket48-auto] {"stage":"sample","ticks":25300,"elapsedMs":1267019,"statistics":{"initialBuild":1,"layout":12,"reconcile":3,"resize":1,"paint":43073,"diagnostics":3,"cleanup":0},"disposed":false,"username":"","passwordLength":0,"error":"","submitting":false,"lastSubmitted":"","renderFault":true,"recoveryCount":1,"listValues":[{"id":"first","text":"A"},{"id":"second","text":"B"}],"listNodes":[{"id":"list-first","text":"A","rect":{"x":0,"y":230,"width":30,"height":10}},{"id":"list-second","text":"B","rect":{"x":30,"y":230,"width":30,"height":10}}],"profile":2,"packFontWidth":36,"usernameRect":{"x":12,"y":57,"width":196,"height":20},"passwordRect":{"x":12,"y":96,"width":196,"height":20},"submitRect":{"x":12,"y":124,"width":92,"height":20}}
[0710月2026 03:07:16.307] [NekoJS-Log-Flusher/INFO] [NekoJS/]: [client] [ticket48-auto] {"stage":"sample","ticks":25400,"elapsedMs":1272004,"statistics":{"initialBuild":1,"layout":12,"reconcile":3,"resize":1,"paint":43222,"diagnostics":3,"cleanup":0},"disposed":false,"username":"","passwordLength":0,"error":"","submitting":false,"lastSubmitted":"","renderFault":true,"recoveryCount":1,"listValues":[{"id":"first","text":"A"},{"id":"second","text":"B"}],"listNodes":[{"id":"list-first","text":"A","rect":{"x":0,"y":230,"width":30,"height":10}},{"id":"list-second","text":"B","rect":{"x":30,"y":230,"width":30,"height":10}}],"profile":2,"packFontWidth":36,"usernameRect":{"x":12,"y":57,"width":196,"height":20},"passwordRect":{"x":12,"y":96,"width":196,"height":20},"submitRect":{"x":12,"y":124,"width":92,"height":20}}
[0710月2026 03:07:21.306] [NekoJS-Log-Flusher/INFO] [NekoJS/]: [client] [ticket48-auto] {"stage":"sample","ticks":25500,"elapsedMs":1277017,"statistics":{"initialBuild":1,"layout":12,"reconcile":3,"resize":1,"paint":43372,"diagnostics":3,"cleanup":0},"disposed":false,"username":"","passwordLength":0,"error":"","submitting":false,"lastSubmitted":"","renderFault":true,"recoveryCount":1,"listValues":[{"id":"first","text":"A"},{"id":"second","text":"B"}],"listNodes":[{"id":"list-first","text":"A","rect":{"x":0,"y":230,"width":30,"height":10}},{"id":"list-second","text":"B","rect":{"x":30,"y":230,"width":30,"height":10}}],"profile":2,"packFontWidth":36,"usernameRect":{"x":12,"y":57,"width":196,"height":20},"passwordRect":{"x":12,"y":96,"width":196,"height":20},"submitRect":{"x":12,"y":124,"width":92,"height":20}}
[0710月2026 03:07:26.306] [NekoJS-Log-Flusher/INFO] [NekoJS/]: [client] [ticket48-auto] {"stage":"sample","ticks":25600,"elapsedMs":1282029,"statistics":{"initialBuild":1,"layout":12,"reconcile":3,"resize":1,"paint":43522,"diagnostics":3,"cleanup":0},"disposed":false,"username":"","passwordLength":0,"error":"","submitting":false,"lastSubmitted":"","renderFault":true,"recoveryCount":1,"listValues":[{"id":"first","text":"A"},{"id":"second","text":"B"}],"listNodes":[{"id":"list-first","text":"A","rect":{"x":0,"y":230,"width":30,"height":10}},{"id":"list-second","text":"B","rect":{"x":30,"y":230,"width":30,"height":10}}],"profile":2,"packFontWidth":36,"usernameRect":{"x":12,"y":57,"width":196,"height":20},"passwordRect":{"x":12,"y":96,"width":196,"height":20},"submitRect":{"x":12,"y":124,"width":92,"height":20}}
[0710月2026 03:07:31.307] [NekoJS-Log-Flusher/INFO] [NekoJS/]: [client] [ticket48-auto] {"stage":"sample","ticks":25700,"elapsedMs":1287004,"statistics":{"initialBuild":1,"layout":12,"reconcile":3,"resize":1,"paint":43671,"diagnostics":3,"cleanup":0},"disposed":false,"username":"","passwordLength":0,"error":"","submitting":false,"lastSubmitted":"","renderFault":true,"recoveryCount":1,"listValues":[{"id":"first","text":"A"},{"id":"second","text":"B"}],"listNodes":[{"id":"list-first","text":"A","rect":{"x":0,"y":230,"width":30,"height":10}},{"id":"list-second","text":"B","rect":{"x":30,"y":230,"width":30,"height":10}}],"profile":2,"packFontWidth":36,"usernameRect":{"x":12,"y":57,"width":196,"height":20},"passwordRect":{"x":12,"y":96,"width":196,"height":20},"submitRect":{"x":12,"y":124,"width":92,"height":20}}
[0710月2026 03:07:36.307] [NekoJS-Log-Flusher/INFO] [NekoJS/]: [client] [ticket48-auto] {"stage":"sample","ticks":25800,"elapsedMs":1292016,"statistics":{"initialBuild":1,"layout":12,"reconcile":3,"resize":1,"paint":43821,"diagnostics":3,"cleanup":0},"disposed":false,"username":"","passwordLength":0,"error":"","submitting":false,"lastSubmitted":"","renderFault":true,"recoveryCount":1,"listValues":[{"id":"first","text":"A"},{"id":"second","text":"B"}],"listNodes":[{"id":"list-first","text":"A","rect":{"x":0,"y":230,"width":30,"height":10}},{"id":"list-second","text":"B","rect":{"x":30,"y":230,"width":30,"height":10}}],"profile":2,"packFontWidth":36,"usernameRect":{"x":12,"y":57,"width":196,"height":20},"passwordRect":{"x":12,"y":96,"width":196,"height":20},"submitRect":{"x":12,"y":124,"width":92,"height":20}}
[0710月2026 03:07:41.307] [NekoJS-Log-Flusher/INFO] [NekoJS/]: [client] [ticket48-auto] {"stage":"sample","ticks":25900,"elapsedMs":1297027,"statistics":{"initialBuild":1,"layout":12,"reconcile":3,"resize":1,"paint":43971,"diagnostics":3,"cleanup":0},"disposed":false,"username":"","passwordLength":0,"error":"","submitting":false,"lastSubmitted":"","renderFault":true,"recoveryCount":1,"listValues":[{"id":"first","text":"A"},{"id":"second","text":"B"}],"listNodes":[{"id":"list-first","text":"A","rect":{"x":0,"y":230,"width":30,"height":10}},{"id":"list-second","text":"B","rect":{"x":30,"y":230,"width":30,"height":10}}],"profile":2,"packFontWidth":36,"usernameRect":{"x":12,"y":57,"width":196,"height":20},"passwordRect":{"x":12,"y":96,"width":196,"height":20},"submitRect":{"x":12,"y":124,"width":92,"height":20}}
[0710月2026 03:07:46.307] [NekoJS-Log-Flusher/INFO] [NekoJS/]: [client] [ticket48-auto] {"stage":"sample","ticks":26000,"elapsedMs":1302007,"statistics":{"initialBuild":1,"layout":12,"reconcile":3,"resize":1,"paint":44120,"diagnostics":3,"cleanup":0},"disposed":false,"username":"","passwordLength":0,"error":"","submitting":false,"lastSubmitted":"","renderFault":true,"recoveryCount":1,"listValues":[{"id":"first","text":"A"},{"id":"second","text":"B"}],"listNodes":[{"id":"list-first","text":"A","rect":{"x":0,"y":230,"width":30,"height":10}},{"id":"list-second","text":"B","rect":{"x":30,"y":230,"width":30,"height":10}}],"profile":2,"packFontWidth":36,"usernameRect":{"x":12,"y":57,"width":196,"height":20},"passwordRect":{"x":12,"y":96,"width":196,"height":20},"submitRect":{"x":12,"y":124,"width":92,"height":20}}
[0710月2026 03:07:51.306] [NekoJS-Log-Flusher/INFO] [NekoJS/]: [client] [ticket48-auto] {"stage":"sample","ticks":26100,"elapsedMs":1307019,"statistics":{"initialBuild":1,"layout":12,"reconcile":3,"resize":1,"paint":44270,"diagnostics":3,"cleanup":0},"disposed":false,"username":"","passwordLength":0,"error":"","submitting":false,"lastSubmitted":"","renderFault":true,"recoveryCount":1,"listValues":[{"id":"first","text":"A"},{"id":"second","text":"B"}],"listNodes":[{"id":"list-first","text":"A","rect":{"x":0,"y":230,"width":30,"height":10}},{"id":"list-second","text":"B","rect":{"x":30,"y":230,"width":30,"height":10}}],"profile":2,"packFontWidth":36,"usernameRect":{"x":12,"y":57,"width":196,"height":20},"passwordRect":{"x":12,"y":96,"width":196,"height":20},"submitRect":{"x":12,"y":124,"width":92,"height":20}}
[0710月2026 03:07:56.306] [NekoJS-Log-Flusher/INFO] [NekoJS/]: [client] [ticket48-auto] {"stage":"sample","ticks":26200,"elapsedMs":1312010,"statistics":{"initialBuild":1,"layout":12,"reconcile":3,"resize":1,"paint":44420,"diagnostics":3,"cleanup":0},"disposed":false,"username":"","passwordLength":0,"error":"","submitting":false,"lastSubmitted":"","renderFault":true,"recoveryCount":1,"listValues":[{"id":"first","text":"A"},{"id":"second","text":"B"}],"listNodes":[{"id":"list-first","text":"A","rect":{"x":0,"y":230,"width":30,"height":10}},{"id":"list-second","text":"B","rect":{"x":30,"y":230,"width":30,"height":10}}],"profile":2,"packFontWidth":36,"usernameRect":{"x":12,"y":57,"width":196,"height":20},"passwordRect":{"x":12,"y":96,"width":196,"height":20},"submitRect":{"x":12,"y":124,"width":92,"height":20}}
[0710月2026 03:07:56.819] [Render thread/ERROR] [NekoJS/]: [client] Script ui-render callback exception:
环境: CLIENT
位置: ui-render/9cb4b3b9
原因: ticket48 deliberate render failure
频次: 连续发生了 5 次
script-diagnostic id=nekojs:rt/CLIENT/ui-render/9cb4b3b9 type=client phase=EXECUTION owner=Script Execution Environment generation=4 candidate=false cause=IllegalStateException: [NEKO-7007] JSX UI root ticket48-auto-root failed in phase render (generation 4): UI render failed: ticket48 deliberate render failure
[0710月2026 03:07:57.306] [NekoJS-Log-Flusher/ERROR] [NekoJS/]: [client] Script ui-render callback exception:
环境: CLIENT
位置: ui-render/9cb4b3b9
原因: ticket48 deliberate render failure
频次: 连续发生了 10 次
script-diagnostic id=nekojs:rt/CLIENT/ui-render/9cb4b3b9 type=client phase=EXECUTION owner=Script Execution Environment generation=4 candidate=false cause=IllegalStateException: [NEKO-7007] JSX UI root ticket48-auto-root failed in phase render (generation 4): UI render failed: ticket48 deliberate render failure
[0710月2026 03:08:01.305] [NekoJS-Log-Flusher/INFO] [NekoJS/]: [client] [ticket48-auto] {"stage":"sample","ticks":26300,"elapsedMs":1317003,"statistics":{"initialBuild":1,"layout":12,"reconcile":3,"resize":1,"paint":44718,"diagnostics":21,"cleanup":0},"disposed":false,"username":"NekoTester","passwordLength":7,"error":"","submitting":true,"lastSubmitted":"NekoTester","renderFault":true,"recoveryCount":1,"listValues":[{"id":"first","text":"A"},{"id":"second","text":"B"}],"listNodes":[{"id":"list-first","text":"A","rect":{"x":0,"y":230,"width":30,"height":10}},{"id":"list-second","text":"B","rect":{"x":30,"y":230,"width":30,"height":10}}],"profile":2,"packFontWidth":36,"usernameRect":{"x":12,"y":57,"width":196,"height":20},"passwordRect":{"x":12,"y":96,"width":196,"height":20},"submitRect":{"x":12,"y":124,"width":92,"height":20}}
[0710月2026 03:08:06.307] [NekoJS-Log-Flusher/INFO] [NekoJS/]: [client] [ticket48-auto] {"stage":"sample","ticks":26400,"elapsedMs":1322013,"statistics":{"initialBuild":1,"layout":12,"reconcile":3,"resize":1,"paint":45017,"diagnostics":21,"cleanup":0},"disposed":false,"username":"NekoTester","passwordLength":7,"error":"","submitting":true,"lastSubmitted":"NekoTester","renderFault":true,"recoveryCount":1,"listValues":[{"id":"first","text":"A"},{"id":"second","text":"B"}],"listNodes":[{"id":"list-first","text":"A","rect":{"x":0,"y":230,"width":30,"height":10}},{"id":"list-second","text":"B","rect":{"x":30,"y":230,"width":30,"height":10}}],"profile":2,"packFontWidth":36,"usernameRect":{"x":12,"y":57,"width":196,"height":20},"passwordRect":{"x":12,"y":96,"width":196,"height":20},"submitRect":{"x":12,"y":124,"width":92,"height":20}}
[0710月2026 03:08:11.306] [NekoJS-Log-Flusher/INFO] [NekoJS/]: [client] [ticket48-auto] {"stage":"sample","ticks":26500,"elapsedMs":1327006,"statistics":{"initialBuild":1,"layout":12,"reconcile":3,"resize":1,"paint":45315,"diagnostics":21,"cleanup":0},"disposed":false,"username":"NekoTester","passwordLength":7,"error":"","submitting":true,"lastSubmitted":"NekoTester","renderFault":true,"recoveryCount":1,"listValues":[{"id":"first","text":"A"},{"id":"second","text":"B"}],"listNodes":[{"id":"list-first","text":"A","rect":{"x":0,"y":230,"width":30,"height":10}},{"id":"list-second","text":"B","rect":{"x":30,"y":230,"width":30,"height":10}}],"profile":2,"packFontWidth":36,"usernameRect":{"x":12,"y":57,"width":196,"height":20},"passwordRect":{"x":12,"y":96,"width":196,"height":20},"submitRect":{"x":12,"y":124,"width":92,"height":20}}
[0710月2026 03:08:16.306] [NekoJS-Log-Flusher/INFO] [NekoJS/]: [client] [ticket48-auto] {"stage":"sample","ticks":26600,"elapsedMs":1332000,"statistics":{"initialBuild":1,"layout":12,"reconcile":3,"resize":1,"paint":45613,"diagnostics":21,"cleanup":0},"disposed":false,"username":"NekoTester","passwordLength":7,"error":"","submitting":true,"lastSubmitted":"NekoTester","renderFault":true,"recoveryCount":1,"listValues":[{"id":"first","text":"A"},{"id":"second","text":"B"}],"listNodes":[{"id":"list-first","text":"A","rect":{"x":0,"y":230,"width":30,"height":10}},{"id":"list-second","text":"B","rect":{"x":30,"y":230,"width":30,"height":10}}],"profile":2,"packFontWidth":36,"usernameRect":{"x":12,"y":57,"width":196,"height":20},"passwordRect":{"x":12,"y":96,"width":196,"height":20},"submitRect":{"x":12,"y":124,"width":92,"height":20}}
[0710月2026 03:08:21.306] [NekoJS-Log-Flusher/INFO] [NekoJS/]: [client] [ticket48-auto] {"stage":"sample","ticks":26700,"elapsedMs":1337013,"statistics":{"initialBuild":1,"layout":12,"reconcile":3,"resize":1,"paint":45912,"diagnostics":21,"cleanup":0},"disposed":false,"username":"NekoTester","passwordLength":7,"error":"","submitting":true,"lastSubmitted":"NekoTester","renderFault":true,"recoveryCount":1,"listValues":[{"id":"first","text":"A"},{"id":"second","text":"B"}],"listNodes":[{"id":"list-first","text":"A","rect":{"x":0,"y":230,"width":30,"height":10}},{"id":"list-second","text":"B","rect":{"x":30,"y":230,"width":30,"height":10}}],"profile":2,"packFontWidth":36,"usernameRect":{"x":12,"y":57,"width":196,"height":20},"passwordRect":{"x":12,"y":96,"width":196,"height":20},"submitRect":{"x":12,"y":124,"width":92,"height":20}}
[0710月2026 03:08:26.306] [NekoJS-Log-Flusher/INFO] [NekoJS/]: [client] [ticket48-auto] {"stage":"sample","ticks":26800,"elapsedMs":1342006,"statistics":{"initialBuild":1,"layout":12,"reconcile":3,"resize":1,"paint":46210,"diagnostics":21,"cleanup":0},"disposed":false,"username":"NekoTester","passwordLength":7,"error":"","submitting":true,"lastSubmitted":"NekoTester","renderFault":true,"recoveryCount":1,"listValues":[{"id":"first","text":"A"},{"id":"second","text":"B"}],"listNodes":[{"id":"list-first","text":"A","rect":{"x":0,"y":230,"width":30,"height":10}},{"id":"list-second","text":"B","rect":{"x":30,"y":230,"width":30,"height":10}}],"profile":2,"packFontWidth":36,"usernameRect":{"x":12,"y":57,"width":196,"height":20},"passwordRect":{"x":12,"y":96,"width":196,"height":20},"submitRect":{"x":12,"y":124,"width":92,"height":20}}
[0710月2026 03:08:31.307] [NekoJS-Log-Flusher/INFO] [NekoJS/]: [client] [ticket48-auto] {"stage":"sample","ticks":26900,"elapsedMs":1346997,"statistics":{"initialBuild":1,"layout":12,"reconcile":3,"resize":1,"paint":46508,"diagnostics":21,"cleanup":0},"disposed":false,"username":"NekoTester","passwordLength":7,"error":"","submitting":true,"lastSubmitted":"NekoTester","renderFault":true,"recoveryCount":1,"listValues":[{"id":"first","text":"A"},{"id":"second","text":"B"}],"listNodes":[{"id":"list-first","text":"A","rect":{"x":0,"y":230,"width":30,"height":10}},{"id":"list-second","text":"B","rect":{"x":30,"y":230,"width":30,"height":10}}],"profile":2,"packFontWidth":36,"usernameRect":{"x":12,"y":57,"width":196,"height":20},"passwordRect":{"x":12,"y":96,"width":196,"height":20},"submitRect":{"x":12,"y":124,"width":92,"height":20}}
[0710月2026 03:08:36.306] [NekoJS-Log-Flusher/INFO] [NekoJS/]: [client] [ticket48-auto] {"stage":"sample","ticks":27000,"elapsedMs":1352010,"statistics":{"initialBuild":1,"layout":12,"reconcile":3,"resize":1,"paint":46807,"diagnostics":21,"cleanup":0},"disposed":false,"username":"NekoTester","passwordLength":7,"error":"","submitting":true,"lastSubmitted":"NekoTester","renderFault":true,"recoveryCount":1,"listValues":[{"id":"first","text":"A"},{"id":"second","text":"B"}],"listNodes":[{"id":"list-first","text":"A","rect":{"x":0,"y":230,"width":30,"height":10}},{"id":"list-second","text":"B","rect":{"x":30,"y":230,"width":30,"height":10}}],"profile":2,"packFontWidth":36,"usernameRect":{"x":12,"y":57,"width":196,"height":20},"passwordRect":{"x":12,"y":96,"width":196,"height":20},"submitRect":{"x":12,"y":124,"width":92,"height":20}}
[0710月2026 03:08:41.306] [NekoJS-Log-Flusher/INFO] [NekoJS/]: [client] [ticket48-auto] {"stage":"sample","ticks":27100,"elapsedMs":1357006,"statistics":{"initialBuild":1,"layout":12,"reconcile":3,"resize":1,"paint":47105,"diagnostics":21,"cleanup":0},"disposed":false,"username":"NekoTester","passwordLength":7,"error":"","submitting":true,"lastSubmitted":"NekoTester","renderFault":true,"recoveryCount":1,"listValues":[{"id":"first","text":"A"},{"id":"second","text":"B"}],"listNodes":[{"id":"list-first","text":"A","rect":{"x":0,"y":230,"width":30,"height":10}},{"id":"list-second","text":"B","rect":{"x":30,"y":230,"width":30,"height":10}}],"profile":2,"packFontWidth":36,"usernameRect":{"x":12,"y":57,"width":196,"height":20},"passwordRect":{"x":12,"y":96,"width":196,"height":20},"submitRect":{"x":12,"y":124,"width":92,"height":20}}
[0710月2026 03:08:46.306] [NekoJS-Log-Flusher/INFO] [NekoJS/]: [client] [ticket48-auto] {"stage":"sample","ticks":27200,"elapsedMs":1361999,"statistics":{"initialBuild":1,"layout":12,"reconcile":3,"resize":1,"paint":47403,"diagnostics":21,"cleanup":0},"disposed":false,"username":"NekoTester","passwordLength":7,"error":"","submitting":true,"lastSubmitted":"NekoTester","renderFault":true,"recoveryCount":1,"listValues":[{"id":"first","text":"A"},{"id":"second","text":"B"}],"listNodes":[{"id":"list-first","text":"A","rect":{"x":0,"y":230,"width":30,"height":10}},{"id":"list-second","text":"B","rect":{"x":30,"y":230,"width":30,"height":10}}],"profile":2,"packFontWidth":36,"usernameRect":{"x":12,"y":57,"width":196,"height":20},"passwordRect":{"x":12,"y":96,"width":196,"height":20},"submitRect":{"x":12,"y":124,"width":92,"height":20}}
[0710月2026 03:08:51.306] [NekoJS-Log-Flusher/INFO] [NekoJS/]: [client] [ticket48-auto] {"stage":"sample","ticks":27300,"elapsedMs":1367008,"statistics":{"initialBuild":1,"layout":12,"reconcile":3,"resize":1,"paint":47702,"diagnostics":21,"cleanup":0},"disposed":false,"username":"NekoTester","passwordLength":7,"error":"","submitting":true,"lastSubmitted":"NekoTester","renderFault":true,"recoveryCount":1,"listValues":[{"id":"first","text":"A"},{"id":"second","text":"B"}],"listNodes":[{"id":"list-first","text":"A","rect":{"x":0,"y":230,"width":30,"height":10}},{"id":"list-second","text":"B","rect":{"x":30,"y":230,"width":30,"height":10}}],"profile":2,"packFontWidth":36,"usernameRect":{"x":12,"y":57,"width":196,"height":20},"passwordRect":{"x":12,"y":96,"width":196,"height":20},"submitRect":{"x":12,"y":124,"width":92,"height":20}}
[0710月2026 03:08:56.306] [NekoJS-Log-Flusher/INFO] [NekoJS/]: [client] [ticket48-auto] {"stage":"sample","ticks":27400,"elapsedMs":1371998,"statistics":{"initialBuild":1,"layout":12,"reconcile":3,"resize":1,"paint":48000,"diagnostics":21,"cleanup":0},"disposed":false,"username":"NekoTester","passwordLength":7,"error":"","submitting":true,"lastSubmitted":"NekoTester","renderFault":true,"recoveryCount":1,"listValues":[{"id":"first","text":"A"},{"id":"second","text":"B"}],"listNodes":[{"id":"list-first","text":"A","rect":{"x":0,"y":230,"width":30,"height":10}},{"id":"list-second","text":"B","rect":{"x":30,"y":230,"width":30,"height":10}}],"profile":2,"packFontWidth":36,"usernameRect":{"x":12,"y":57,"width":196,"height":20},"passwordRect":{"x":12,"y":96,"width":196,"height":20},"submitRect":{"x":12,"y":124,"width":92,"height":20}}
[0710月2026 03:09:01.306] [NekoJS-Log-Flusher/INFO] [NekoJS/]: [client] [ticket48-auto] {"stage":"sample","ticks":27500,"elapsedMs":1377023,"statistics":{"initialBuild":1,"layout":12,"reconcile":3,"resize":1,"paint":48193,"diagnostics":21,"cleanup":0},"disposed":false,"username":"NekoTester","passwordLength":7,"error":"","submitting":true,"lastSubmitted":"NekoTester","renderFault":true,"recoveryCount":1,"listValues":[{"id":"first","text":"A"},{"id":"second","text":"B"}],"listNodes":[{"id":"list-first","text":"A","rect":{"x":0,"y":230,"width":30,"height":10}},{"id":"list-second","text":"B","rect":{"x":30,"y":230,"width":30,"height":10}}],"profile":2,"packFontWidth":36,"usernameRect":{"x":12,"y":57,"width":196,"height":20},"passwordRect":{"x":12,"y":96,"width":196,"height":20},"submitRect":{"x":12,"y":124,"width":92,"height":20}}
[0710月2026 03:09:06.307] [NekoJS-Log-Flusher/INFO] [NekoJS/]: [client] [ticket48-auto] {"stage":"sample","ticks":27600,"elapsedMs":1382002,"statistics":{"initialBuild":1,"layout":12,"reconcile":3,"resize":1,"paint":48342,"diagnostics":21,"cleanup":0},"disposed":false,"username":"NekoTester","passwordLength":7,"error":"","submitting":true,"lastSubmitted":"NekoTester","renderFault":true,"recoveryCount":1,"listValues":[{"id":"first","text":"A"},{"id":"second","text":"B"}],"listNodes":[{"id":"list-first","text":"A","rect":{"x":0,"y":230,"width":30,"height":10}},{"id":"list-second","text":"B","rect":{"x":30,"y":230,"width":30,"height":10}}],"profile":2,"packFontWidth":36,"usernameRect":{"x":12,"y":57,"width":196,"height":20},"passwordRect":{"x":12,"y":96,"width":196,"height":20},"submitRect":{"x":12,"y":124,"width":92,"height":20}}
[0710月2026 03:09:11.306] [NekoJS-Log-Flusher/INFO] [NekoJS/]: [client] [ticket48-auto] {"stage":"sample","ticks":27700,"elapsedMs":1387014,"statistics":{"initialBuild":1,"layout":12,"reconcile":3,"resize":1,"paint":48492,"diagnostics":21,"cleanup":0},"disposed":false,"username":"NekoTester","passwordLength":7,"error":"","submitting":true,"lastSubmitted":"NekoTester","renderFault":true,"recoveryCount":1,"listValues":[{"id":"first","text":"A"},{"id":"second","text":"B"}],"listNodes":[{"id":"list-first","text":"A","rect":{"x":0,"y":230,"width":30,"height":10}},{"id":"list-second","text":"B","rect":{"x":30,"y":230,"width":30,"height":10}}],"profile":2,"packFontWidth":36,"usernameRect":{"x":12,"y":57,"width":196,"height":20},"passwordRect":{"x":12,"y":96,"width":196,"height":20},"submitRect":{"x":12,"y":124,"width":92,"height":20}}
[0710月2026 03:09:16.307] [NekoJS-Log-Flusher/INFO] [NekoJS/]: [client] [ticket48-auto] {"stage":"sample","ticks":27800,"elapsedMs":1392026,"statistics":{"initialBuild":1,"layout":12,"reconcile":3,"resize":1,"paint":48642,"diagnostics":21,"cleanup":0},"disposed":false,"username":"NekoTester","passwordLength":7,"error":"","submitting":true,"lastSubmitted":"NekoTester","renderFault":true,"recoveryCount":1,"listValues":[{"id":"first","text":"A"},{"id":"second","text":"B"}],"listNodes":[{"id":"list-first","text":"A","rect":{"x":0,"y":230,"width":30,"height":10}},{"id":"list-second","text":"B","rect":{"x":30,"y":230,"width":30,"height":10}}],"profile":2,"packFontWidth":36,"usernameRect":{"x":12,"y":57,"width":196,"height":20},"passwordRect":{"x":12,"y":96,"width":196,"height":20},"submitRect":{"x":12,"y":124,"width":92,"height":20}}
[0710月2026 03:09:21.306] [NekoJS-Log-Flusher/INFO] [NekoJS/]: [client] [ticket48-auto] {"stage":"sample","ticks":27900,"elapsedMs":1397003,"statistics":{"initialBuild":1,"layout":12,"reconcile":3,"resize":1,"paint":48791,"diagnostics":21,"cleanup":0},"disposed":false,"username":"NekoTester","passwordLength":7,"error":"","submitting":true,"lastSubmitted":"NekoTester","renderFault":true,"recoveryCount":1,"listValues":[{"id":"first","text":"A"},{"id":"second","text":"B"}],"listNodes":[{"id":"list-first","text":"A","rect":{"x":0,"y":230,"width":30,"height":10}},{"id":"list-second","text":"B","rect":{"x":30,"y":230,"width":30,"height":10}}],"profile":2,"packFontWidth":36,"usernameRect":{"x":12,"y":57,"width":196,"height":20},"passwordRect":{"x":12,"y":96,"width":196,"height":20},"submitRect":{"x":12,"y":124,"width":92,"height":20}}
[0710月2026 03:09:26.306] [NekoJS-Log-Flusher/INFO] [NekoJS/]: [client] [ticket48-auto] {"stage":"sample","ticks":28000,"elapsedMs":1402017,"statistics":{"initialBuild":1,"layout":12,"reconcile":3,"resize":1,"paint":48941,"diagnostics":21,"cleanup":0},"disposed":false,"username":"NekoTester","passwordLength":7,"error":"","submitting":true,"lastSubmitted":"NekoTester","renderFault":true,"recoveryCount":1,"listValues":[{"id":"first","text":"A"},{"id":"second","text":"B"}],"listNodes":[{"id":"list-first","text":"A","rect":{"x":0,"y":230,"width":30,"height":10}},{"id":"list-second","text":"B","rect":{"x":30,"y":230,"width":30,"height":10}}],"profile":2,"packFontWidth":36,"usernameRect":{"x":12,"y":57,"width":196,"height":20},"passwordRect":{"x":12,"y":96,"width":196,"height":20},"submitRect":{"x":12,"y":124,"width":92,"height":20}}
[0710月2026 03:09:31.307] [NekoJS-Log-Flusher/INFO] [NekoJS/]: [client] [ticket48-auto] {"stage":"sample","ticks":28100,"elapsedMs":1406999,"statistics":{"initialBuild":1,"layout":12,"reconcile":3,"resize":1,"paint":49090,"diagnostics":21,"cleanup":0},"disposed":false,"username":"NekoTester","passwordLength":7,"error":"","submitting":true,"lastSubmitted":"NekoTester","renderFault":true,"recoveryCount":1,"listValues":[{"id":"first","text":"A"},{"id":"second","text":"B"}],"listNodes":[{"id":"list-first","text":"A","rect":{"x":0,"y":230,"width":30,"height":10}},{"id":"list-second","text":"B","rect":{"x":30,"y":230,"width":30,"height":10}}],"profile":2,"packFontWidth":36,"usernameRect":{"x":12,"y":57,"width":196,"height":20},"passwordRect":{"x":12,"y":96,"width":196,"height":20},"submitRect":{"x":12,"y":124,"width":92,"height":20}}
[0710月2026 03:09:36.306] [NekoJS-Log-Flusher/INFO] [NekoJS/]: [client] [ticket48-auto] {"stage":"sample","ticks":28200,"elapsedMs":1412011,"statistics":{"initialBuild":1,"layout":12,"reconcile":3,"resize":1,"paint":49240,"diagnostics":21,"cleanup":0},"disposed":false,"username":"NekoTester","passwordLength":7,"error":"","submitting":true,"lastSubmitted":"NekoTester","renderFault":true,"recoveryCount":1,"listValues":[{"id":"first","text":"A"},{"id":"second","text":"B"}],"listNodes":[{"id":"list-first","text":"A","rect":{"x":0,"y":230,"width":30,"height":10}},{"id":"list-second","text":"B","rect":{"x":30,"y":230,"width":30,"height":10}}],"profile":2,"packFontWidth":36,"usernameRect":{"x":12,"y":57,"width":196,"height":20},"passwordRect":{"x":12,"y":96,"width":196,"height":20},"submitRect":{"x":12,"y":124,"width":92,"height":20}}
[0710月2026 03:09:41.306] [NekoJS-Log-Flusher/INFO] [NekoJS/]: [client] [ticket48-auto] {"stage":"sample","ticks":28300,"elapsedMs":1417024,"statistics":{"initialBuild":1,"layout":12,"reconcile":3,"resize":1,"paint":49390,"diagnostics":21,"cleanup":0},"disposed":false,"username":"NekoTester","passwordLength":7,"error":"","submitting":true,"lastSubmitted":"NekoTester","renderFault":true,"recoveryCount":1,"listValues":[{"id":"first","text":"A"},{"id":"second","text":"B"}],"listNodes":[{"id":"list-first","text":"A","rect":{"x":0,"y":230,"width":30,"height":10}},{"id":"list-second","text":"B","rect":{"x":30,"y":230,"width":30,"height":10}}],"profile":2,"packFontWidth":36,"usernameRect":{"x":12,"y":57,"width":196,"height":20},"passwordRect":{"x":12,"y":96,"width":196,"height":20},"submitRect":{"x":12,"y":124,"width":92,"height":20}}
[0710月2026 03:09:46.306] [NekoJS-Log-Flusher/INFO] [NekoJS/]: [client] [ticket48-auto] {"stage":"sample","ticks":28400,"elapsedMs":1422004,"statistics":{"initialBuild":1,"layout":12,"reconcile":3,"resize":1,"paint":49539,"diagnostics":21,"cleanup":0},"disposed":false,"username":"NekoTester","passwordLength":7,"error":"","submitting":true,"lastSubmitted":"NekoTester","renderFault":true,"recoveryCount":1,"listValues":[{"id":"first","text":"A"},{"id":"second","text":"B"}],"listNodes":[{"id":"list-first","text":"A","rect":{"x":0,"y":230,"width":30,"height":10}},{"id":"list-second","text":"B","rect":{"x":30,"y":230,"width":30,"height":10}}],"profile":2,"packFontWidth":36,"usernameRect":{"x":12,"y":57,"width":196,"height":20},"passwordRect":{"x":12,"y":96,"width":196,"height":20},"submitRect":{"x":12,"y":124,"width":92,"height":20}}
[0710月2026 03:09:51.306] [NekoJS-Log-Flusher/INFO] [NekoJS/]: [client] [ticket48-auto] {"stage":"sample","ticks":28500,"elapsedMs":1427017,"statistics":{"initialBuild":1,"layout":12,"reconcile":3,"resize":1,"paint":49689,"diagnostics":21,"cleanup":0},"disposed":false,"username":"NekoTester","passwordLength":7,"error":"","submitting":true,"lastSubmitted":"NekoTester","renderFault":true,"recoveryCount":1,"listValues":[{"id":"first","text":"A"},{"id":"second","text":"B"}],"listNodes":[{"id":"list-first","text":"A","rect":{"x":0,"y":230,"width":30,"height":10}},{"id":"list-second","text":"B","rect":{"x":30,"y":230,"width":30,"height":10}}],"profile":2,"packFontWidth":36,"usernameRect":{"x":12,"y":57,"width":196,"height":20},"passwordRect":{"x":12,"y":96,"width":196,"height":20},"submitRect":{"x":12,"y":124,"width":92,"height":20}}
[0710月2026 03:09:56.307] [NekoJS-Log-Flusher/INFO] [NekoJS/]: [client] [ticket48-auto] {"stage":"sample","ticks":28600,"elapsedMs":1432000,"statistics":{"initialBuild":1,"layout":12,"reconcile":3,"resize":1,"paint":49838,"diagnostics":21,"cleanup":0},"disposed":false,"username":"NekoTester","passwordLength":7,"error":"","submitting":true,"lastSubmitted":"NekoTester","renderFault":true,"recoveryCount":1,"listValues":[{"id":"first","text":"A"},{"id":"second","text":"B"}],"listNodes":[{"id":"list-first","text":"A","rect":{"x":0,"y":230,"width":30,"height":10}},{"id":"list-second","text":"B","rect":{"x":30,"y":230,"width":30,"height":10}}],"profile":2,"packFontWidth":36,"usernameRect":{"x":12,"y":57,"width":196,"height":20},"passwordRect":{"x":12,"y":96,"width":196,"height":20},"submitRect":{"x":12,"y":124,"width":92,"height":20}}
[0710月2026 03:10:01.306] [NekoJS-Log-Flusher/INFO] [NekoJS/]: [client] [ticket48-auto] {"stage":"sample","ticks":28700,"elapsedMs":1437011,"statistics":{"initialBuild":1,"layout":12,"reconcile":3,"resize":1,"paint":49988,"diagnostics":21,"cleanup":0},"disposed":false,"username":"NekoTester","passwordLength":7,"error":"","submitting":true,"lastSubmitted":"NekoTester","renderFault":true,"recoveryCount":1,"listValues":[{"id":"first","text":"A"},{"id":"second","text":"B"}],"listNodes":[{"id":"list-first","text":"A","rect":{"x":0,"y":230,"width":30,"height":10}},{"id":"list-second","text":"B","rect":{"x":30,"y":230,"width":30,"height":10}}],"profile":2,"packFontWidth":36,"usernameRect":{"x":12,"y":57,"width":196,"height":20},"passwordRect":{"x":12,"y":96,"width":196,"height":20},"submitRect":{"x":12,"y":124,"width":92,"height":20}}
[0710月2026 03:10:06.307] [NekoJS-Log-Flusher/INFO] [NekoJS/]: [client] [ticket48-auto] {"stage":"sample","ticks":28800,"elapsedMs":1442025,"statistics":{"initialBuild":1,"layout":12,"reconcile":3,"resize":1,"paint":50138,"diagnostics":21,"cleanup":0},"disposed":false,"username":"NekoTester","passwordLength":7,"error":"","submitting":true,"lastSubmitted":"NekoTester","renderFault":true,"recoveryCount":1,"listValues":[{"id":"first","text":"A"},{"id":"second","text":"B"}],"listNodes":[{"id":"list-first","text":"A","rect":{"x":0,"y":230,"width":30,"height":10}},{"id":"list-second","text":"B","rect":{"x":30,"y":230,"width":30,"height":10}}],"profile":2,"packFontWidth":36,"usernameRect":{"x":12,"y":57,"width":196,"height":20},"passwordRect":{"x":12,"y":96,"width":196,"height":20},"submitRect":{"x":12,"y":124,"width":92,"height":20}}
[0710月2026 03:10:11.307] [NekoJS-Log-Flusher/INFO] [NekoJS/]: [client] [ticket48-auto] {"stage":"sample","ticks":28900,"elapsedMs":1447006,"statistics":{"initialBuild":1,"layout":12,"reconcile":3,"resize":1,"paint":50287,"diagnostics":21,"cleanup":0},"disposed":false,"username":"NekoTester","passwordLength":7,"error":"","submitting":true,"lastSubmitted":"NekoTester","renderFault":true,"recoveryCount":1,"listValues":[{"id":"first","text":"A"},{"id":"second","text":"B"}],"listNodes":[{"id":"list-first","text":"A","rect":{"x":0,"y":230,"width":30,"height":10}},{"id":"list-second","text":"B","rect":{"x":30,"y":230,"width":30,"height":10}}],"profile":2,"packFontWidth":36,"usernameRect":{"x":12,"y":57,"width":196,"height":20},"passwordRect":{"x":12,"y":96,"width":196,"height":20},"submitRect":{"x":12,"y":124,"width":92,"height":20}}
[0710月2026 03:10:16.306] [NekoJS-Log-Flusher/INFO] [NekoJS/]: [client] [ticket48-auto] {"stage":"sample","ticks":29000,"elapsedMs":1452018,"statistics":{"initialBuild":1,"layout":12,"reconcile":3,"resize":1,"paint":50437,"diagnostics":21,"cleanup":0},"disposed":false,"username":"NekoTester","passwordLength":7,"error":"","submitting":true,"lastSubmitted":"NekoTester","renderFault":true,"recoveryCount":1,"listValues":[{"id":"first","text":"A"},{"id":"second","text":"B"}],"listNodes":[{"id":"list-first","text":"A","rect":{"x":0,"y":230,"width":30,"height":10}},{"id":"list-second","text":"B","rect":{"x":30,"y":230,"width":30,"height":10}}],"profile":2,"packFontWidth":36,"usernameRect":{"x":12,"y":57,"width":196,"height":20},"passwordRect":{"x":12,"y":96,"width":196,"height":20},"submitRect":{"x":12,"y":124,"width":92,"height":20}}
[0710月2026 03:10:21.307] [NekoJS-Log-Flusher/INFO] [NekoJS/]: [client] [ticket48-auto] {"stage":"sample","ticks":29100,"elapsedMs":1457000,"statistics":{"initialBuild":1,"layout":12,"reconcile":3,"resize":1,"paint":50586,"diagnostics":21,"cleanup":0},"disposed":false,"username":"NekoTester","passwordLength":7,"error":"","submitting":true,"lastSubmitted":"NekoTester","renderFault":true,"recoveryCount":1,"listValues":[{"id":"first","text":"A"},{"id":"second","text":"B"}],"listNodes":[{"id":"list-first","text":"A","rect":{"x":0,"y":230,"width":30,"height":10}},{"id":"list-second","text":"B","rect":{"x":30,"y":230,"width":30,"height":10}}],"profile":2,"packFontWidth":36,"usernameRect":{"x":12,"y":57,"width":196,"height":20},"passwordRect":{"x":12,"y":96,"width":196,"height":20},"submitRect":{"x":12,"y":124,"width":92,"height":20}}
[0710月2026 03:10:26.306] [NekoJS-Log-Flusher/INFO] [NekoJS/]: [client] [ticket48-auto] {"stage":"sample","ticks":29200,"elapsedMs":1462009,"statistics":{"initialBuild":1,"layout":12,"reconcile":3,"resize":1,"paint":50736,"diagnostics":21,"cleanup":0},"disposed":false,"username":"NekoTester","passwordLength":7,"error":"","submitting":true,"lastSubmitted":"NekoTester","renderFault":true,"recoveryCount":1,"listValues":[{"id":"first","text":"A"},{"id":"second","text":"B"}],"listNodes":[{"id":"list-first","text":"A","rect":{"x":0,"y":230,"width":30,"height":10}},{"id":"list-second","text":"B","rect":{"x":30,"y":230,"width":30,"height":10}}],"profile":2,"packFontWidth":36,"usernameRect":{"x":12,"y":57,"width":196,"height":20},"passwordRect":{"x":12,"y":96,"width":196,"height":20},"submitRect":{"x":12,"y":124,"width":92,"height":20}}
[0710月2026 03:10:31.307] [NekoJS-Log-Flusher/INFO] [NekoJS/]: [client] [ticket48-auto] {"stage":"sample","ticks":29300,"elapsedMs":1467022,"statistics":{"initialBuild":1,"layout":12,"reconcile":3,"resize":1,"paint":50886,"diagnostics":21,"cleanup":0},"disposed":false,"username":"NekoTester","passwordLength":7,"error":"","submitting":true,"lastSubmitted":"NekoTester","renderFault":true,"recoveryCount":1,"listValues":[{"id":"first","text":"A"},{"id":"second","text":"B"}],"listNodes":[{"id":"list-first","text":"A","rect":{"x":0,"y":230,"width":30,"height":10}},{"id":"list-second","text":"B","rect":{"x":30,"y":230,"width":30,"height":10}}],"profile":2,"packFontWidth":36,"usernameRect":{"x":12,"y":57,"width":196,"height":20},"passwordRect":{"x":12,"y":96,"width":196,"height":20},"submitRect":{"x":12,"y":124,"width":92,"height":20}}
[0710月2026 03:10:36.307] [NekoJS-Log-Flusher/INFO] [NekoJS/]: [client] [ticket48-auto] {"stage":"sample","ticks":29400,"elapsedMs":1472005,"statistics":{"initialBuild":1,"layout":12,"reconcile":3,"resize":1,"paint":51035,"diagnostics":21,"cleanup":0},"disposed":false,"username":"NekoTester","passwordLength":7,"error":"","submitting":true,"lastSubmitted":"NekoTester","renderFault":true,"recoveryCount":1,"listValues":[{"id":"first","text":"A"},{"id":"second","text":"B"}],"listNodes":[{"id":"list-first","text":"A","rect":{"x":0,"y":230,"width":30,"height":10}},{"id":"list-second","text":"B","rect":{"x":30,"y":230,"width":30,"height":10}}],"profile":2,"packFontWidth":36,"usernameRect":{"x":12,"y":57,"width":196,"height":20},"passwordRect":{"x":12,"y":96,"width":196,"height":20},"submitRect":{"x":12,"y":124,"width":92,"height":20}}
[0710月2026 03:10:41.306] [NekoJS-Log-Flusher/INFO] [NekoJS/]: [client] [ticket48-auto] {"stage":"sample","ticks":29500,"elapsedMs":1477016,"statistics":{"initialBuild":1,"layout":12,"reconcile":3,"resize":1,"paint":51185,"diagnostics":21,"cleanup":0},"disposed":false,"username":"NekoTester","passwordLength":7,"error":"","submitting":true,"lastSubmitted":"NekoTester","renderFault":true,"recoveryCount":1,"listValues":[{"id":"first","text":"A"},{"id":"second","text":"B"}],"listNodes":[{"id":"list-first","text":"A","rect":{"x":0,"y":230,"width":30,"height":10}},{"id":"list-second","text":"B","rect":{"x":30,"y":230,"width":30,"height":10}}],"profile":2,"packFontWidth":36,"usernameRect":{"x":12,"y":57,"width":196,"height":20},"passwordRect":{"x":12,"y":96,"width":196,"height":20},"submitRect":{"x":12,"y":124,"width":92,"height":20}}
[0710月2026 03:10:46.306] [NekoJS-Log-Flusher/INFO] [NekoJS/]: [client] [ticket48-auto] {"stage":"sample","ticks":29600,"elapsedMs":1482021,"statistics":{"initialBuild":1,"layout":12,"reconcile":3,"resize":1,"paint":51329,"diagnostics":21,"cleanup":0},"disposed":false,"username":"NekoTester","passwordLength":7,"error":"","submitting":true,"lastSubmitted":"NekoTester","renderFault":true,"recoveryCount":1,"listValues":[{"id":"first","text":"A"},{"id":"second","text":"B"}],"listNodes":[{"id":"list-first","text":"A","rect":{"x":0,"y":230,"width":30,"height":10}},{"id":"list-second","text":"B","rect":{"x":30,"y":230,"width":30,"height":10}}],"profile":2,"packFontWidth":36,"usernameRect":{"x":12,"y":57,"width":196,"height":20},"passwordRect":{"x":12,"y":96,"width":196,"height":20},"submitRect":{"x":12,"y":124,"width":92,"height":20}}
[0710月2026 03:10:51.307] [NekoJS-Log-Flusher/INFO] [NekoJS/]: [client] [ticket48-auto] {"stage":"sample","ticks":29700,"elapsedMs":1487001,"statistics":{"initialBuild":1,"layout":12,"reconcile":3,"resize":1,"paint":51478,"diagnostics":21,"cleanup":0},"disposed":false,"username":"NekoTester","passwordLength":7,"error":"","submitting":true,"lastSubmitted":"NekoTester","renderFault":true,"recoveryCount":1,"listValues":[{"id":"first","text":"A"},{"id":"second","text":"B"}],"listNodes":[{"id":"list-first","text":"A","rect":{"x":0,"y":230,"width":30,"height":10}},{"id":"list-second","text":"B","rect":{"x":30,"y":230,"width":30,"height":10}}],"profile":2,"packFontWidth":36,"usernameRect":{"x":12,"y":57,"width":196,"height":20},"passwordRect":{"x":12,"y":96,"width":196,"height":20},"submitRect":{"x":12,"y":124,"width":92,"height":20}}
[0710月2026 03:10:56.307] [NekoJS-Log-Flusher/INFO] [NekoJS/]: [client] [ticket48-auto] {"stage":"sample","ticks":29800,"elapsedMs":1492015,"statistics":{"initialBuild":1,"layout":12,"reconcile":3,"resize":1,"paint":51628,"diagnostics":21,"cleanup":0},"disposed":false,"username":"NekoTester","passwordLength":7,"error":"","submitting":true,"lastSubmitted":"NekoTester","renderFault":true,"recoveryCount":1,"listValues":[{"id":"first","text":"A"},{"id":"second","text":"B"}],"listNodes":[{"id":"list-first","text":"A","rect":{"x":0,"y":230,"width":30,"height":10}},{"id":"list-second","text":"B","rect":{"x":30,"y":230,"width":30,"height":10}}],"profile":2,"packFontWidth":36,"usernameRect":{"x":12,"y":57,"width":196,"height":20},"passwordRect":{"x":12,"y":96,"width":196,"height":20},"submitRect":{"x":12,"y":124,"width":92,"height":20}}
[0710月2026 03:11:01.307] [NekoJS-Log-Flusher/INFO] [NekoJS/]: [client] [ticket48-auto] {"stage":"sample","ticks":29900,"elapsedMs":1497029,"statistics":{"initialBuild":1,"layout":12,"reconcile":3,"resize":1,"paint":51778,"diagnostics":21,"cleanup":0},"disposed":false,"username":"NekoTester","passwordLength":7,"error":"","submitting":true,"lastSubmitted":"NekoTester","renderFault":true,"recoveryCount":1,"listValues":[{"id":"first","text":"A"},{"id":"second","text":"B"}],"listNodes":[{"id":"list-first","text":"A","rect":{"x":0,"y":230,"width":30,"height":10}},{"id":"list-second","text":"B","rect":{"x":30,"y":230,"width":30,"height":10}}],"profile":2,"packFontWidth":36,"usernameRect":{"x":12,"y":57,"width":196,"height":20},"passwordRect":{"x":12,"y":96,"width":196,"height":20},"submitRect":{"x":12,"y":124,"width":92,"height":20}}
[0710月2026 03:11:03.306] [NekoJS-Log-Flusher/INFO] [NekoJS/]: [client] [ticket48-auto] {"stage":"list-phase-2","ticks":29947,"elapsedMs":1499401,"statistics":{"initialBuild":1,"layout":15,"reconcile":6,"resize":1,"paint":51847,"diagnostics":21,"cleanup":0},"disposed":false,"username":"NekoTester","passwordLength":7,"error":"","submitting":true,"lastSubmitted":"NekoTester","renderFault":false,"recoveryCount":2,"listValues":[{"id":"first","text":"AX"},{"id":"second","text":"B"}],"listNodes":[{"id":"list-first","text":"AX","rect":{"x":0,"y":230,"width":30,"height":10}},{"id":"list-second","text":"B","rect":{"x":30,"y":230,"width":30,"height":10}}],"profile":2,"packFontWidth":36,"usernameRect":{"x":12,"y":57,"width":196,"height":20},"passwordRect":{"x":12,"y":96,"width":196,"height":20},"submitRect":{"x":12,"y":124,"width":92,"height":20}}
[0710月2026 03:11:06.308] [NekoJS-Log-Flusher/INFO] [NekoJS/]: [client] [ticket48-auto] {"stage":"sample","ticks":30000,"elapsedMs":1502002,"statistics":{"initialBuild":1,"layout":15,"reconcile":6,"resize":1,"paint":52003,"diagnostics":21,"cleanup":0},"disposed":false,"username":"NekoTester","passwordLength":7,"error":"","submitting":true,"lastSubmitted":"NekoTester","renderFault":false,"recoveryCount":2,"listValues":[{"id":"first","text":"AX"},{"id":"second","text":"B"}],"listNodes":[{"id":"list-first","text":"AX","rect":{"x":0,"y":230,"width":30,"height":10}},{"id":"list-second","text":"B","rect":{"x":30,"y":230,"width":30,"height":10}}],"profile":2,"packFontWidth":36,"usernameRect":{"x":12,"y":57,"width":196,"height":20},"passwordRect":{"x":12,"y":96,"width":196,"height":20},"submitRect":{"x":12,"y":124,"width":92,"height":20}}
[0710月2026 03:11:11.306] [NekoJS-Log-Flusher/INFO] [NekoJS/]: [client] [ticket48-auto] {"stage":"sample","ticks":30100,"elapsedMs":1507000,"statistics":{"initialBuild":1,"layout":15,"reconcile":6,"resize":1,"paint":52301,"diagnostics":21,"cleanup":0},"disposed":false,"username":"NekoTester","passwordLength":7,"error":"","submitting":true,"lastSubmitted":"NekoTester","renderFault":false,"recoveryCount":2,"listValues":[{"id":"first","text":"AX"},{"id":"second","text":"B"}],"listNodes":[{"id":"list-first","text":"AX","rect":{"x":0,"y":230,"width":30,"height":10}},{"id":"list-second","text":"B","rect":{"x":30,"y":230,"width":30,"height":10}}],"profile":2,"packFontWidth":36,"usernameRect":{"x":12,"y":57,"width":196,"height":20},"passwordRect":{"x":12,"y":96,"width":196,"height":20},"submitRect":{"x":12,"y":124,"width":92,"height":20}}
[0710月2026 03:11:16.307] [NekoJS-Log-Flusher/INFO] [NekoJS/]: [client] [ticket48-auto] {"stage":"sample","ticks":30200,"elapsedMs":1512008,"statistics":{"initialBuild":1,"layout":15,"reconcile":6,"resize":1,"paint":52600,"diagnostics":21,"cleanup":0},"disposed":false,"username":"NekoTester","passwordLength":7,"error":"","submitting":true,"lastSubmitted":"NekoTester","renderFault":false,"recoveryCount":2,"listValues":[{"id":"first","text":"AX"},{"id":"second","text":"B"}],"listNodes":[{"id":"list-first","text":"AX","rect":{"x":0,"y":230,"width":30,"height":10}},{"id":"list-second","text":"B","rect":{"x":30,"y":230,"width":30,"height":10}}],"profile":2,"packFontWidth":36,"usernameRect":{"x":12,"y":57,"width":196,"height":20},"passwordRect":{"x":12,"y":96,"width":196,"height":20},"submitRect":{"x":12,"y":124,"width":92,"height":20}}
[0710月2026 03:11:21.307] [NekoJS-Log-Flusher/INFO] [NekoJS/]: [client] [ticket48-auto] {"stage":"sample","ticks":30300,"elapsedMs":1517004,"statistics":{"initialBuild":1,"layout":15,"reconcile":6,"resize":1,"paint":52898,"diagnostics":21,"cleanup":0},"disposed":false,"username":"NekoTester","passwordLength":7,"error":"","submitting":true,"lastSubmitted":"NekoTester","renderFault":false,"recoveryCount":2,"listValues":[{"id":"first","text":"AX"},{"id":"second","text":"B"}],"listNodes":[{"id":"list-first","text":"AX","rect":{"x":0,"y":230,"width":30,"height":10}},{"id":"list-second","text":"B","rect":{"x":30,"y":230,"width":30,"height":10}}],"profile":2,"packFontWidth":36,"usernameRect":{"x":12,"y":57,"width":196,"height":20},"passwordRect":{"x":12,"y":96,"width":196,"height":20},"submitRect":{"x":12,"y":124,"width":92,"height":20}}
[0710月2026 03:11:26.307] [NekoJS-Log-Flusher/INFO] [NekoJS/]: [client] [ticket48-auto] {"stage":"sample","ticks":30400,"elapsedMs":1522010,"statistics":{"initialBuild":1,"layout":15,"reconcile":6,"resize":1,"paint":53197,"diagnostics":21,"cleanup":0},"disposed":false,"username":"NekoTester","passwordLength":7,"error":"","submitting":true,"lastSubmitted":"NekoTester","renderFault":false,"recoveryCount":2,"listValues":[{"id":"first","text":"AX"},{"id":"second","text":"B"}],"listNodes":[{"id":"list-first","text":"AX","rect":{"x":0,"y":230,"width":30,"height":10}},{"id":"list-second","text":"B","rect":{"x":30,"y":230,"width":30,"height":10}}],"profile":2,"packFontWidth":36,"usernameRect":{"x":12,"y":57,"width":196,"height":20},"passwordRect":{"x":12,"y":96,"width":196,"height":20},"submitRect":{"x":12,"y":124,"width":92,"height":20}}
[0710月2026 03:11:31.307] [NekoJS-Log-Flusher/INFO] [NekoJS/]: [client] [ticket48-auto] {"stage":"sample","ticks":30500,"elapsedMs":1527000,"statistics":{"initialBuild":1,"layout":15,"reconcile":6,"resize":1,"paint":53495,"diagnostics":21,"cleanup":0},"disposed":false,"username":"NekoTester","passwordLength":7,"error":"","submitting":true,"lastSubmitted":"NekoTester","renderFault":false,"recoveryCount":2,"listValues":[{"id":"first","text":"AX"},{"id":"second","text":"B"}],"listNodes":[{"id":"list-first","text":"AX","rect":{"x":0,"y":230,"width":30,"height":10}},{"id":"list-second","text":"B","rect":{"x":30,"y":230,"width":30,"height":10}}],"profile":2,"packFontWidth":36,"usernameRect":{"x":12,"y":57,"width":196,"height":20},"passwordRect":{"x":12,"y":96,"width":196,"height":20},"submitRect":{"x":12,"y":124,"width":92,"height":20}}
[0710月2026 03:11:36.307] [NekoJS-Log-Flusher/INFO] [NekoJS/]: [client] [ticket48-auto] {"stage":"sample","ticks":30600,"elapsedMs":1532004,"statistics":{"initialBuild":1,"layout":15,"reconcile":6,"resize":1,"paint":53794,"diagnostics":21,"cleanup":0},"disposed":false,"username":"NekoTester","passwordLength":7,"error":"","submitting":true,"lastSubmitted":"NekoTester","renderFault":false,"recoveryCount":2,"listValues":[{"id":"first","text":"AX"},{"id":"second","text":"B"}],"listNodes":[{"id":"list-first","text":"AX","rect":{"x":0,"y":230,"width":30,"height":10}},{"id":"list-second","text":"B","rect":{"x":30,"y":230,"width":30,"height":10}}],"profile":2,"packFontWidth":36,"usernameRect":{"x":12,"y":57,"width":196,"height":20},"passwordRect":{"x":12,"y":96,"width":196,"height":20},"submitRect":{"x":12,"y":124,"width":92,"height":20}}
[0710月2026 03:11:41.307] [NekoJS-Log-Flusher/INFO] [NekoJS/]: [client] [ticket48-auto] {"stage":"sample","ticks":30700,"elapsedMs":1537012,"statistics":{"initialBuild":1,"layout":15,"reconcile":6,"resize":1,"paint":54093,"diagnostics":21,"cleanup":0},"disposed":false,"username":"NekoTester","passwordLength":7,"error":"","submitting":true,"lastSubmitted":"NekoTester","renderFault":false,"recoveryCount":2,"listValues":[{"id":"first","text":"AX"},{"id":"second","text":"B"}],"listNodes":[{"id":"list-first","text":"AX","rect":{"x":0,"y":230,"width":30,"height":10}},{"id":"list-second","text":"B","rect":{"x":30,"y":230,"width":30,"height":10}}],"profile":2,"packFontWidth":36,"usernameRect":{"x":12,"y":57,"width":196,"height":20},"passwordRect":{"x":12,"y":96,"width":196,"height":20},"submitRect":{"x":12,"y":124,"width":92,"height":20}}
[0710月2026 03:11:46.307] [NekoJS-Log-Flusher/INFO] [NekoJS/]: [client] [ticket48-auto] {"stage":"sample","ticks":30800,"elapsedMs":1542011,"statistics":{"initialBuild":1,"layout":15,"reconcile":6,"resize":1,"paint":54391,"diagnostics":21,"cleanup":0},"disposed":false,"username":"NekoTester","passwordLength":7,"error":"","submitting":true,"lastSubmitted":"NekoTester","renderFault":false,"recoveryCount":2,"listValues":[{"id":"first","text":"AX"},{"id":"second","text":"B"}],"listNodes":[{"id":"list-first","text":"AX","rect":{"x":0,"y":230,"width":30,"height":10}},{"id":"list-second","text":"B","rect":{"x":30,"y":230,"width":30,"height":10}}],"profile":2,"packFontWidth":36,"usernameRect":{"x":12,"y":57,"width":196,"height":20},"passwordRect":{"x":12,"y":96,"width":196,"height":20},"submitRect":{"x":12,"y":124,"width":92,"height":20}}
[0710月2026 03:11:51.307] [NekoJS-Log-Flusher/INFO] [NekoJS/]: [client] [ticket48-auto] {"stage":"sample","ticks":30900,"elapsedMs":1547013,"statistics":{"initialBuild":1,"layout":15,"reconcile":6,"resize":1,"paint":54689,"diagnostics":21,"cleanup":0},"disposed":false,"username":"NekoTester","passwordLength":7,"error":"","submitting":true,"lastSubmitted":"NekoTester","renderFault":false,"recoveryCount":2,"listValues":[{"id":"first","text":"AX"},{"id":"second","text":"B"}],"listNodes":[{"id":"list-first","text":"AX","rect":{"x":0,"y":230,"width":30,"height":10}},{"id":"list-second","text":"B","rect":{"x":30,"y":230,"width":30,"height":10}}],"profile":2,"packFontWidth":36,"usernameRect":{"x":12,"y":57,"width":196,"height":20},"passwordRect":{"x":12,"y":96,"width":196,"height":20},"submitRect":{"x":12,"y":124,"width":92,"height":20}}
[0710月2026 03:11:56.307] [NekoJS-Log-Flusher/INFO] [NekoJS/]: [client] [ticket48-auto] {"stage":"sample","ticks":31000,"elapsedMs":1552009,"statistics":{"initialBuild":1,"layout":15,"reconcile":6,"resize":1,"paint":54987,"diagnostics":21,"cleanup":0},"disposed":false,"username":"NekoTester","passwordLength":7,"error":"","submitting":true,"lastSubmitted":"NekoTester","renderFault":false,"recoveryCount":2,"listValues":[{"id":"first","text":"AX"},{"id":"second","text":"B"}],"listNodes":[{"id":"list-first","text":"AX","rect":{"x":0,"y":230,"width":30,"height":10}},{"id":"list-second","text":"B","rect":{"x":30,"y":230,"width":30,"height":10}}],"profile":2,"packFontWidth":36,"usernameRect":{"x":12,"y":57,"width":196,"height":20},"passwordRect":{"x":12,"y":96,"width":196,"height":20},"submitRect":{"x":12,"y":124,"width":92,"height":20}}
[0710月2026 03:11:56.849] [Render thread/INFO] [net.minecraft.client.gui.components.ChatComponent/]: [System] [CHAT] [Debug]: Reloaded resource packs
[0710月2026 03:11:56.862] [Render thread/WARN] [net.neoforged.neoforge.resource.ResourcePackLoader/]: Error reading optional pack metadata for mod/mcpmod, attempting fallback type
com.google.gson.JsonParseException: Pack declares support for version newer than 64, but is missing mandatory fields min_format and max_format
	at com.mojang.serialization.DataResult$Error.getOrThrow(DataResult.java:287) ~[datafixerupper-10.0.21.jar:?]
	at TRANSFORMER/minecraft@26.2/net.minecraft.server.packs.resources.ResourceMetadata$2.getSection(ResourceMetadata.java:38) ~[minecraft-client-patched-26.2.0.75.jar:?]
	at TRANSFORMER/minecraft@26.2/net.minecraft.server.packs.AbstractPackResources.getMetadataSection(AbstractPackResources.java:24) ~[minecraft-client-patched-26.2.0.75.jar:?]
	at TRANSFORMER/neoforge@26.2.0.75/net.neoforged.neoforge.resource.ResourcePackLoader.readMeta(ResourcePackLoader.java:202) ~[neoforge-26.2.0.75-universal.jar:?]
	at TRANSFORMER/neoforge@26.2.0.75/net.neoforged.neoforge.resource.ResourcePackLoader.readWithOptionalMeta(ResourcePackLoader.java:193) ~[neoforge-26.2.0.75-universal.jar:?]
	at TRANSFORMER/neoforge@26.2.0.75/net.neoforged.neoforge.resource.ResourcePackLoader.packFinder(ResourcePackLoader.java:134) ~[neoforge-26.2.0.75-universal.jar:?]
	at TRANSFORMER/neoforge@26.2.0.75/net.neoforged.neoforge.resource.ResourcePackLoader.lambda$buildPackFinder$0(ResourcePackLoader.java:97) ~[neoforge-26.2.0.75-universal.jar:?]
	at TRANSFORMER/minecraft@26.2/net.minecraft.server.packs.repository.PackRepository.discoverAvailable(PackRepository.java:45) ~[minecraft-client-patched-26.2.0.75.jar:?]
	at TRANSFORMER/minecraft@26.2/net.minecraft.server.packs.repository.PackRepository.reload(PackRepository.java:35) ~[minecraft-client-patched-26.2.0.75.jar:?]
	at TRANSFORMER/minecraft@26.2/net.minecraft.client.Minecraft.reloadResourcePacks(Minecraft.java:1046) [minecraft-client-patched-26.2.0.75.jar:?]
	at TRANSFORMER/minecraft@26.2/net.minecraft.client.Minecraft.reloadResourcePacks(Minecraft.java:1032) [minecraft-client-patched-26.2.0.75.jar:?]
	at TRANSFORMER/minecraft@26.2/net.minecraft.client.KeyboardHandler.handleDebugKeys(KeyboardHandler.java:282) [minecraft-client-patched-26.2.0.75.jar:?]
	at TRANSFORMER/minecraft@26.2/net.minecraft.client.KeyboardHandler.keyPress(KeyboardHandler.java:541) [minecraft-client-patched-26.2.0.75.jar:?]
	at TRANSFORMER/minecraft@26.2/net.minecraft.client.KeyboardHandler.lambda$setup$1(KeyboardHandler.java:630) [minecraft-client-patched-26.2.0.75.jar:?]
	at TRANSFORMER/minecraft@26.2/net.minecraft.util.thread.BlockableEventLoop.doRunTask(BlockableEventLoop.java:165) [minecraft-client-patched-26.2.0.75.jar:?]
	at TRANSFORMER/minecraft@26.2/net.minecraft.util.thread.ReentrantBlockableEventLoop.doRunTask(ReentrantBlockableEventLoop.java:24) [minecraft-client-patched-26.2.0.75.jar:?]
	at TRANSFORMER/minecraft@26.2/net.minecraft.util.thread.BlockableEventLoop.execute(BlockableEventLoop.java:108) [minecraft-client-patched-26.2.0.75.jar:?]
	at TRANSFORMER/minecraft@26.2/net.minecraft.client.KeyboardHandler.lambda$setup$0(KeyboardHandler.java:630) [minecraft-client-patched-26.2.0.75.jar:?]
	at org.lwjgl.glfw.GLFWKeyCallbackI.callback(GLFWKeyCallbackI.java:34) [lwjgl-glfw-3.4.1.jar:build 2]
	at org.lwjgl.system.JNI.invokeV(Native Method) [lwjgl-3.4.1-unsafe.jar:build 2]
	at org.lwjgl.glfw.GLFW.glfwPollEvents(GLFW.java:1600) [lwjgl-glfw-3.4.1.jar:build 2]
	at TRANSFORMER/minecraft@26.2/com.mojang.blaze3d.systems.RenderSystem.pollEvents(RenderSystem.java:105) [minecraft-client-patched-26.2.0.75.jar:?]
	at TRANSFORMER/minecraft@26.2/net.minecraft.client.Minecraft.run(Minecraft.java:927) [minecraft-client-patched-26.2.0.75.jar:?]
	at TRANSFORMER/minecraft@26.2/net.minecraft.client.main.Main.main(Main.java:294) [minecraft-client-patched-26.2.0.75.jar:?]
	at net.neoforged.fml.startup.Client.main(Client.java:19) [loader-11.0.16.jar:11.0]
[0710月2026 03:11:56.870] [Render thread/INFO] [net.minecraft.server.packs.resources.ReloadableResourceManager/]: Reloading ResourceManager: vanilla, mod_resources, mod/nekojs, mod/graalmc, mod/neoforge, mod/mcpmod, nekojs
[0710月2026 03:11:56.902] [Worker-Main-76/INFO] [net.minecraft.client.gui.font.providers.UnihexProvider/]: Found unifont_pua-17.0.01.hex, loading
[0710月2026 03:11:56.908] [Worker-Main-74/INFO] [net.minecraft.client.gui.font.providers.UnihexProvider/]: Found unifont_all_no_pua-17.0.01.hex, loading
[0710月2026 03:11:57.009] [Worker-Main-76/INFO] [net.minecraft.client.gui.font.providers.UnihexProvider/]: Found unifont_jp_patch-17.0.01.hex, loading
[0710月2026 03:11:57.664] [Render thread/WARN] [com.mojang.blaze3d.opengl.GlProgram/]: neoforge:pipeline/item_translucent_unlit shader program does not use sampler Sampler2 defined in the pipeline. This might be a bug.
[0710月2026 03:11:57.673] [Render thread/WARN] [com.mojang.blaze3d.opengl.GlProgram/]: neoforge:pipeline/item_cutout_unlit shader program does not use sampler Sampler2 defined in the pipeline. This might be a bug.
[0710月2026 03:11:57.721] [Render thread/INFO] [com.mojang.blaze3d.audio.Library/]: OpenAL initialized on device OpenAL Soft on 扬声器 (Razer Barracuda X)
[0710月2026 03:11:57.724] [Render thread/INFO] [net.minecraft.client.sounds.SoundEngine/SOUNDS]: Sound engine started
[0710月2026 03:11:57.727] [Render thread/INFO] [net.minecraft.client.renderer.texture.TextureAtlas/]: Created: 512x256x0 minecraft:textures/atlas/particles.png-atlas
[0710月2026 03:11:57.746] [Render thread/INFO] [net.minecraft.client.renderer.texture.TextureAtlas/]: Created: 128x128x0 minecraft:textures/atlas/decorated_pot.png-atlas
[0710月2026 03:11:57.757] [Render thread/INFO] [net.minecraft.client.renderer.texture.TextureAtlas/]: Created: 2048x1024x0 minecraft:textures/atlas/armor_trims.png-atlas
[0710月2026 03:11:57.797] [Render thread/INFO] [net.minecraft.client.renderer.texture.TextureAtlas/]: Created: 512x256x0 minecraft:textures/atlas/paintings.png-atlas
[0710月2026 03:11:57.799] [Render thread/INFO] [net.minecraft.client.renderer.texture.TextureAtlas/]: Created: 1024x512x0 minecraft:textures/atlas/shield_patterns.png-atlas
[0710月2026 03:11:57.806] [Render thread/INFO] [net.minecraft.client.renderer.texture.TextureAtlas/]: Created: 2048x2048x4 minecraft:textures/atlas/blocks.png-atlas
[0710月2026 03:11:57.895] [Render thread/INFO] [net.minecraft.client.renderer.texture.TextureAtlas/]: Created: 512x512x0 minecraft:textures/atlas/chest.png-atlas
[0710月2026 03:11:57.898] [Render thread/INFO] [net.minecraft.client.renderer.texture.TextureAtlas/]: Created: 256x128x0 minecraft:textures/atlas/celestials.png-atlas
[0710月2026 03:11:57.899] [Render thread/INFO] [net.minecraft.client.renderer.texture.TextureAtlas/]: Created: 1024x512x0 minecraft:textures/atlas/banner_patterns.png-atlas
[0710月2026 03:11:57.907] [Render thread/INFO] [net.minecraft.client.renderer.texture.TextureAtlas/]: Created: 1024x512x0 minecraft:textures/atlas/items.png-atlas
[0710月2026 03:11:57.929] [Render thread/INFO] [net.minecraft.client.renderer.texture.TextureAtlas/]: Created: 1024x1024x0 minecraft:textures/atlas/gui.png-atlas
[0710月2026 03:11:57.957] [Render thread/INFO] [net.minecraft.client.renderer.texture.TextureAtlas/]: Created: 128x64x0 minecraft:textures/atlas/map_decorations.png-atlas
[0710月2026 03:11:57.959] [Render thread/INFO] [net.minecraft.client.renderer.texture.TextureAtlas/]: Created: 512x512x0 minecraft:textures/atlas/shulker_boxes.png-atlas
[0710月2026 03:11:58.047] [Render thread/INFO] [net.neoforged.neoforge.client.entity.animation.json.AnimationLoader/]: Loaded 0 entity animations
[0710月2026 03:11:58.306] [Render thread/INFO] [NekoJS/]: 正在为 CLIENT 注册 16 个事件组... — registering event groups
[0710月2026 03:11:58.307] [NekoJS-Log-Flusher/INFO] [NekoJS/]: [client] 正在重载 CLIENT 脚本... — reloading scripts (x2)
[0710月2026 03:11:58.326] [Render thread/INFO] [NekoJS/]: [client] 发现了 4 个 CLIENT 脚本 — scripts discovered
[0710月2026 03:11:58.346] [Render thread/ERROR] [NekoJS/]: [client] Script binding-preflight unknown-identifier flatMap callback exception:
环境: CLIENT
位置: client_scripts/src/combined-session.tsx:71:55
原因: Unknown identifier 'flatMap'. Did you mean 'DataMap'?

   69 |     renderFault: renderFault.get(), recoveryCount: recoveryCount.get(),
   70 |     listValues: listItems.get(),
 > 71 |     listNodes: layout ? ['list-first', 'list-second'].flatMap(id => {
     |                                                       ^
   72 |       const node = find(layout.nodes, id);
   73 |       return node ? [{ id: node.id, text: node.text ?? node.style?.text ?? null, rect: node.rect }] : [];
script-diagnostic id=nekojs:rt/CLIENT/binding-preflight unknown-identifier flatMap/5d31c64e type=client phase=RESOLVE_LINK owner=Module Resolution/Cache generation=5 candidate=true source=client_scripts/src/combined-session.tsx:71:55 module=D:/mcmodDemo/NekoJS-mult/build/ticket48-autonomous/nekojs/client_scripts/src/combined-session.tsx cause=NekoEsmLinkException: Unknown identifier 'flatMap'. Did you mean 'DataMap'? at D:\mcmodDemo\NekoJS-mult\build\ticket48-autonomous\nekojs\client_scripts\src\combined-session.tsx:71:55
[0710月2026 03:11:58.437] [Render thread/ERROR] [NekoJS/]: [client] Script binding-preflight unknown-identifier flatMap callback exception:
环境: CLIENT
位置: client_scripts/src/combined-session.tsx:71:55
原因: Unknown identifier 'flatMap'. Did you mean 'DataMap'?
频次: 连续发生了 2 次

   69 |     renderFault: renderFault.get(), recoveryCount: recoveryCount.get(),
   70 |     listValues: listItems.get(),
 > 71 |     listNodes: layout ? ['list-first', 'list-second'].flatMap(id => {
     |                                                       ^
   72 |       const node = find(layout.nodes, id);
   73 |       return node ? [{ id: node.id, text: node.text ?? node.style?.text ?? null, rect: node.rect }] : [];
script-diagnostic id=nekojs:rt/CLIENT/binding-preflight unknown-identifier flatMap/5d31c64e type=client phase=RESOLVE_LINK owner=Module Resolution/Cache generation=5 candidate=true source=client_scripts/src/combined-session.tsx:71:55 module=D:/mcmodDemo/NekoJS-mult/build/ticket48-autonomous/nekojs/client_scripts/src/combined-session.tsx cause=NekoEsmLinkException: Unknown identifier 'flatMap'. Did you mean 'DataMap'? at D:\mcmodDemo\NekoJS-mult\build\ticket48-autonomous\nekojs\client_scripts\src\combined-session.tsx:71:55
[0710月2026 03:11:58.444] [Render thread/ERROR] [NekoJS/]: [client] [NEKO-1003] 脚本执行失败: nekojs:client/src/deliberate-failure.js
环境: CLIENT
位置: client_scripts/src/deliberate-failure.js:3:7
原因: ticket48 deliberate candidate failure

new Error('ticket48 deliberate candidate failure')

堆栈: at anonymous (client_scripts/src/deliberate-failure.js:3)
script-diagnostic id=nekojs:client/src/deliberate-failure.js type=client phase=EXECUTION owner=Script Execution Environment generation=5 candidate=true source=client_scripts/src/deliberate-failure.js:1:7 module=client_scripts/src/deliberate-failure.js cacheRevision=e1216c14d365494fceee85744cb819b820097bf083bcf29bbb146fdb519734ac cause=PolyglotException: Error: ticket48 deliberate candidate failure — script execution failed
[0710月2026 03:11:58.444] [Render thread/ERROR] [NekoJS/]: CLIENT script reload (F3+T) failed
com.tkisor.nekojs.core.lifecycle.NekoReloadException: reload failed: type=client generation=5 phase=EXECUTION source=client/src/deliberate-failure.js owner=ScriptManager[client] domain=script-execution error=Error: ticket48 deliberate candidate failure
	at TRANSFORMER/nekojs@1.1.0-preview3/com.tkisor.nekojs.script.ScriptManager.reloadFailure(ScriptManager.java:1217) ~[nekojs-neoforge-26.2.0-1.1.0-preview3.jar:?]
	at TRANSFORMER/nekojs@1.1.0-preview3/com.tkisor.nekojs.script.ScriptManager.loadCandidateScripts(ScriptManager.java:1184) ~[nekojs-neoforge-26.2.0-1.1.0-preview3.jar:?]
	at TRANSFORMER/nekojs@1.1.0-preview3/com.tkisor.nekojs.script.ScriptManager.reloadScriptsTransactional(ScriptManager.java:856) ~[nekojs-neoforge-26.2.0-1.1.0-preview3.jar:?]
	at TRANSFORMER/nekojs@1.1.0-preview3/com.tkisor.nekojs.script.ScriptManager.doReloadScripts(ScriptManager.java:779) ~[nekojs-neoforge-26.2.0-1.1.0-preview3.jar:?]
	at TRANSFORMER/nekojs@1.1.0-preview3/com.tkisor.nekojs.script.ScriptManager.reloadScripts(ScriptManager.java:752) ~[nekojs-neoforge-26.2.0-1.1.0-preview3.jar:?]
	at TRANSFORMER/nekojs@1.1.0-preview3/com.tkisor.nekojs.core.lifecycle.NekoRuntimeRoot.reload(NekoRuntimeRoot.java:209) ~[nekojs-neoforge-26.2.0-1.1.0-preview3.jar:?]
	at TRANSFORMER/nekojs@1.1.0-preview3/com.tkisor.nekojs.client.NekoJSClient.lambda$onClientResourceReload$0(NekoJSClient.java:89) ~[nekojs-neoforge-26.2.0-1.1.0-preview3.jar:?]
	at TRANSFORMER/minecraft@26.2/net.minecraft.server.packs.resources.ResourceManagerReloadListener.lambda$reload$0(ResourceManagerReloadListener.java:21) ~[minecraft-client-patched-26.2.0.75.jar:?]
	at java.base/java.util.concurrent.CompletableFuture$UniRun.tryFire(CompletableFuture.java:808) ~[?:?]
	at java.base/java.util.concurrent.CompletableFuture$Completion.run(CompletableFuture.java:503) ~[?:?]
	at TRANSFORMER/minecraft@26.2/net.minecraft.server.packs.resources.SimpleReloadInstance.lambda$prepareTasks$3(SimpleReloadInstance.java:75) ~[minecraft-client-patched-26.2.0.75.jar:?]
	at TRANSFORMER/minecraft@26.2/net.minecraft.util.thread.BlockableEventLoop.doRunTask(BlockableEventLoop.java:165) ~[minecraft-client-patched-26.2.0.75.jar:?]
	at TRANSFORMER/minecraft@26.2/net.minecraft.util.thread.ReentrantBlockableEventLoop.doRunTask(ReentrantBlockableEventLoop.java:24) ~[minecraft-client-patched-26.2.0.75.jar:?]
	at TRANSFORMER/minecraft@26.2/net.minecraft.util.thread.BlockableEventLoop.pollTask(BlockableEventLoop.java:140) ~[minecraft-client-patched-26.2.0.75.jar:?]
	at TRANSFORMER/minecraft@26.2/net.minecraft.util.thread.BlockableEventLoop.runAllTasks(BlockableEventLoop.java:121) ~[minecraft-client-patched-26.2.0.75.jar:?]
	at TRANSFORMER/minecraft@26.2/net.minecraft.client.Minecraft.runTick(Minecraft.java:1193) [minecraft-client-patched-26.2.0.75.jar:?]
	at TRANSFORMER/minecraft@26.2/net.minecraft.client.Minecraft.run(Minecraft.java:928) [minecraft-client-patched-26.2.0.75.jar:?]
	at TRANSFORMER/minecraft@26.2/net.minecraft.client.main.Main.main(Main.java:294) [minecraft-client-patched-26.2.0.75.jar:?]
	at net.neoforged.fml.startup.Client.main(Client.java:19) [loader-11.0.16.jar:11.0]
Caused by: com.tkisor.nekojs.core.module.NekoModuleError: Error: ticket48 deliberate candidate failure
	at TRANSFORMER/nekojs@1.1.0-preview3/com.tkisor.nekojs.core.module.NekoModuleError.execute(NekoModuleError.java:132) ~[nekojs-neoforge-26.2.0-1.1.0-preview3.jar:?]
	at TRANSFORMER/nekojs@1.1.0-preview3/com.tkisor.nekojs.core.module.NekoScriptModuleLoaderHost.executionError(NekoScriptModuleLoaderHost.java:629) ~[nekojs-neoforge-26.2.0-1.1.0-preview3.jar:?]
	at TRANSFORMER/nekojs@1.1.0-preview3/com.tkisor.nekojs.core.module.NekoScriptModuleLoaderHost.executeScriptModule(NekoScriptModuleLoaderHost.java:527) ~[nekojs-neoforge-26.2.0-1.1.0-preview3.jar:?]
	at TRANSFORMER/nekojs@1.1.0-preview3/com.tkisor.nekojs.core.module.NekoScriptModuleLoaderHost.loadScriptResolved(NekoScriptModuleLoaderHost.java:453) ~[nekojs-neoforge-26.2.0-1.1.0-preview3.jar:?]
	at TRANSFORMER/nekojs@1.1.0-preview3/com.tkisor.nekojs.core.module.NekoScriptModuleLoaderHost.loadResolvedAsync(NekoScriptModuleLoaderHost.java:387) ~[nekojs-neoforge-26.2.0-1.1.0-preview3.jar:?]
	at TRANSFORMER/nekojs@1.1.0-preview3/com.tkisor.nekojs.core.module.NekoScriptModuleLoaderHost.loadEntryAsync(NekoScriptModuleLoaderHost.java:198) ~[nekojs-neoforge-26.2.0-1.1.0-preview3.jar:?]
	at TRANSFORMER/nekojs@1.1.0-preview3/com.tkisor.nekojs.script.ScriptExecutor.waitForEntryModule(ScriptExecutor.java:149) ~[nekojs-neoforge-26.2.0-1.1.0-preview3.jar:?]
	at TRANSFORMER/nekojs@1.1.0-preview3/com.tkisor.nekojs.script.ScriptExecutor.executeEntry(ScriptExecutor.java:71) ~[nekojs-neoforge-26.2.0-1.1.0-preview3.jar:?]
	at TRANSFORMER/nekojs@1.1.0-preview3/com.tkisor.nekojs.script.ScriptManager.loadCandidateScripts(ScriptManager.java:1178) ~[nekojs-neoforge-26.2.0-1.1.0-preview3.jar:?]
	... 17 more
Caused by: Error: Error: ticket48 deliberate candidate failure
	at <js>.anonymous(client_scripts/src/deliberate-failure.js:3) ~[?:?]
	at <js>.executeModule(nekojs/node/internal/script-loader.js:32) ~[?:?]
	at graal.graalvm.polyglot.Value.execute(Value.java:1098) ~[graal-1504336-8762962.jar:?]
	at com.tkisor.nekojs.core.module.NekoScriptModuleLoaderHost.executeScriptModule(NekoScriptModuleLoaderHost.java:507) ~[nekojs-neoforge-26.2.0-1.1.0-preview3.jar:?]
	at com.tkisor.nekojs.core.module.NekoScriptModuleLoaderHost.loadScriptResolved(NekoScriptModuleLoaderHost.java:453) ~[nekojs-neoforge-26.2.0-1.1.0-preview3.jar:?]
	at com.tkisor.nekojs.core.module.NekoScriptModuleLoaderHost.loadResolvedAsync(NekoScriptModuleLoaderHost.java:387) ~[nekojs-neoforge-26.2.0-1.1.0-preview3.jar:?]
	at com.tkisor.nekojs.core.module.NekoScriptModuleLoaderHost.loadEntryAsync(NekoScriptModuleLoaderHost.java:198) ~[nekojs-neoforge-26.2.0-1.1.0-preview3.jar:?]
	at com.tkisor.nekojs.script.ScriptExecutor.waitForEntryModule(ScriptExecutor.java:149) ~[nekojs-neoforge-26.2.0-1.1.0-preview3.jar:?]
	at com.tkisor.nekojs.script.ScriptExecutor.executeEntry(ScriptExecutor.java:71) ~[nekojs-neoforge-26.2.0-1.1.0-preview3.jar:?]
	at com.tkisor.nekojs.script.ScriptManager.loadCandidateScripts(ScriptManager.java:1178) ~[nekojs-neoforge-26.2.0-1.1.0-preview3.jar:?]
	at com.tkisor.nekojs.script.ScriptManager.reloadScriptsTransactional(ScriptManager.java:856) ~[nekojs-neoforge-26.2.0-1.1.0-preview3.jar:?]
	at com.tkisor.nekojs.script.ScriptManager.doReloadScripts(ScriptManager.java:779) ~[nekojs-neoforge-26.2.0-1.1.0-preview3.jar:?]
	at com.tkisor.nekojs.script.ScriptManager.reloadScripts(ScriptManager.java:752) ~[nekojs-neoforge-26.2.0-1.1.0-preview3.jar:?]
	at com.tkisor.nekojs.core.lifecycle.NekoRuntimeRoot.reload(NekoRuntimeRoot.java:209) ~[nekojs-neoforge-26.2.0-1.1.0-preview3.jar:?]
	at com.tkisor.nekojs.client.NekoJSClient.lambda$onClientResourceReload$0(NekoJSClient.java:89) ~[nekojs-neoforge-26.2.0-1.1.0-preview3.jar:?]
	at net.minecraft.server.packs.resources.ResourceManagerReloadListener.lambda$reload$0(ResourceManagerReloadListener.java:21) ~[minecraft-client-patched-26.2.0.75.jar:?]
	at java.util.concurrent.CompletableFuture$UniRun.tryFire(CompletableFuture.java:808) ~[?:?]
	at java.util.concurrent.CompletableFuture$Completion.run(CompletableFuture.java:503) ~[?:?]
	at net.minecraft.server.packs.resources.SimpleReloadInstance.lambda$prepareTasks$3(SimpleReloadInstance.java:75) ~[minecraft-client-patched-26.2.0.75.jar:?]
	at net.minecraft.util.thread.BlockableEventLoop.doRunTask(BlockableEventLoop.java:165) ~[minecraft-client-patched-26.2.0.75.jar:?]
	at net.minecraft.util.thread.ReentrantBlockableEventLoop.doRunTask(ReentrantBlockableEventLoop.java:24) ~[minecraft-client-patched-26.2.0.75.jar:?]
	at net.minecraft.util.thread.BlockableEventLoop.pollTask(BlockableEventLoop.java:140) ~[minecraft-client-patched-26.2.0.75.jar:?]
	at net.minecraft.util.thread.BlockableEventLoop.runAllTasks(BlockableEventLoop.java:121) ~[minecraft-client-patched-26.2.0.75.jar:?]
	at net.minecraft.client.Minecraft.runTick(Minecraft.java:1193) [minecraft-client-patched-26.2.0.75.jar:?]
	at net.minecraft.client.Minecraft.run(Minecraft.java:928) [minecraft-client-patched-26.2.0.75.jar:?]
	at net.minecraft.client.main.Main.main(Main.java:294) [minecraft-client-patched-26.2.0.75.jar:?]
	at net.neoforged.fml.startup.Client.main(Client.java:19) [loader-11.0.16.jar:11.0]
[0710月2026 03:11:58.665] [Render thread/ERROR] [NekoJS/]: [client] [NEKO-1008] CLIENT 脚本事务重载失败，候选 generation 已关闭，active 环境保持不变 — transactional script reload failed
com.tkisor.nekojs.core.lifecycle.NekoReloadException: reload failed: type=client generation=5 phase=EXECUTION source=client/src/deliberate-failure.js owner=ScriptManager[client] domain=script-execution error=Error: ticket48 deliberate candidate failure
	at TRANSFORMER/nekojs@1.1.0-preview3/com.tkisor.nekojs.script.ScriptManager.reloadFailure(ScriptManager.java:1217) ~[nekojs-neoforge-26.2.0-1.1.0-preview3.jar:?]
	at TRANSFORMER/nekojs@1.1.0-preview3/com.tkisor.nekojs.script.ScriptManager.loadCandidateScripts(ScriptManager.java:1184) ~[nekojs-neoforge-26.2.0-1.1.0-preview3.jar:?]
	at TRANSFORMER/nekojs@1.1.0-preview3/com.tkisor.nekojs.script.ScriptManager.reloadScriptsTransactional(ScriptManager.java:856) ~[nekojs-neoforge-26.2.0-1.1.0-preview3.jar:?]
	at TRANSFORMER/nekojs@1.1.0-preview3/com.tkisor.nekojs.script.ScriptManager.doReloadScripts(ScriptManager.java:779) ~[nekojs-neoforge-26.2.0-1.1.0-preview3.jar:?]
	at TRANSFORMER/nekojs@1.1.0-preview3/com.tkisor.nekojs.script.ScriptManager.reloadScripts(ScriptManager.java:752) ~[nekojs-neoforge-26.2.0-1.1.0-preview3.jar:?]
	at TRANSFORMER/nekojs@1.1.0-preview3/com.tkisor.nekojs.core.lifecycle.NekoRuntimeRoot.reload(NekoRuntimeRoot.java:209) ~[nekojs-neoforge-26.2.0-1.1.0-preview3.jar:?]
	at TRANSFORMER/nekojs@1.1.0-preview3/com.tkisor.nekojs.client.NekoJSClient.lambda$onClientResourceReload$0(NekoJSClient.java:89) ~[nekojs-neoforge-26.2.0-1.1.0-preview3.jar:?]
	at TRANSFORMER/minecraft@26.2/net.minecraft.server.packs.resources.ResourceManagerReloadListener.lambda$reload$0(ResourceManagerReloadListener.java:21) ~[minecraft-client-patched-26.2.0.75.jar:?]
	at java.base/java.util.concurrent.CompletableFuture$UniRun.tryFire(CompletableFuture.java:808) ~[?:?]
	at java.base/java.util.concurrent.CompletableFuture$Completion.run(CompletableFuture.java:503) ~[?:?]
	at TRANSFORMER/minecraft@26.2/net.minecraft.server.packs.resources.SimpleReloadInstance.lambda$prepareTasks$3(SimpleReloadInstance.java:75) ~[minecraft-client-patched-26.2.0.75.jar:?]
	at TRANSFORMER/minecraft@26.2/net.minecraft.util.thread.BlockableEventLoop.doRunTask(BlockableEventLoop.java:165) ~[minecraft-client-patched-26.2.0.75.jar:?]
	at TRANSFORMER/minecraft@26.2/net.minecraft.util.thread.ReentrantBlockableEventLoop.doRunTask(ReentrantBlockableEventLoop.java:24) ~[minecraft-client-patched-26.2.0.75.jar:?]
	at TRANSFORMER/minecraft@26.2/net.minecraft.util.thread.BlockableEventLoop.pollTask(BlockableEventLoop.java:140) ~[minecraft-client-patched-26.2.0.75.jar:?]
	at TRANSFORMER/minecraft@26.2/net.minecraft.util.thread.BlockableEventLoop.runAllTasks(BlockableEventLoop.java:121) ~[minecraft-client-patched-26.2.0.75.jar:?]
	at TRANSFORMER/minecraft@26.2/net.minecraft.client.Minecraft.runTick(Minecraft.java:1193) [minecraft-client-patched-26.2.0.75.jar:?]
	at TRANSFORMER/minecraft@26.2/net.minecraft.client.Minecraft.run(Minecraft.java:928) [minecraft-client-patched-26.2.0.75.jar:?]
	at TRANSFORMER/minecraft@26.2/net.minecraft.client.main.Main.main(Main.java:294) [minecraft-client-patched-26.2.0.75.jar:?]
	at net.neoforged.fml.startup.Client.main(Client.java:19) [loader-11.0.16.jar:11.0]
Caused by: com.tkisor.nekojs.core.module.NekoModuleError: Error: ticket48 deliberate candidate failure
	at TRANSFORMER/nekojs@1.1.0-preview3/com.tkisor.nekojs.core.module.NekoModuleError.execute(NekoModuleError.java:132) ~[nekojs-neoforge-26.2.0-1.1.0-preview3.jar:?]
	at TRANSFORMER/nekojs@1.1.0-preview3/com.tkisor.nekojs.core.module.NekoScriptModuleLoaderHost.executionError(NekoScriptModuleLoaderHost.java:629) ~[nekojs-neoforge-26.2.0-1.1.0-preview3.jar:?]
	at TRANSFORMER/nekojs@1.1.0-preview3/com.tkisor.nekojs.core.module.NekoScriptModuleLoaderHost.executeScriptModule(NekoScriptModuleLoaderHost.java:527) ~[nekojs-neoforge-26.2.0-1.1.0-preview3.jar:?]
	at TRANSFORMER/nekojs@1.1.0-preview3/com.tkisor.nekojs.core.module.NekoScriptModuleLoaderHost.loadScriptResolved(NekoScriptModuleLoaderHost.java:453) ~[nekojs-neoforge-26.2.0-1.1.0-preview3.jar:?]
	at TRANSFORMER/nekojs@1.1.0-preview3/com.tkisor.nekojs.core.module.NekoScriptModuleLoaderHost.loadResolvedAsync(NekoScriptModuleLoaderHost.java:387) ~[nekojs-neoforge-26.2.0-1.1.0-preview3.jar:?]
	at TRANSFORMER/nekojs@1.1.0-preview3/com.tkisor.nekojs.core.module.NekoScriptModuleLoaderHost.loadEntryAsync(NekoScriptModuleLoaderHost.java:198) ~[nekojs-neoforge-26.2.0-1.1.0-preview3.jar:?]
	at TRANSFORMER/nekojs@1.1.0-preview3/com.tkisor.nekojs.script.ScriptExecutor.waitForEntryModule(ScriptExecutor.java:149) ~[nekojs-neoforge-26.2.0-1.1.0-preview3.jar:?]
	at TRANSFORMER/nekojs@1.1.0-preview3/com.tkisor.nekojs.script.ScriptExecutor.executeEntry(ScriptExecutor.java:71) ~[nekojs-neoforge-26.2.0-1.1.0-preview3.jar:?]
	at TRANSFORMER/nekojs@1.1.0-preview3/com.tkisor.nekojs.script.ScriptManager.loadCandidateScripts(ScriptManager.java:1178) ~[nekojs-neoforge-26.2.0-1.1.0-preview3.jar:?]
	... 17 more
Caused by: Error: Error: ticket48 deliberate candidate failure
	at <js>.anonymous(client_scripts/src/deliberate-failure.js:3) ~[?:?]
	at <js>.executeModule(nekojs/node/internal/script-loader.js:32) ~[?:?]
	at graal.graalvm.polyglot.Value.execute(Value.java:1098) ~[graal-1504336-8762962.jar:?]
	at com.tkisor.nekojs.core.module.NekoScriptModuleLoaderHost.executeScriptModule(NekoScriptModuleLoaderHost.java:507) ~[nekojs-neoforge-26.2.0-1.1.0-preview3.jar:?]
	at com.tkisor.nekojs.core.module.NekoScriptModuleLoaderHost.loadScriptResolved(NekoScriptModuleLoaderHost.java:453) ~[nekojs-neoforge-26.2.0-1.1.0-preview3.jar:?]
	at com.tkisor.nekojs.core.module.NekoScriptModuleLoaderHost.loadResolvedAsync(NekoScriptModuleLoaderHost.java:387) ~[nekojs-neoforge-26.2.0-1.1.0-preview3.jar:?]
	at com.tkisor.nekojs.core.module.NekoScriptModuleLoaderHost.loadEntryAsync(NekoScriptModuleLoaderHost.java:198) ~[nekojs-neoforge-26.2.0-1.1.0-preview3.jar:?]
	at com.tkisor.nekojs.script.ScriptExecutor.waitForEntryModule(ScriptExecutor.java:149) ~[nekojs-neoforge-26.2.0-1.1.0-preview3.jar:?]
	at com.tkisor.nekojs.script.ScriptExecutor.executeEntry(ScriptExecutor.java:71) ~[nekojs-neoforge-26.2.0-1.1.0-preview3.jar:?]
	at com.tkisor.nekojs.script.ScriptManager.loadCandidateScripts(ScriptManager.java:1178) ~[nekojs-neoforge-26.2.0-1.1.0-preview3.jar:?]
	at com.tkisor.nekojs.script.ScriptManager.reloadScriptsTransactional(ScriptManager.java:856) ~[nekojs-neoforge-26.2.0-1.1.0-preview3.jar:?]
	at com.tkisor.nekojs.script.ScriptManager.doReloadScripts(ScriptManager.java:779) ~[nekojs-neoforge-26.2.0-1.1.0-preview3.jar:?]
	at com.tkisor.nekojs.script.ScriptManager.reloadScripts(ScriptManager.java:752) ~[nekojs-neoforge-26.2.0-1.1.0-preview3.jar:?]
	at com.tkisor.nekojs.core.lifecycle.NekoRuntimeRoot.reload(NekoRuntimeRoot.java:209) ~[nekojs-neoforge-26.2.0-1.1.0-preview3.jar:?]
	at com.tkisor.nekojs.client.NekoJSClient.lambda$onClientResourceReload$0(NekoJSClient.java:89) ~[nekojs-neoforge-26.2.0-1.1.0-preview3.jar:?]
	at net.minecraft.server.packs.resources.ResourceManagerReloadListener.lambda$reload$0(ResourceManagerReloadListener.java:21) ~[minecraft-client-patched-26.2.0.75.jar:?]
	at java.util.concurrent.CompletableFuture$UniRun.tryFire(CompletableFuture.java:808) ~[?:?]
	at java.util.concurrent.CompletableFuture$Completion.run(CompletableFuture.java:503) ~[?:?]
	at net.minecraft.server.packs.resources.SimpleReloadInstance.lambda$prepareTasks$3(SimpleReloadInstance.java:75) ~[minecraft-client-patched-26.2.0.75.jar:?]
	at net.minecraft.util.thread.BlockableEventLoop.doRunTask(BlockableEventLoop.java:165) ~[minecraft-client-patched-26.2.0.75.jar:?]
	at net.minecraft.util.thread.ReentrantBlockableEventLoop.doRunTask(ReentrantBlockableEventLoop.java:24) ~[minecraft-client-patched-26.2.0.75.jar:?]
	at net.minecraft.util.thread.BlockableEventLoop.pollTask(BlockableEventLoop.java:140) ~[minecraft-client-patched-26.2.0.75.jar:?]
	at net.minecraft.util.thread.BlockableEventLoop.runAllTasks(BlockableEventLoop.java:121) ~[minecraft-client-patched-26.2.0.75.jar:?]
	at net.minecraft.client.Minecraft.runTick(Minecraft.java:1193) [minecraft-client-patched-26.2.0.75.jar:?]
	at net.minecraft.client.Minecraft.run(Minecraft.java:928) [minecraft-client-patched-26.2.0.75.jar:?]
	at net.minecraft.client.main.Main.main(Main.java:294) [minecraft-client-patched-26.2.0.75.jar:?]
	at net.neoforged.fml.startup.Client.main(Client.java:19) [loader-11.0.16.jar:11.0]
[0710月2026 03:11:59.307] [NekoJS-Log-Flusher/ERROR] [NekoJS/]: [client] Script client_reload callback exception:
环境: CLIENT
位置: client_scripts/src/deliberate-failure.js:3:7
原因: ticket48 deliberate candidate failure

new Error('ticket48 deliberate candidate failure')

堆栈: at anonymous (client_scripts/src/deliberate-failure.js:3)
script-diagnostic id=nekojs:rt/CLIENT/client_reload/71b4e9a5 type=client phase=RELOAD_CANCEL owner=Runtime Reload generation=4 candidate=false source=client/src/deliberate-failure.js:3:7 module=script-execution cacheRevision=9604ed0bffd38b846dd193d81588572c9c9aa84923406d258b5e62bc323d1eb6 cause=PolyglotException: Error: ticket48 deliberate candidate failure
[0710月2026 03:12:02.307] [NekoJS-Log-Flusher/INFO] [NekoJS/]: [client] [ticket48-auto] {"stage":"sample","ticks":31100,"elapsedMs":1557611,"statistics":{"initialBuild":1,"layout":16,"reconcile":6,"resize":2,"paint":55182,"diagnostics":21,"cleanup":0},"disposed":false,"username":"NekoTester","passwordLength":7,"error":"","submitting":true,"lastSubmitted":"NekoTester","renderFault":false,"recoveryCount":2,"listValues":[{"id":"first","text":"AX"},{"id":"second","text":"B"}],"listNodes":[{"id":"list-first","text":"AX","rect":{"x":0,"y":230,"width":30,"height":10}},{"id":"list-second","text":"B","rect":{"x":30,"y":230,"width":30,"height":10}}],"profile":2,"packFontWidth":36,"usernameRect":{"x":12,"y":57,"width":196,"height":20},"passwordRect":{"x":12,"y":96,"width":196,"height":20},"submitRect":{"x":12,"y":124,"width":92,"height":20}}
[0710月2026 03:12:07.307] [NekoJS-Log-Flusher/INFO] [NekoJS/]: [client] [ticket48-auto] {"stage":"sample","ticks":31200,"elapsedMs":1562602,"statistics":{"initialBuild":1,"layout":16,"reconcile":6,"resize":2,"paint":55480,"diagnostics":21,"cleanup":0},"disposed":false,"username":"NekoTester","passwordLength":7,"error":"","submitting":true,"lastSubmitted":"NekoTester","renderFault":false,"recoveryCount":2,"listValues":[{"id":"first","text":"AX"},{"id":"second","text":"B"}],"listNodes":[{"id":"list-first","text":"AX","rect":{"x":0,"y":230,"width":30,"height":10}},{"id":"list-second","text":"B","rect":{"x":30,"y":230,"width":30,"height":10}}],"profile":2,"packFontWidth":36,"usernameRect":{"x":12,"y":57,"width":196,"height":20},"passwordRect":{"x":12,"y":96,"width":196,"height":20},"submitRect":{"x":12,"y":124,"width":92,"height":20}}
[0710月2026 03:12:12.307] [NekoJS-Log-Flusher/INFO] [NekoJS/]: [client] [ticket48-auto] {"stage":"sample","ticks":31300,"elapsedMs":1567611,"statistics":{"initialBuild":1,"layout":16,"reconcile":6,"resize":2,"paint":55779,"diagnostics":21,"cleanup":0},"disposed":false,"username":"NekoTester","passwordLength":7,"error":"","submitting":true,"lastSubmitted":"NekoTester","renderFault":false,"recoveryCount":2,"listValues":[{"id":"first","text":"AX"},{"id":"second","text":"B"}],"listNodes":[{"id":"list-first","text":"AX","rect":{"x":0,"y":230,"width":30,"height":10}},{"id":"list-second","text":"B","rect":{"x":30,"y":230,"width":30,"height":10}}],"profile":2,"packFontWidth":36,"usernameRect":{"x":12,"y":57,"width":196,"height":20},"passwordRect":{"x":12,"y":96,"width":196,"height":20},"submitRect":{"x":12,"y":124,"width":92,"height":20}}
[0710月2026 03:12:17.308] [NekoJS-Log-Flusher/INFO] [NekoJS/]: [client] [ticket48-auto] {"stage":"sample","ticks":31400,"elapsedMs":1572604,"statistics":{"initialBuild":1,"layout":16,"reconcile":6,"resize":2,"paint":56077,"diagnostics":21,"cleanup":0},"disposed":false,"username":"NekoTester","passwordLength":7,"error":"","submitting":true,"lastSubmitted":"NekoTester","renderFault":false,"recoveryCount":2,"listValues":[{"id":"first","text":"AX"},{"id":"second","text":"B"}],"listNodes":[{"id":"list-first","text":"AX","rect":{"x":0,"y":230,"width":30,"height":10}},{"id":"list-second","text":"B","rect":{"x":30,"y":230,"width":30,"height":10}}],"profile":2,"packFontWidth":36,"usernameRect":{"x":12,"y":57,"width":196,"height":20},"passwordRect":{"x":12,"y":96,"width":196,"height":20},"submitRect":{"x":12,"y":124,"width":92,"height":20}}
[0710月2026 03:12:22.308] [NekoJS-Log-Flusher/INFO] [NekoJS/]: [client] [ticket48-auto] {"stage":"sample","ticks":31500,"elapsedMs":1577599,"statistics":{"initialBuild":1,"layout":16,"reconcile":6,"resize":2,"paint":56375,"diagnostics":21,"cleanup":0},"disposed":false,"username":"NekoTester","passwordLength":7,"error":"","submitting":true,"lastSubmitted":"NekoTester","renderFault":false,"recoveryCount":2,"listValues":[{"id":"first","text":"AX"},{"id":"second","text":"B"}],"listNodes":[{"id":"list-first","text":"AX","rect":{"x":0,"y":230,"width":30,"height":10}},{"id":"list-second","text":"B","rect":{"x":30,"y":230,"width":30,"height":10}}],"profile":2,"packFontWidth":36,"usernameRect":{"x":12,"y":57,"width":196,"height":20},"passwordRect":{"x":12,"y":96,"width":196,"height":20},"submitRect":{"x":12,"y":124,"width":92,"height":20}}
[0710月2026 03:12:27.307] [NekoJS-Log-Flusher/INFO] [NekoJS/]: [client] [ticket48-auto] {"stage":"sample","ticks":31600,"elapsedMs":1582608,"statistics":{"initialBuild":1,"layout":16,"reconcile":6,"resize":2,"paint":56674,"diagnostics":21,"cleanup":0},"disposed":false,"username":"NekoTester","passwordLength":7,"error":"","submitting":true,"lastSubmitted":"NekoTester","renderFault":false,"recoveryCount":2,"listValues":[{"id":"first","text":"AX"},{"id":"second","text":"B"}],"listNodes":[{"id":"list-first","text":"AX","rect":{"x":0,"y":230,"width":30,"height":10}},{"id":"list-second","text":"B","rect":{"x":30,"y":230,"width":30,"height":10}}],"profile":2,"packFontWidth":36,"usernameRect":{"x":12,"y":57,"width":196,"height":20},"passwordRect":{"x":12,"y":96,"width":196,"height":20},"submitRect":{"x":12,"y":124,"width":92,"height":20}}
[0710月2026 03:12:32.308] [NekoJS-Log-Flusher/INFO] [NekoJS/]: [client] [ticket48-auto] {"stage":"sample","ticks":31700,"elapsedMs":1587603,"statistics":{"initialBuild":1,"layout":16,"reconcile":6,"resize":2,"paint":56972,"diagnostics":21,"cleanup":0},"disposed":false,"username":"NekoTester","passwordLength":7,"error":"","submitting":true,"lastSubmitted":"NekoTester","renderFault":false,"recoveryCount":2,"listValues":[{"id":"first","text":"AX"},{"id":"second","text":"B"}],"listNodes":[{"id":"list-first","text":"AX","rect":{"x":0,"y":230,"width":30,"height":10}},{"id":"list-second","text":"B","rect":{"x":30,"y":230,"width":30,"height":10}}],"profile":2,"packFontWidth":36,"usernameRect":{"x":12,"y":57,"width":196,"height":20},"passwordRect":{"x":12,"y":96,"width":196,"height":20},"submitRect":{"x":12,"y":124,"width":92,"height":20}}
[0710月2026 03:12:37.307] [NekoJS-Log-Flusher/INFO] [NekoJS/]: [client] [ticket48-auto] {"stage":"sample","ticks":31800,"elapsedMs":1592604,"statistics":{"initialBuild":1,"layout":16,"reconcile":6,"resize":2,"paint":57270,"diagnostics":21,"cleanup":0},"disposed":false,"username":"NekoTester","passwordLength":7,"error":"","submitting":true,"lastSubmitted":"NekoTester","renderFault":false,"recoveryCount":2,"listValues":[{"id":"first","text":"AX"},{"id":"second","text":"B"}],"listNodes":[{"id":"list-first","text":"AX","rect":{"x":0,"y":230,"width":30,"height":10}},{"id":"list-second","text":"B","rect":{"x":30,"y":230,"width":30,"height":10}}],"profile":2,"packFontWidth":36,"usernameRect":{"x":12,"y":57,"width":196,"height":20},"passwordRect":{"x":12,"y":96,"width":196,"height":20},"submitRect":{"x":12,"y":124,"width":92,"height":20}}
[0710月2026 03:12:42.308] [NekoJS-Log-Flusher/INFO] [NekoJS/]: [client] [ticket48-auto] {"stage":"sample","ticks":31900,"elapsedMs":1597599,"statistics":{"initialBuild":1,"layout":16,"reconcile":6,"resize":2,"paint":57568,"diagnostics":21,"cleanup":0},"disposed":false,"username":"NekoTester","passwordLength":7,"error":"","submitting":true,"lastSubmitted":"NekoTester","renderFault":false,"recoveryCount":2,"listValues":[{"id":"first","text":"AX"},{"id":"second","text":"B"}],"listNodes":[{"id":"list-first","text":"AX","rect":{"x":0,"y":230,"width":30,"height":10}},{"id":"list-second","text":"B","rect":{"x":30,"y":230,"width":30,"height":10}}],"profile":2,"packFontWidth":36,"usernameRect":{"x":12,"y":57,"width":196,"height":20},"passwordRect":{"x":12,"y":96,"width":196,"height":20},"submitRect":{"x":12,"y":124,"width":92,"height":20}}
[0710月2026 03:12:47.307] [NekoJS-Log-Flusher/INFO] [NekoJS/]: [client] [ticket48-auto] {"stage":"sample","ticks":32000,"elapsedMs":1602610,"statistics":{"initialBuild":1,"layout":16,"reconcile":6,"resize":2,"paint":57867,"diagnostics":21,"cleanup":0},"disposed":false,"username":"NekoTester","passwordLength":7,"error":"","submitting":true,"lastSubmitted":"NekoTester","renderFault":false,"recoveryCount":2,"listValues":[{"id":"first","text":"AX"},{"id":"second","text":"B"}],"listNodes":[{"id":"list-first","text":"AX","rect":{"x":0,"y":230,"width":30,"height":10}},{"id":"list-second","text":"B","rect":{"x":30,"y":230,"width":30,"height":10}}],"profile":2,"packFontWidth":36,"usernameRect":{"x":12,"y":57,"width":196,"height":20},"passwordRect":{"x":12,"y":96,"width":196,"height":20},"submitRect":{"x":12,"y":124,"width":92,"height":20}}
[0710月2026 03:12:52.307] [NekoJS-Log-Flusher/INFO] [NekoJS/]: [client] [ticket48-auto] {"stage":"sample","ticks":32100,"elapsedMs":1607608,"statistics":{"initialBuild":1,"layout":16,"reconcile":6,"resize":2,"paint":58165,"diagnostics":21,"cleanup":0},"disposed":false,"username":"NekoTester","passwordLength":7,"error":"","submitting":true,"lastSubmitted":"NekoTester","renderFault":false,"recoveryCount":2,"listValues":[{"id":"first","text":"AX"},{"id":"second","text":"B"}],"listNodes":[{"id":"list-first","text":"AX","rect":{"x":0,"y":230,"width":30,"height":10}},{"id":"list-second","text":"B","rect":{"x":30,"y":230,"width":30,"height":10}}],"profile":2,"packFontWidth":36,"usernameRect":{"x":12,"y":57,"width":196,"height":20},"passwordRect":{"x":12,"y":96,"width":196,"height":20},"submitRect":{"x":12,"y":124,"width":92,"height":20}}
[0710月2026 03:12:57.307] [NekoJS-Log-Flusher/INFO] [NekoJS/]: [client] [ticket48-auto] {"stage":"sample","ticks":32200,"elapsedMs":1612605,"statistics":{"initialBuild":1,"layout":16,"reconcile":6,"resize":2,"paint":58463,"diagnostics":21,"cleanup":0},"disposed":false,"username":"NekoTester","passwordLength":7,"error":"","submitting":true,"lastSubmitted":"NekoTester","renderFault":false,"recoveryCount":2,"listValues":[{"id":"first","text":"AX"},{"id":"second","text":"B"}],"listNodes":[{"id":"list-first","text":"AX","rect":{"x":0,"y":230,"width":30,"height":10}},{"id":"list-second","text":"B","rect":{"x":30,"y":230,"width":30,"height":10}}],"profile":2,"packFontWidth":36,"usernameRect":{"x":12,"y":57,"width":196,"height":20},"passwordRect":{"x":12,"y":96,"width":196,"height":20},"submitRect":{"x":12,"y":124,"width":92,"height":20}}
[0710月2026 03:13:02.307] [NekoJS-Log-Flusher/INFO] [NekoJS/]: [client] [ticket48-auto] {"stage":"sample","ticks":32300,"elapsedMs":1617604,"statistics":{"initialBuild":1,"layout":16,"reconcile":6,"resize":2,"paint":58631,"diagnostics":21,"cleanup":0},"disposed":false,"username":"NekoTester","passwordLength":7,"error":"","submitting":true,"lastSubmitted":"NekoTester","renderFault":false,"recoveryCount":2,"listValues":[{"id":"first","text":"AX"},{"id":"second","text":"B"}],"listNodes":[{"id":"list-first","text":"AX","rect":{"x":0,"y":230,"width":30,"height":10}},{"id":"list-second","text":"B","rect":{"x":30,"y":230,"width":30,"height":10}}],"profile":2,"packFontWidth":36,"usernameRect":{"x":12,"y":57,"width":196,"height":20},"passwordRect":{"x":12,"y":96,"width":196,"height":20},"submitRect":{"x":12,"y":124,"width":92,"height":20}}
[0710月2026 03:13:07.307] [NekoJS-Log-Flusher/INFO] [NekoJS/]: [client] [ticket48-auto] {"stage":"sample","ticks":32400,"elapsedMs":1622622,"statistics":{"initialBuild":1,"layout":16,"reconcile":6,"resize":2,"paint":58781,"diagnostics":21,"cleanup":0},"disposed":false,"username":"NekoTester","passwordLength":7,"error":"","submitting":true,"lastSubmitted":"NekoTester","renderFault":false,"recoveryCount":2,"listValues":[{"id":"first","text":"AX"},{"id":"second","text":"B"}],"listNodes":[{"id":"list-first","text":"AX","rect":{"x":0,"y":230,"width":30,"height":10}},{"id":"list-second","text":"B","rect":{"x":30,"y":230,"width":30,"height":10}}],"profile":2,"packFontWidth":36,"usernameRect":{"x":12,"y":57,"width":196,"height":20},"passwordRect":{"x":12,"y":96,"width":196,"height":20},"submitRect":{"x":12,"y":124,"width":92,"height":20}}
[0710月2026 03:13:12.307] [NekoJS-Log-Flusher/INFO] [NekoJS/]: [client] [ticket48-auto] {"stage":"sample","ticks":32500,"elapsedMs":1627605,"statistics":{"initialBuild":1,"layout":16,"reconcile":6,"resize":2,"paint":58930,"diagnostics":21,"cleanup":0},"disposed":false,"username":"NekoTester","passwordLength":7,"error":"","submitting":true,"lastSubmitted":"NekoTester","renderFault":false,"recoveryCount":2,"listValues":[{"id":"first","text":"AX"},{"id":"second","text":"B"}],"listNodes":[{"id":"list-first","text":"AX","rect":{"x":0,"y":230,"width":30,"height":10}},{"id":"list-second","text":"B","rect":{"x":30,"y":230,"width":30,"height":10}}],"profile":2,"packFontWidth":36,"usernameRect":{"x":12,"y":57,"width":196,"height":20},"passwordRect":{"x":12,"y":96,"width":196,"height":20},"submitRect":{"x":12,"y":124,"width":92,"height":20}}
[0710月2026 03:13:17.308] [NekoJS-Log-Flusher/INFO] [NekoJS/]: [client] [ticket48-auto] {"stage":"sample","ticks":32600,"elapsedMs":1632619,"statistics":{"initialBuild":1,"layout":16,"reconcile":6,"resize":2,"paint":59080,"diagnostics":21,"cleanup":0},"disposed":false,"username":"NekoTester","passwordLength":7,"error":"","submitting":true,"lastSubmitted":"NekoTester","renderFault":false,"recoveryCount":2,"listValues":[{"id":"first","text":"AX"},{"id":"second","text":"B"}],"listNodes":[{"id":"list-first","text":"AX","rect":{"x":0,"y":230,"width":30,"height":10}},{"id":"list-second","text":"B","rect":{"x":30,"y":230,"width":30,"height":10}}],"profile":2,"packFontWidth":36,"usernameRect":{"x":12,"y":57,"width":196,"height":20},"passwordRect":{"x":12,"y":96,"width":196,"height":20},"submitRect":{"x":12,"y":124,"width":92,"height":20}}
[0710月2026 03:13:22.074] [Render thread/INFO] [NekoJS/]: [client] [ticket48-auto] {"stage":"sample","ticks":32700,"elapsedMs":1637631,"statistics":{"initialBuild":1,"layout":16,"reconcile":6,"resize":2,"paint":59230,"diagnostics":21,"cleanup":0},"disposed":false,"username":"NekoTester","passwordLength":7,"error":"","submitting":true,"lastSubmitted":"NekoTester","renderFault":false,"recoveryCount":2,"listValues":[{"id":"first","text":"AX"},{"id":"second","text":"B"}],"listNodes":[{"id":"list-first","text":"AX","rect":{"x":0,"y":230,"width":30,"height":10}},{"id":"list-second","text":"B","rect":{"x":30,"y":230,"width":30,"height":10}}],"profile":2,"packFontWidth":36,"usernameRect":{"x":12,"y":57,"width":196,"height":20},"passwordRect":{"x":12,"y":96,"width":196,"height":20},"submitRect":{"x":12,"y":124,"width":92,"height":20}}
[0710月2026 03:13:22.307] [NekoJS-Log-Flusher/INFO] [NekoJS/]: [client] [ticket48-auto] {"stage":"list-phase-3","ticks":32714,"elapsedMs":1638322,"statistics":{"initialBuild":1,"layout":18,"reconcile":8,"resize":2,"paint":59250,"diagnostics":21,"cleanup":0},"disposed":false,"username":"NekoTester","passwordLength":7,"error":"","submitting":true,"lastSubmitted":"NekoTester","renderFault":false,"recoveryCount":3,"listValues":[{"id":"second","text":"B"}],"listNodes":[{"id":"list-second","text":"B","rect":{"x":0,"y":230,"width":30,"height":10}}],"profile":2,"packFontWidth":36,"usernameRect":{"x":12,"y":57,"width":196,"height":20},"passwordRect":{"x":12,"y":96,"width":196,"height":20},"submitRect":{"x":12,"y":124,"width":92,"height":20}}
[0710月2026 03:13:27.308] [NekoJS-Log-Flusher/INFO] [NekoJS/]: [client] [ticket48-auto] {"stage":"sample","ticks":32800,"elapsedMs":1642602,"statistics":{"initialBuild":1,"layout":19,"reconcile":8,"resize":3,"paint":59506,"diagnostics":21,"cleanup":0},"disposed":false,"username":"NekoTester","passwordLength":7,"error":"","submitting":true,"lastSubmitted":"NekoTester","renderFault":false,"recoveryCount":3,"listValues":[{"id":"second","text":"B"}],"listNodes":[{"id":"list-second","text":"B","rect":{"x":0,"y":230,"width":30,"height":10}}],"profile":3,"packFontWidth":36,"usernameRect":{"x":12,"y":57,"width":196,"height":20},"passwordRect":{"x":12,"y":96,"width":196,"height":20},"submitRect":{"x":12,"y":124,"width":92,"height":20}}
[0710月2026 03:13:32.307] [NekoJS-Log-Flusher/INFO] [NekoJS/]: [client] [ticket48-auto] {"stage":"sample","ticks":32900,"elapsedMs":1647602,"statistics":{"initialBuild":1,"layout":19,"reconcile":8,"resize":3,"paint":59804,"diagnostics":21,"cleanup":0},"disposed":false,"username":"NekoTester","passwordLength":7,"error":"","submitting":true,"lastSubmitted":"NekoTester","renderFault":false,"recoveryCount":3,"listValues":[{"id":"second","text":"B"}],"listNodes":[{"id":"list-second","text":"B","rect":{"x":0,"y":230,"width":30,"height":10}}],"profile":3,"packFontWidth":36,"usernameRect":{"x":12,"y":57,"width":196,"height":20},"passwordRect":{"x":12,"y":96,"width":196,"height":20},"submitRect":{"x":12,"y":124,"width":92,"height":20}}
[0710月2026 03:13:37.308] [NekoJS-Log-Flusher/INFO] [NekoJS/]: [client] [ticket48-auto] {"stage":"sample","ticks":33000,"elapsedMs":1652608,"statistics":{"initialBuild":1,"layout":19,"reconcile":8,"resize":3,"paint":60103,"diagnostics":21,"cleanup":0},"disposed":false,"username":"NekoTester","passwordLength":7,"error":"","submitting":true,"lastSubmitted":"NekoTester","renderFault":false,"recoveryCount":3,"listValues":[{"id":"second","text":"B"}],"listNodes":[{"id":"list-second","text":"B","rect":{"x":0,"y":230,"width":30,"height":10}}],"profile":3,"packFontWidth":36,"usernameRect":{"x":12,"y":57,"width":196,"height":20},"passwordRect":{"x":12,"y":96,"width":196,"height":20},"submitRect":{"x":12,"y":124,"width":92,"height":20}}
[0710月2026 03:13:42.308] [NekoJS-Log-Flusher/INFO] [NekoJS/]: [client] [ticket48-auto] {"stage":"sample","ticks":33100,"elapsedMs":1657605,"statistics":{"initialBuild":1,"layout":19,"reconcile":8,"resize":3,"paint":60401,"diagnostics":21,"cleanup":0},"disposed":false,"username":"NekoTester","passwordLength":7,"error":"","submitting":true,"lastSubmitted":"NekoTester","renderFault":false,"recoveryCount":3,"listValues":[{"id":"second","text":"B"}],"listNodes":[{"id":"list-second","text":"B","rect":{"x":0,"y":230,"width":30,"height":10}}],"profile":3,"packFontWidth":36,"usernameRect":{"x":12,"y":57,"width":196,"height":20},"passwordRect":{"x":12,"y":96,"width":196,"height":20},"submitRect":{"x":12,"y":124,"width":92,"height":20}}
[0710月2026 03:13:47.307] [NekoJS-Log-Flusher/INFO] [NekoJS/]: [client] [ticket48-auto] {"stage":"sample","ticks":33200,"elapsedMs":1662612,"statistics":{"initialBuild":1,"layout":19,"reconcile":8,"resize":3,"paint":60691,"diagnostics":21,"cleanup":0},"disposed":false,"username":"NekoTester","passwordLength":7,"error":"","submitting":true,"lastSubmitted":"NekoTester","renderFault":false,"recoveryCount":3,"listValues":[{"id":"second","text":"B"}],"listNodes":[{"id":"list-second","text":"B","rect":{"x":0,"y":230,"width":30,"height":10}}],"profile":3,"packFontWidth":36,"usernameRect":{"x":12,"y":57,"width":196,"height":20},"passwordRect":{"x":12,"y":96,"width":196,"height":20},"submitRect":{"x":12,"y":124,"width":92,"height":20}}
[0710月2026 03:13:52.307] [NekoJS-Log-Flusher/INFO] [NekoJS/]: [client] [ticket48-auto] {"stage":"sample","ticks":33300,"elapsedMs":1667609,"statistics":{"initialBuild":1,"layout":19,"reconcile":8,"resize":3,"paint":60989,"diagnostics":21,"cleanup":0},"disposed":false,"username":"NekoTester","passwordLength":7,"error":"","submitting":true,"lastSubmitted":"NekoTester","renderFault":false,"recoveryCount":3,"listValues":[{"id":"second","text":"B"}],"listNodes":[{"id":"list-second","text":"B","rect":{"x":0,"y":230,"width":30,"height":10}}],"profile":3,"packFontWidth":36,"usernameRect":{"x":12,"y":57,"width":196,"height":20},"passwordRect":{"x":12,"y":96,"width":196,"height":20},"submitRect":{"x":12,"y":124,"width":92,"height":20}}
[0710月2026 03:13:57.307] [NekoJS-Log-Flusher/INFO] [NekoJS/]: [client] [ticket48-auto] {"stage":"sample","ticks":33400,"elapsedMs":1672601,"statistics":{"initialBuild":1,"layout":19,"reconcile":8,"resize":3,"paint":61287,"diagnostics":21,"cleanup":0},"disposed":false,"username":"NekoTester","passwordLength":7,"error":"","submitting":true,"lastSubmitted":"NekoTester","renderFault":false,"recoveryCount":3,"listValues":[{"id":"second","text":"B"}],"listNodes":[{"id":"list-second","text":"B","rect":{"x":0,"y":230,"width":30,"height":10}}],"profile":3,"packFontWidth":36,"usernameRect":{"x":12,"y":57,"width":196,"height":20},"passwordRect":{"x":12,"y":96,"width":196,"height":20},"submitRect":{"x":12,"y":124,"width":92,"height":20}}
[0710月2026 03:14:02.307] [NekoJS-Log-Flusher/INFO] [NekoJS/]: [client] [ticket48-auto] {"stage":"sample","ticks":33500,"elapsedMs":1677611,"statistics":{"initialBuild":1,"layout":19,"reconcile":8,"resize":3,"paint":61586,"diagnostics":21,"cleanup":0},"disposed":false,"username":"NekoTester","passwordLength":7,"error":"","submitting":true,"lastSubmitted":"NekoTester","renderFault":false,"recoveryCount":3,"listValues":[{"id":"second","text":"B"}],"listNodes":[{"id":"list-second","text":"B","rect":{"x":0,"y":230,"width":30,"height":10}}],"profile":3,"packFontWidth":36,"usernameRect":{"x":12,"y":57,"width":196,"height":20},"passwordRect":{"x":12,"y":96,"width":196,"height":20},"submitRect":{"x":12,"y":124,"width":92,"height":20}}
[0710月2026 03:14:07.307] [NekoJS-Log-Flusher/INFO] [NekoJS/]: [client] [ticket48-auto] {"stage":"closed","ticks":33600,"elapsedMs":1682713,"statistics":{"initialBuild":1,"layout":19,"reconcile":8,"resize":3,"paint":61884,"diagnostics":21,"cleanup":1},"disposed":true,"username":"NekoTester","passwordLength":7,"error":"","submitting":true,"lastSubmitted":"NekoTester","renderFault":false,"recoveryCount":3,"listValues":[{"id":"second","text":"B"}],"listNodes":[],"profile":null,"packFontWidth":null,"usernameRect":null,"passwordRect":null,"submitRect":null}
