[0710月2026 00:45:46.289] [main/INFO] [net.neoforged.fml.startup.Entrypoint/]: JVM Uptime at startup: 105ms
[0710月2026 00:45:46.535] [main/INFO] [net.neoforged.fml.loading.FMLLoader/]: Starting FancyModLoader version 11.0.16 (CLIENT in PROD)
[0710月2026 00:45:46.535] [main/INFO] [net.neoforged.fml.loading.FMLLoader/]: Game directory: D:\mcmodDemo\NekoJS-mult\build\ticket48-autonomous
[0710月2026 00:45:46.627] [main/INFO] [net.neoforged.fml.loading.EarlyServiceDiscovery/]: Found 2 early service jars (out of 118) in 50ms
[0710月2026 00:45:46.628] [main/INFO] [net.neoforged.fml.loading.FMLLoader/]: Loading FML Early Services:
[0710月2026 00:45:46.629] [main/INFO] [net.neoforged.fml.loading.FMLLoader/]:  - C:/Users/11515/AppData/Roaming/.minecraft/libraries/net/neoforged/fancymodloader/loader/11.0.16/loader-11.0.16.jar
[0710月2026 00:45:46.631] [main/INFO] [net.neoforged.fml.loading.FMLLoader/]:  - C:/Users/11515/AppData/Roaming/.minecraft/libraries/net/neoforged/fancymodloader/earlydisplay/11.0.16/earlydisplay-11.0.16.jar
[0710月2026 00:45:46.641] [main/INFO] [net.neoforged.fml.loading.ImmediateWindowHandler/]: Loading ImmediateWindowProvider fmlearlywindow
[0710月2026 00:45:47.821] [ForkJoinPool.commonPool-worker-11/INFO] [net.neoforged.fml.loading.moddiscovery.locators.GameLocator/]: Marking unmodified client jar as claimed to prevent loading: C:\Users\11515\AppData\Roaming\.minecraft\versions\26.2\26.2.jar
[0710月2026 00:45:47.832] [ForkJoinPool.commonPool-worker-11/INFO] [net.neoforged.fml.loading.moddiscovery.locators.GameLocator/]: Failed to find common Minecraft classes and resources on the classpath. Assuming we're launching production.
[0710月2026 00:45:47.884] [fml-loadingscreen/INFO] [net.neoforged.fml.earlydisplay.render.LoadingScreenRenderer/]: GL info: NVIDIA GeForce RTX 3060 Laptop GPU/PCIe/SSE2 GL version 3.3.0 NVIDIA 610.88, NVIDIA Corporation
[0710月2026 00:45:48.209] [ForkJoinPool.commonPool-worker-11/INFO] [net.neoforged.fml.loading.moddiscovery.locators.JarInJarDependencyLocator/]: Found 3 dependencies adding them to mods collection
[0710月2026 00:45:48.212] [ForkJoinPool.commonPool-worker-11/INFO] [net.neoforged.fml.loading.moddiscovery.ModDiscoverer/]: 
     Mod List:
		Name Version (Mod Id)

		GraalMC 25.1.3.7 (graalmc)
		Minecraft 26.2 (minecraft)
		ModDev MCP 0.4.2 (mcpmod)
		NekoJS 1.1.0-preview3 (nekojs)
		NeoForge 26.2.0.75 (neoforge)
[0710月2026 00:45:48.378] [main/INFO] [mixin/]: SpongePowered MIXIN Subsystem Version=0.8.7 Source=file:/C:/Users/11515/AppData/Roaming/.minecraft/libraries/net/fabricmc/sponge-mixin/0.17.3+mixin.0.8.7/sponge-mixin-0.17.3+mixin.0.8.7.jar Service=FML Env=CLIENT
[0710月2026 00:45:48.414] [main/INFO] [net.neoforged.fml.loading.FMLLoader/]: Loading FML Plugins:
[0710月2026 00:45:48.415] [main/INFO] [net.neoforged.fml.loading.FMLLoader/]:  - mods/nekojs-neoforge-26.2.0-1.1.0-preview3.jar > icu4j-78.3.jar
[0710月2026 00:45:48.415] [main/INFO] [net.neoforged.fml.loading.FMLLoader/]:  - ~libraries/net/neoforged/neoforge/26.2.0.75/neoforge-26.2.0.75-universal.jar > net.neoforged.neoforge-coremods-26.2.0.75.jar
[0710月2026 00:45:48.503] [main/INFO] [net.neoforged.fml.loading.FMLLoader/]: Building game content classloader:
 - graalmc (jar(mods/graal-1504336-8762962.jar))
 - mcpmod (jar(mods/minecraft-mcp-26.2-neoforge.jar))
 - minecraft (jar(~libraries/net/neoforged/minecraft-client-patched/26.2.0.75/minecraft-client-patched-26.2.0.75.jar))
 - mixinextras.neoforge (jar(~libraries/net/neoforged/neoforge/26.2.0.75/neoforge-26.2.0.75-universal.jar > mixinextras-neoforge-0.5.4.jar))
 - nekojs (jar(mods/nekojs-neoforge-26.2.0-1.1.0-preview3.jar))
 - neoforge (jar(~libraries/net/neoforged/neoforge/26.2.0.75/neoforge-26.2.0.75-universal.jar))
 - net.neoforged.fml.generated (empty(VirtualJar/net.neoforged.fml.generated))
[0710月2026 00:45:48.520] [main/INFO] [net.neoforged.fml.loading.FMLLoader/]: Built game content classloader in 29ms
[0710月2026 00:45:50.431] [main/INFO] [MixinExtras|Service/]: Initializing MixinExtras via com.llamalad7.mixinextras.service.MixinExtrasServiceImpl(version=0.5.4).
[0710月2026 00:46:03.955] [Datafixer Bootstrap #0/INFO] [com.mojang.datafixers.DataFixerBuilder/]: 298 Datafixer optimizations took 11928 milliseconds
[0710月2026 00:46:08.130] [modloading-worker-0/INFO] [net.neoforged.neoforge.common.NeoForgeMod/NEOFORGE-MOD]: NeoForge mod loading, version 26.2.0.75, for MC 26.2
[0710月2026 00:46:08.189] [modloading-worker-0/INFO] [NekoJS/]: Engine config loaded. Unsafe features enabled: false
[0710月2026 00:46:09.410] [modloading-worker-0/INFO] [NekoJS/]: Engine config loaded. Unsafe features enabled: false
[0710月2026 00:46:10.422] [NekoJS-Log-Flusher/INFO] [NekoJS/]: [NekoJS] NekoJS plugin runtime bootstrapped once (assembly)
[0710月2026 00:46:10.424] [NekoJS-Log-Flusher/INFO] [NekoJS/]: [startup] 发现了 1 个 STARTUP 脚本 — scripts discovered
[0710月2026 00:46:10.427] [NekoJS-Log-Flusher/INFO] [NekoJS/]: [server] 发现了 1 个 SERVER 脚本 — scripts discovered
[0710月2026 00:46:10.428] [NekoJS-Log-Flusher/INFO] [NekoJS/]: [client] 发现了 4 个 CLIENT 脚本 — scripts discovered
[0710月2026 00:46:16.717] [modloading-worker-0/INFO] [NekoJS/]: 正在为 STARTUP 注册 16 个事件组... — registering event groups
[0710月2026 00:46:17.386] [NekoJS-Log-Flusher/INFO] [NekoJS/]: [startup] Hello, World! (Loaded startup example script)
[0710月2026 00:46:17.587] [modloading-sync-worker/INFO] [NekoJS/]: 正在为 CLIENT 注册 16 个事件组... — registering event groups
[0710月2026 00:46:18.610] [modloading-sync-worker/INFO] [com.tkisor.nekojs.client.posteffect.PostEffectManager/]: Installed client post-effect generation 0 (0 definition(s), 0 removed, 0 re-declared)
[0710月2026 00:46:18.613] [modloading-sync-worker/WARN] [net.neoforged.fml.DeferredWorkQueue/LOADING]: Mod 'nekojs' took 1.381 s to run a deferred task.
[0710月2026 00:46:19.394] [NekoJS-Log-Flusher/INFO] [NekoJS/]: [client] Hello, World! (Loaded client example script)
[0710月2026 00:46:19.859] [Render thread/INFO] [com.mojang.authlib.yggdrasil.YggdrasilAuthenticationService/]: Environment: Environment[sessionHost=https://sessionserver.mojang.com, servicesHost=https://api.minecraftservices.com, profilesHost=https://api.mojang.com, name=PROD]
[0710月2026 00:46:19.891] [Render thread/INFO] [net.minecraft.client.Minecraft/]: Setting user: NekoDev
[0710月2026 00:46:20.100] [Render thread/INFO] [net.minecraft.client.Minecraft/]: Backend library: LWJGL version 3.4.1+2
[0710月2026 00:46:20.381] [Render thread/INFO] [net.minecraft.client.Minecraft/]: Using graphics backend OpenGL, using drivers: 3.3.0 NVIDIA 610.88
[0710月2026 00:46:20.382] [Render thread/INFO] [net.minecraft.client.Minecraft/]: Using graphics device: NVIDIA GeForce RTX 3060 Laptop GPU/PCIe/SSE2 (NVIDIA Corporation)
[0710月2026 00:46:20.382] [Render thread/INFO] [net.minecraft.client.Minecraft/]: Using graphics device extensions: GL_ARB_multi_draw_indirect, GL_ARB_buffer_storage, GL_ARB_shader_draw_parameters, GL_ARB_base_instance, GL_KHR_debug, GL_ARB_draw_indirect, GL_ARB_clip_control, GL_ARB_vertex_attrib_binding, GL_ARB_direct_state_access, GL_EXT_texture_filter_anisotropic
[0710月2026 00:46:20.672] [Render thread/WARN] [net.neoforged.neoforge.resource.ResourcePackLoader/]: Error reading optional pack metadata for mod/mcpmod, attempting fallback type
com.google.gson.JsonParseException: Pack declares support for version newer than 64, but is missing mandatory fields min_format and max_format
	at com.mojang.serialization.DataResult$Error.getOrThrow(DataResult.java:287) ~[datafixerupper-10.0.21.jar:?]
	at TRANSFORMER/minecraft@26.2/net.minecraft.server.packs.resources.ResourceMetadata$2.getSection(ResourceMetadata.java:38) ~[minecraft-client-patched-26.2.0.75.jar:?]
	at TRANSFORMER/minecraft@26.2/net.minecraft.server.packs.AbstractPackResources.getMetadataSection(AbstractPackResources.java:24) ~[minecraft-client-patched-26.2.0.75.jar:?]
	at TRANSFORMER/neoforge@26.2.0.75/net.neoforged.neoforge.resource.ResourcePackLoader.readMeta(ResourcePackLoader.java:202) ~[neoforge-26.2.0.75-universal.jar:?]
	at TRANSFORMER/neoforge@26.2.0.75/net.neoforged.neoforge.resource.ResourcePackLoader.readWithOptionalMeta(ResourcePackLoader.java:193) ~[neoforge-26.2.0.75-universal.jar:?]
	at TRANSFORMER/neoforge@26.2.0.75/net.neoforged.neoforge.resource.ResourcePackLoader.packFinder(ResourcePackLoader.java:134) ~[neoforge-26.2.0.75-universal.jar:?]
	at TRANSFORMER/neoforge@26.2.0.75/net.neoforged.neoforge.resource.ResourcePackLoader.lambda$buildPackFinder$0(ResourcePackLoader.java:97) ~[neoforge-26.2.0.75-universal.jar:?]
	at TRANSFORMER/minecraft@26.2/net.minecraft.server.packs.repository.PackRepository.discoverAvailable(PackRepository.java:45) [minecraft-client-patched-26.2.0.75.jar:?]
	at TRANSFORMER/minecraft@26.2/net.minecraft.server.packs.repository.PackRepository.reload(PackRepository.java:35) [minecraft-client-patched-26.2.0.75.jar:?]
	at TRANSFORMER/minecraft@26.2/net.minecraft.client.Minecraft.<init>(Minecraft.java:563) [minecraft-client-patched-26.2.0.75.jar:?]
	at TRANSFORMER/minecraft@26.2/net.minecraft.client.main.Main.main(Main.java:280) [minecraft-client-patched-26.2.0.75.jar:?]
	at net.neoforged.fml.startup.Client.main(Client.java:19) [loader-11.0.16.jar:11.0]
[0710月2026 00:46:21.181] [Download-2/ERROR] [net.minecraft.client.Minecraft/]: Failed to fetch user properties
com.mojang.authlib.exceptions.InvalidCredentialsException: Status: 401
	at com.mojang.authlib.exceptions.MinecraftClientHttpException.toAuthenticationException(MinecraftClientHttpException.java:70) ~[authlib-9.0.75.jar:?]
	at com.mojang.authlib.yggdrasil.YggdrasilUserApiService.fetchProperties(YggdrasilUserApiService.java:173) ~[authlib-9.0.75.jar:?]
	at TRANSFORMER/minecraft@26.2/net.minecraft.client.Minecraft.lambda$new$1(Minecraft.java:409) [minecraft-client-patched-26.2.0.75.jar:?]
	at java.base/java.util.concurrent.CompletableFuture$AsyncSupply.run(CompletableFuture.java:1789) [?:?]
	at java.base/java.util.concurrent.ThreadPoolExecutor.runWorker(ThreadPoolExecutor.java:1090) [?:?]
	at java.base/java.util.concurrent.ThreadPoolExecutor$Worker.run(ThreadPoolExecutor.java:614) [?:?]
	at java.base/java.lang.Thread.run(Thread.java:1474) [?:?]
Caused by: MinecraftClientHttpException[type=HTTP_ERROR, status=401, response=ErrorResponse[path=/player/attributes, error=null, errorMessage=null, details=null]]
	at com.mojang.authlib.minecraft.client.MinecraftClient.buildHttpException(MinecraftClient.java:170) ~[authlib-9.0.75.jar:?]
	at com.mojang.authlib.minecraft.client.MinecraftClient.readServiceResponse(MinecraftClient.java:147) ~[authlib-9.0.75.jar:?]
	at com.mojang.authlib.minecraft.client.MinecraftClient.getWithEtag(MinecraftClient.java:81) ~[authlib-9.0.75.jar:?]
	at com.mojang.authlib.minecraft.client.MinecraftClient.get(MinecraftClient.java:65) ~[authlib-9.0.75.jar:?]
	at com.mojang.authlib.yggdrasil.YggdrasilUserApiService.fetchProperties(YggdrasilUserApiService.java:123) ~[authlib-9.0.75.jar:?]
	... 5 more
[0710月2026 00:46:22.272] [Render thread/INFO] [net.minecraft.server.packs.resources.ReloadableResourceManager/]: Reloading ResourceManager: vanilla, mod_resources, mod/nekojs, mod/graalmc, mod/neoforge, mod/mcpmod, nekojs
[0710月2026 00:46:22.585] [Download-1/INFO] [com.mojang.realmsclient.client.RealmsClient/]: Could not authorize you against Realms server: javax.ws.rs.BadRequestException: Invalid session
[0710月2026 00:46:22.635] [Download-1/ERROR] [com.mojang.realmsclient.client.RealmsClient/]: Failed to fetch Realms feature flags
com.mojang.realmsclient.exception.RealmsServiceException: Realms authentication error with message 'javax.ws.rs.BadRequestException: Invalid session'
	at TRANSFORMER/minecraft@26.2/com.mojang.realmsclient.client.RealmsClient.execute(RealmsClient.java:517) [minecraft-client-patched-26.2.0.75.jar:?]
	at TRANSFORMER/minecraft@26.2/com.mojang.realmsclient.client.RealmsClient.fetchFeatureFlags(RealmsClient.java:162) [minecraft-client-patched-26.2.0.75.jar:?]
	at java.base/java.util.concurrent.CompletableFuture$AsyncSupply.run(CompletableFuture.java:1789) [?:?]
	at java.base/java.util.concurrent.ThreadPoolExecutor.runWorker(ThreadPoolExecutor.java:1090) [?:?]
	at java.base/java.util.concurrent.ThreadPoolExecutor$Worker.run(ThreadPoolExecutor.java:614) [?:?]
	at java.base/java.lang.Thread.run(Thread.java:1474) [?:?]
[0710月2026 00:46:22.868] [Worker-Main-19/INFO] [net.minecraft.client.gui.font.providers.UnihexProvider/]: Found unifont_pua-17.0.01.hex, loading
[0710月2026 00:46:22.873] [Worker-Main-18/INFO] [net.minecraft.client.gui.font.providers.UnihexProvider/]: Found unifont_all_no_pua-17.0.01.hex, loading
[0710月2026 00:46:24.074] [Worker-Main-11/INFO] [net.minecraft.client.gui.font.providers.UnihexProvider/]: Found unifont_jp_patch-17.0.01.hex, loading
[0710月2026 00:46:27.751] [Render thread/WARN] [com.mojang.blaze3d.opengl.GlProgram/]: neoforge:pipeline/item_cutout_unlit shader program does not use sampler Sampler2 defined in the pipeline. This might be a bug.
[0710月2026 00:46:27.767] [Render thread/WARN] [com.mojang.blaze3d.opengl.GlProgram/]: neoforge:pipeline/item_translucent_unlit shader program does not use sampler Sampler2 defined in the pipeline. This might be a bug.
[0710月2026 00:46:27.884] [Render thread/INFO] [com.mojang.blaze3d.audio.Library/]: OpenAL initialized on device OpenAL Soft on 扬声器 (Razer Barracuda X)
[0710月2026 00:46:27.887] [Render thread/INFO] [net.minecraft.client.sounds.SoundEngine/SOUNDS]: Sound engine started
[0710月2026 00:46:27.887] [Render thread/INFO] [net.minecraft.client.renderer.texture.TextureAtlas/]: Created: 512x256x0 minecraft:textures/atlas/particles.png-atlas
[0710月2026 00:46:27.925] [Render thread/INFO] [net.minecraft.client.renderer.texture.TextureAtlas/]: Created: 128x128x0 minecraft:textures/atlas/decorated_pot.png-atlas
[0710月2026 00:46:27.933] [Render thread/INFO] [net.minecraft.client.renderer.texture.TextureAtlas/]: Created: 2048x1024x0 minecraft:textures/atlas/armor_trims.png-atlas
[0710月2026 00:46:27.957] [Render thread/INFO] [net.minecraft.client.renderer.texture.TextureAtlas/]: Created: 512x256x0 minecraft:textures/atlas/paintings.png-atlas
[0710月2026 00:46:27.993] [Render thread/INFO] [net.minecraft.client.renderer.texture.TextureAtlas/]: Created: 1024x512x0 minecraft:textures/atlas/shield_patterns.png-atlas
[0710月2026 00:46:27.998] [Render thread/INFO] [net.minecraft.client.renderer.texture.TextureAtlas/]: Created: 2048x2048x4 minecraft:textures/atlas/blocks.png-atlas
[0710月2026 00:46:28.227] [Render thread/INFO] [net.minecraft.client.renderer.texture.TextureAtlas/]: Created: 512x512x0 minecraft:textures/atlas/chest.png-atlas
[0710月2026 00:46:28.249] [Render thread/INFO] [net.minecraft.client.renderer.texture.TextureAtlas/]: Created: 256x128x0 minecraft:textures/atlas/celestials.png-atlas
[0710月2026 00:46:28.255] [Render thread/INFO] [net.minecraft.client.renderer.texture.TextureAtlas/]: Created: 1024x512x0 minecraft:textures/atlas/banner_patterns.png-atlas
[0710月2026 00:46:28.259] [Render thread/INFO] [net.minecraft.client.renderer.texture.TextureAtlas/]: Created: 1024x512x0 minecraft:textures/atlas/items.png-atlas
[0710月2026 00:46:28.290] [Render thread/INFO] [net.minecraft.client.renderer.texture.TextureAtlas/]: Created: 1024x1024x0 minecraft:textures/atlas/gui.png-atlas
[0710月2026 00:46:28.340] [Render thread/INFO] [net.minecraft.client.renderer.texture.TextureAtlas/]: Created: 128x64x0 minecraft:textures/atlas/map_decorations.png-atlas
[0710月2026 00:46:28.368] [Render thread/INFO] [net.minecraft.client.renderer.texture.TextureAtlas/]: Created: 512x512x0 minecraft:textures/atlas/shulker_boxes.png-atlas
[0710月2026 00:46:28.568] [Render thread/INFO] [net.neoforged.neoforge.client.entity.animation.json.AnimationLoader/]: Loaded 0 entity animations
[0710月2026 00:46:29.073] [Render thread/INFO] [NekoJS/]: 正在为 CLIENT 注册 16 个事件组... — registering event groups
[0710月2026 00:46:29.089] [Render thread/INFO] [NekoJS/]: [client] 正在重载 CLIENT 脚本... — reloading scripts (x2)
[0710月2026 00:46:29.160] [Render thread/INFO] [NekoJS/]: [client] 发现了 4 个 CLIENT 脚本 — scripts discovered
[0710月2026 00:46:29.167] [Render thread/INFO] [com.tkisor.nekojs.client.posteffect.PostEffectManager/]: Installed client post-effect generation 1 (0 definition(s), 0 removed, 0 re-declared)
[0710月2026 00:46:29.171] [Render thread/INFO] [NekoJS/]: [client] Hello, World! (Loaded client example script)
[0710月2026 00:46:29.379] [NekoJS-Log-Flusher/INFO] [NekoJS/]: [client] CLIENT 脚本重载完毕 — script reload finished (x2)
[0710月2026 00:46:29.651] [Download-1/INFO] [com.mojang.realmsclient.client.RealmsClient/]: Could not authorize you against Realms server: javax.ws.rs.BadRequestException: Invalid session
[0710月2026 00:46:29.651] [Download-1/ERROR] [com.mojang.realmsclient.RealmsAvailability/]: Couldn't connect to realms
com.mojang.realmsclient.exception.RealmsServiceException: Realms authentication error with message 'javax.ws.rs.BadRequestException: Invalid session'
	at TRANSFORMER/minecraft@26.2/com.mojang.realmsclient.client.RealmsClient.execute(RealmsClient.java:517) ~[minecraft-client-patched-26.2.0.75.jar:?]
	at TRANSFORMER/minecraft@26.2/com.mojang.realmsclient.client.RealmsClient.clientCompatible(RealmsClient.java:284) ~[minecraft-client-patched-26.2.0.75.jar:?]
	at TRANSFORMER/minecraft@26.2/com.mojang.realmsclient.RealmsAvailability.lambda$check$0(RealmsAvailability.java:50) [minecraft-client-patched-26.2.0.75.jar:?]
	at java.base/java.util.concurrent.CompletableFuture$AsyncSupply.run(CompletableFuture.java:1789) [?:?]
	at java.base/java.util.concurrent.ThreadPoolExecutor.runWorker(ThreadPoolExecutor.java:1090) [?:?]
	at java.base/java.util.concurrent.ThreadPoolExecutor$Worker.run(ThreadPoolExecutor.java:614) [?:?]
	at java.base/java.lang.Thread.run(Thread.java:1474) [?:?]
[0710月2026 00:46:35.313] [Render thread/INFO] [NekoJS/]: [client] [ticket48-auto] {"stage":"open","ticks":120,"elapsedMs":6123,"statistics":{"initialBuild":1,"layout":2,"reconcile":0,"resize":1,"paint":0,"diagnostics":0,"cleanup":0},"disposed":false,"username":"","passwordLength":0,"error":"","submitting":false,"lastSubmitted":"","renderFault":false,"recoveryCount":0,"profile":2,"packFontWidth":36,"usernameRect":{"x":12,"y":57,"width":196,"height":12},"passwordRect":{"x":12,"y":88,"width":196,"height":12},"submitRect":{"x":12,"y":108,"width":92,"height":20}}
[0710月2026 00:46:35.351] [Render thread/INFO] [NekoJS/]: [client] [ticket48-auto] {"stage":"profile-1-result-true","ticks":120,"elapsedMs":6179,"statistics":{"initialBuild":1,"layout":3,"reconcile":0,"resize":1,"paint":0,"diagnostics":0,"cleanup":0},"disposed":false,"username":"","passwordLength":0,"error":"","submitting":false,"lastSubmitted":"","renderFault":false,"recoveryCount":0,"profile":1,"packFontWidth":36,"usernameRect":{"x":12,"y":57,"width":196,"height":12},"passwordRect":{"x":12,"y":88,"width":196,"height":12},"submitRect":{"x":12,"y":108,"width":92,"height":20}}
[0710月2026 00:46:35.379] [NekoJS-Log-Flusher/INFO] [NekoJS/]: [client] [ticket48-auto] {"stage":"profile-2-result-true","ticks":120,"elapsedMs":6217,"statistics":{"initialBuild":1,"layout":4,"reconcile":0,"resize":1,"paint":0,"diagnostics":0,"cleanup":0},"disposed":false,"username":"","passwordLength":0,"error":"","submitting":false,"lastSubmitted":"","renderFault":false,"recoveryCount":0,"profile":2,"packFontWidth":36,"usernameRect":{"x":12,"y":57,"width":196,"height":12},"passwordRect":{"x":12,"y":88,"width":196,"height":12},"submitRect":{"x":12,"y":108,"width":92,"height":20}}
[0710月2026 00:46:35.417] [Render thread/INFO] [NekoJS/]: [client] [ticket48-auto] {"stage":"profile-3-result-true","ticks":120,"elapsedMs":6254,"statistics":{"initialBuild":1,"layout":5,"reconcile":0,"resize":1,"paint":0,"diagnostics":0,"cleanup":0},"disposed":false,"username":"","passwordLength":0,"error":"","submitting":false,"lastSubmitted":"","renderFault":false,"recoveryCount":0,"profile":3,"packFontWidth":36,"usernameRect":{"x":12,"y":57,"width":196,"height":12},"passwordRect":{"x":12,"y":88,"width":196,"height":12},"submitRect":{"x":12,"y":108,"width":92,"height":20}}
[0710月2026 00:46:35.443] [Render thread/INFO] [NekoJS/]: [client] [ticket48-auto] {"stage":"profile-4-result-true","ticks":120,"elapsedMs":6283,"statistics":{"initialBuild":1,"layout":6,"reconcile":0,"resize":1,"paint":0,"diagnostics":0,"cleanup":0},"disposed":false,"username":"","passwordLength":0,"error":"","submitting":false,"lastSubmitted":"","renderFault":false,"recoveryCount":0,"profile":4,"packFontWidth":36,"usernameRect":{"x":12,"y":57,"width":196,"height":12},"passwordRect":{"x":12,"y":88,"width":196,"height":12},"submitRect":{"x":12,"y":108,"width":92,"height":20}}
[0710月2026 00:46:35.472] [Render thread/INFO] [NekoJS/]: [client] [ticket48-auto] {"stage":"profile-5-result-true","ticks":120,"elapsedMs":6309,"statistics":{"initialBuild":1,"layout":7,"reconcile":0,"resize":1,"paint":0,"diagnostics":0,"cleanup":0},"disposed":false,"username":"","passwordLength":0,"error":"","submitting":false,"lastSubmitted":"","renderFault":false,"recoveryCount":0,"profile":5,"packFontWidth":36,"usernameRect":{"x":12,"y":57,"width":196,"height":12},"passwordRect":{"x":12,"y":88,"width":196,"height":12},"submitRect":{"x":12,"y":108,"width":92,"height":20}}
[0710月2026 00:46:35.500] [Render thread/INFO] [NekoJS/]: [client] [ticket48-auto] {"stage":"profile-6-result-true","ticks":120,"elapsedMs":6337,"statistics":{"initialBuild":1,"layout":8,"reconcile":0,"resize":1,"paint":0,"diagnostics":0,"cleanup":0},"disposed":false,"username":"","passwordLength":0,"error":"","submitting":false,"lastSubmitted":"","renderFault":false,"recoveryCount":0,"profile":6,"packFontWidth":36,"usernameRect":{"x":12,"y":59,"width":196,"height":12},"passwordRect":{"x":12,"y":90,"width":196,"height":12},"submitRect":{"x":12,"y":110,"width":92,"height":20}}
[0710月2026 00:46:36.379] [NekoJS-Log-Flusher/INFO] [NekoJS/]: [client] [ticket48-auto] {"stage":"physical-window-restored","ticks":120,"elapsedMs":6367,"statistics":{"initialBuild":1,"layout":9,"reconcile":0,"resize":1,"paint":0,"diagnostics":0,"cleanup":0},"disposed":false,"username":"","passwordLength":0,"error":"","submitting":false,"lastSubmitted":"","renderFault":false,"recoveryCount":0,"profile":2,"packFontWidth":36,"usernameRect":{"x":12,"y":57,"width":196,"height":12},"passwordRect":{"x":12,"y":88,"width":196,"height":12},"submitRect":{"x":12,"y":108,"width":92,"height":20}}
[0710月2026 00:46:39.379] [NekoJS-Log-Flusher/INFO] [NekoJS/]: [client] [ticket48-auto] {"stage":"sample","ticks":200,"elapsedMs":9870,"statistics":{"initialBuild":1,"layout":9,"reconcile":0,"resize":1,"paint":209,"diagnostics":0,"cleanup":0},"disposed":false,"username":"","passwordLength":0,"error":"","submitting":false,"lastSubmitted":"","renderFault":false,"recoveryCount":0,"profile":2,"packFontWidth":36,"usernameRect":{"x":12,"y":57,"width":196,"height":12},"passwordRect":{"x":12,"y":88,"width":196,"height":12},"submitRect":{"x":12,"y":108,"width":92,"height":20}}
[0710月2026 00:46:44.379] [NekoJS-Log-Flusher/INFO] [NekoJS/]: [client] [ticket48-auto] {"stage":"sample","ticks":300,"elapsedMs":14868,"statistics":{"initialBuild":1,"layout":9,"reconcile":0,"resize":1,"paint":507,"diagnostics":0,"cleanup":0},"disposed":false,"username":"","passwordLength":0,"error":"","submitting":false,"lastSubmitted":"","renderFault":false,"recoveryCount":0,"profile":2,"packFontWidth":36,"usernameRect":{"x":12,"y":57,"width":196,"height":12},"passwordRect":{"x":12,"y":88,"width":196,"height":12},"submitRect":{"x":12,"y":108,"width":92,"height":20}}
[0710月2026 00:46:49.379] [NekoJS-Log-Flusher/INFO] [NekoJS/]: [client] [ticket48-auto] {"stage":"sample","ticks":400,"elapsedMs":19886,"statistics":{"initialBuild":1,"layout":9,"reconcile":0,"resize":1,"paint":733,"diagnostics":0,"cleanup":0},"disposed":false,"username":"","passwordLength":0,"error":"","submitting":false,"lastSubmitted":"","renderFault":false,"recoveryCount":0,"profile":2,"packFontWidth":36,"usernameRect":{"x":12,"y":57,"width":196,"height":12},"passwordRect":{"x":12,"y":88,"width":196,"height":12},"submitRect":{"x":12,"y":108,"width":92,"height":20}}
[0710月2026 00:46:54.379] [NekoJS-Log-Flusher/INFO] [NekoJS/]: [client] [ticket48-auto] {"stage":"sample","ticks":500,"elapsedMs":24866,"statistics":{"initialBuild":1,"layout":9,"reconcile":0,"resize":1,"paint":882,"diagnostics":0,"cleanup":0},"disposed":false,"username":"","passwordLength":0,"error":"","submitting":false,"lastSubmitted":"","renderFault":false,"recoveryCount":0,"profile":2,"packFontWidth":36,"usernameRect":{"x":12,"y":57,"width":196,"height":12},"passwordRect":{"x":12,"y":88,"width":196,"height":12},"submitRect":{"x":12,"y":108,"width":92,"height":20}}
[0710月2026 00:46:59.380] [NekoJS-Log-Flusher/INFO] [NekoJS/]: [client] [ticket48-auto] {"stage":"sample","ticks":600,"elapsedMs":29880,"statistics":{"initialBuild":1,"layout":9,"reconcile":0,"resize":1,"paint":1032,"diagnostics":0,"cleanup":0},"disposed":false,"username":"","passwordLength":0,"error":"","submitting":false,"lastSubmitted":"","renderFault":false,"recoveryCount":0,"profile":2,"packFontWidth":36,"usernameRect":{"x":12,"y":57,"width":196,"height":12},"passwordRect":{"x":12,"y":88,"width":196,"height":12},"submitRect":{"x":12,"y":108,"width":92,"height":20}}
[0710月2026 00:47:04.380] [NekoJS-Log-Flusher/INFO] [NekoJS/]: [client] [ticket48-auto] {"stage":"sample","ticks":700,"elapsedMs":34892,"statistics":{"initialBuild":1,"layout":9,"reconcile":0,"resize":1,"paint":1182,"diagnostics":0,"cleanup":0},"disposed":false,"username":"","passwordLength":0,"error":"","submitting":false,"lastSubmitted":"","renderFault":false,"recoveryCount":0,"profile":2,"packFontWidth":36,"usernameRect":{"x":12,"y":57,"width":196,"height":12},"passwordRect":{"x":12,"y":88,"width":196,"height":12},"submitRect":{"x":12,"y":108,"width":92,"height":20}}
[0710月2026 00:47:09.380] [NekoJS-Log-Flusher/INFO] [NekoJS/]: [client] [ticket48-auto] {"stage":"sample","ticks":800,"elapsedMs":39873,"statistics":{"initialBuild":1,"layout":9,"reconcile":0,"resize":1,"paint":1331,"diagnostics":0,"cleanup":0},"disposed":false,"username":"","passwordLength":0,"error":"","submitting":false,"lastSubmitted":"","renderFault":false,"recoveryCount":0,"profile":2,"packFontWidth":36,"usernameRect":{"x":12,"y":57,"width":196,"height":12},"passwordRect":{"x":12,"y":88,"width":196,"height":12},"submitRect":{"x":12,"y":108,"width":92,"height":20}}
[0710月2026 00:47:14.379] [NekoJS-Log-Flusher/INFO] [NekoJS/]: [client] [ticket48-auto] {"stage":"sample","ticks":900,"elapsedMs":44886,"statistics":{"initialBuild":1,"layout":9,"reconcile":0,"resize":1,"paint":1481,"diagnostics":0,"cleanup":0},"disposed":false,"username":"","passwordLength":0,"error":"","submitting":false,"lastSubmitted":"","renderFault":false,"recoveryCount":0,"profile":2,"packFontWidth":36,"usernameRect":{"x":12,"y":57,"width":196,"height":12},"passwordRect":{"x":12,"y":88,"width":196,"height":12},"submitRect":{"x":12,"y":108,"width":92,"height":20}}
[0710月2026 00:47:19.379] [NekoJS-Log-Flusher/INFO] [NekoJS/]: [client] [ticket48-auto] {"stage":"sample","ticks":1000,"elapsedMs":49868,"statistics":{"initialBuild":1,"layout":9,"reconcile":0,"resize":1,"paint":1630,"diagnostics":0,"cleanup":0},"disposed":false,"username":"","passwordLength":0,"error":"","submitting":false,"lastSubmitted":"","renderFault":false,"recoveryCount":0,"profile":2,"packFontWidth":36,"usernameRect":{"x":12,"y":57,"width":196,"height":12},"passwordRect":{"x":12,"y":88,"width":196,"height":12},"submitRect":{"x":12,"y":108,"width":92,"height":20}}
[0710月2026 00:47:24.379] [NekoJS-Log-Flusher/INFO] [NekoJS/]: [client] [ticket48-auto] {"stage":"sample","ticks":1100,"elapsedMs":54880,"statistics":{"initialBuild":1,"layout":9,"reconcile":0,"resize":1,"paint":1780,"diagnostics":0,"cleanup":0},"disposed":false,"username":"","passwordLength":0,"error":"","submitting":false,"lastSubmitted":"","renderFault":false,"recoveryCount":0,"profile":2,"packFontWidth":36,"usernameRect":{"x":12,"y":57,"width":196,"height":12},"passwordRect":{"x":12,"y":88,"width":196,"height":12},"submitRect":{"x":12,"y":108,"width":92,"height":20}}
[0710月2026 00:47:29.379] [NekoJS-Log-Flusher/INFO] [NekoJS/]: [client] [ticket48-auto] {"stage":"sample","ticks":1200,"elapsedMs":59864,"statistics":{"initialBuild":1,"layout":9,"reconcile":0,"resize":1,"paint":1929,"diagnostics":0,"cleanup":0},"disposed":false,"username":"","passwordLength":0,"error":"","submitting":false,"lastSubmitted":"","renderFault":false,"recoveryCount":0,"profile":2,"packFontWidth":36,"usernameRect":{"x":12,"y":57,"width":196,"height":12},"passwordRect":{"x":12,"y":88,"width":196,"height":12},"submitRect":{"x":12,"y":108,"width":92,"height":20}}
[0710月2026 00:47:34.379] [NekoJS-Log-Flusher/INFO] [NekoJS/]: [client] [ticket48-auto] {"stage":"sample","ticks":1300,"elapsedMs":64864,"statistics":{"initialBuild":1,"layout":27,"reconcile":18,"resize":1,"paint":2135,"diagnostics":0,"cleanup":0},"disposed":false,"username":"NekoTester","passwordLength":7,"error":"","submitting":true,"lastSubmitted":"NekoTester","renderFault":false,"recoveryCount":0,"profile":2,"packFontWidth":36,"usernameRect":{"x":12,"y":57,"width":196,"height":12},"passwordRect":{"x":12,"y":88,"width":196,"height":12},"submitRect":{"x":12,"y":108,"width":92,"height":20}}
[0710月2026 00:47:39.381] [NekoJS-Log-Flusher/INFO] [NekoJS/]: [client] [ticket48-auto] {"stage":"sample","ticks":1400,"elapsedMs":69875,"statistics":{"initialBuild":1,"layout":27,"reconcile":18,"resize":1,"paint":2433,"diagnostics":0,"cleanup":0},"disposed":false,"username":"NekoTester","passwordLength":7,"error":"","submitting":true,"lastSubmitted":"NekoTester","renderFault":false,"recoveryCount":0,"profile":2,"packFontWidth":36,"usernameRect":{"x":12,"y":57,"width":196,"height":12},"passwordRect":{"x":12,"y":88,"width":196,"height":12},"submitRect":{"x":12,"y":108,"width":92,"height":20}}
[0710月2026 00:47:44.379] [NekoJS-Log-Flusher/INFO] [NekoJS/]: [client] [ticket48-auto] {"stage":"sample","ticks":1500,"elapsedMs":74868,"statistics":{"initialBuild":1,"layout":27,"reconcile":18,"resize":1,"paint":2731,"diagnostics":0,"cleanup":0},"disposed":false,"username":"NekoTester","passwordLength":7,"error":"","submitting":true,"lastSubmitted":"NekoTester","renderFault":false,"recoveryCount":0,"profile":2,"packFontWidth":36,"usernameRect":{"x":12,"y":57,"width":196,"height":12},"passwordRect":{"x":12,"y":88,"width":196,"height":12},"submitRect":{"x":12,"y":108,"width":92,"height":20}}
[0710月2026 00:47:49.380] [NekoJS-Log-Flusher/INFO] [NekoJS/]: [client] [ticket48-auto] {"stage":"sample","ticks":1600,"elapsedMs":79862,"statistics":{"initialBuild":1,"layout":27,"reconcile":18,"resize":1,"paint":3029,"diagnostics":0,"cleanup":0},"disposed":false,"username":"NekoTester","passwordLength":7,"error":"","submitting":true,"lastSubmitted":"NekoTester","renderFault":false,"recoveryCount":0,"profile":2,"packFontWidth":36,"usernameRect":{"x":12,"y":57,"width":196,"height":12},"passwordRect":{"x":12,"y":88,"width":196,"height":12},"submitRect":{"x":12,"y":108,"width":92,"height":20}}
[0710月2026 00:47:53.034] [Render thread/INFO] [net.minecraft.client.gui.components.ChatComponent/]: [System] [CHAT] [Debug]: Reloaded resource packs
[0710月2026 00:47:53.040] [Render thread/WARN] [net.neoforged.neoforge.resource.ResourcePackLoader/]: Error reading optional pack metadata for mod/mcpmod, attempting fallback type
com.google.gson.JsonParseException: Pack declares support for version newer than 64, but is missing mandatory fields min_format and max_format
	at com.mojang.serialization.DataResult$Error.getOrThrow(DataResult.java:287) ~[datafixerupper-10.0.21.jar:?]
	at TRANSFORMER/minecraft@26.2/net.minecraft.server.packs.resources.ResourceMetadata$2.getSection(ResourceMetadata.java:38) ~[minecraft-client-patched-26.2.0.75.jar:?]
	at TRANSFORMER/minecraft@26.2/net.minecraft.server.packs.AbstractPackResources.getMetadataSection(AbstractPackResources.java:24) ~[minecraft-client-patched-26.2.0.75.jar:?]
	at TRANSFORMER/neoforge@26.2.0.75/net.neoforged.neoforge.resource.ResourcePackLoader.readMeta(ResourcePackLoader.java:202) ~[neoforge-26.2.0.75-universal.jar:?]
	at TRANSFORMER/neoforge@26.2.0.75/net.neoforged.neoforge.resource.ResourcePackLoader.readWithOptionalMeta(ResourcePackLoader.java:193) ~[neoforge-26.2.0.75-universal.jar:?]
	at TRANSFORMER/neoforge@26.2.0.75/net.neoforged.neoforge.resource.ResourcePackLoader.packFinder(ResourcePackLoader.java:134) ~[neoforge-26.2.0.75-universal.jar:?]
	at TRANSFORMER/neoforge@26.2.0.75/net.neoforged.neoforge.resource.ResourcePackLoader.lambda$buildPackFinder$0(ResourcePackLoader.java:97) ~[neoforge-26.2.0.75-universal.jar:?]
	at TRANSFORMER/minecraft@26.2/net.minecraft.server.packs.repository.PackRepository.discoverAvailable(PackRepository.java:45) ~[minecraft-client-patched-26.2.0.75.jar:?]
	at TRANSFORMER/minecraft@26.2/net.minecraft.server.packs.repository.PackRepository.reload(PackRepository.java:35) ~[minecraft-client-patched-26.2.0.75.jar:?]
	at TRANSFORMER/minecraft@26.2/net.minecraft.client.Minecraft.reloadResourcePacks(Minecraft.java:1046) [minecraft-client-patched-26.2.0.75.jar:?]
	at TRANSFORMER/minecraft@26.2/net.minecraft.client.Minecraft.reloadResourcePacks(Minecraft.java:1032) [minecraft-client-patched-26.2.0.75.jar:?]
	at TRANSFORMER/minecraft@26.2/net.minecraft.client.KeyboardHandler.handleDebugKeys(KeyboardHandler.java:282) [minecraft-client-patched-26.2.0.75.jar:?]
	at TRANSFORMER/minecraft@26.2/net.minecraft.client.KeyboardHandler.keyPress(KeyboardHandler.java:541) [minecraft-client-patched-26.2.0.75.jar:?]
	at TRANSFORMER/minecraft@26.2/net.minecraft.client.KeyboardHandler.lambda$setup$1(KeyboardHandler.java:630) [minecraft-client-patched-26.2.0.75.jar:?]
	at TRANSFORMER/minecraft@26.2/net.minecraft.util.thread.BlockableEventLoop.doRunTask(BlockableEventLoop.java:165) [minecraft-client-patched-26.2.0.75.jar:?]
	at TRANSFORMER/minecraft@26.2/net.minecraft.util.thread.ReentrantBlockableEventLoop.doRunTask(ReentrantBlockableEventLoop.java:24) [minecraft-client-patched-26.2.0.75.jar:?]
	at TRANSFORMER/minecraft@26.2/net.minecraft.util.thread.BlockableEventLoop.execute(BlockableEventLoop.java:108) [minecraft-client-patched-26.2.0.75.jar:?]
	at TRANSFORMER/minecraft@26.2/net.minecraft.client.KeyboardHandler.lambda$setup$0(KeyboardHandler.java:630) [minecraft-client-patched-26.2.0.75.jar:?]
	at org.lwjgl.glfw.GLFWKeyCallbackI.callback(GLFWKeyCallbackI.java:34) [lwjgl-glfw-3.4.1.jar:build 2]
	at org.lwjgl.system.JNI.invokeV(Native Method) [lwjgl-3.4.1-unsafe.jar:build 2]
	at org.lwjgl.glfw.GLFW.glfwPollEvents(GLFW.java:1600) [lwjgl-glfw-3.4.1.jar:build 2]
	at TRANSFORMER/minecraft@26.2/com.mojang.blaze3d.systems.RenderSystem.pollEvents(RenderSystem.java:105) [minecraft-client-patched-26.2.0.75.jar:?]
	at TRANSFORMER/minecraft@26.2/net.minecraft.client.Minecraft.run(Minecraft.java:927) [minecraft-client-patched-26.2.0.75.jar:?]
	at TRANSFORMER/minecraft@26.2/net.minecraft.client.main.Main.main(Main.java:294) [minecraft-client-patched-26.2.0.75.jar:?]
	at net.neoforged.fml.startup.Client.main(Client.java:19) [loader-11.0.16.jar:11.0]
[0710月2026 00:47:53.041] [Render thread/INFO] [net.minecraft.server.packs.resources.ReloadableResourceManager/]: Reloading ResourceManager: vanilla, mod_resources, mod/nekojs, mod/graalmc, mod/neoforge, mod/mcpmod, nekojs
[0710月2026 00:47:53.051] [Worker-Main-37/INFO] [net.minecraft.client.gui.font.providers.UnihexProvider/]: Found unifont_all_no_pua-17.0.01.hex, loading
[0710月2026 00:47:53.051] [Worker-Main-38/INFO] [net.minecraft.client.gui.font.providers.UnihexProvider/]: Found unifont_pua-17.0.01.hex, loading
[0710月2026 00:47:53.078] [Worker-Main-26/INFO] [net.minecraft.client.gui.font.providers.UnihexProvider/]: Found unifont_jp_patch-17.0.01.hex, loading
[0710月2026 00:47:53.481] [Render thread/WARN] [com.mojang.blaze3d.opengl.GlProgram/]: neoforge:pipeline/item_cutout_unlit shader program does not use sampler Sampler2 defined in the pipeline. This might be a bug.
[0710月2026 00:47:53.489] [Render thread/WARN] [com.mojang.blaze3d.opengl.GlProgram/]: neoforge:pipeline/item_translucent_unlit shader program does not use sampler Sampler2 defined in the pipeline. This might be a bug.
[0710月2026 00:47:53.538] [Render thread/INFO] [com.mojang.blaze3d.audio.Library/]: OpenAL initialized on device OpenAL Soft on 扬声器 (Razer Barracuda X)
[0710月2026 00:47:53.538] [Render thread/INFO] [net.minecraft.client.sounds.SoundEngine/SOUNDS]: Sound engine started
[0710月2026 00:47:53.538] [Render thread/INFO] [net.minecraft.client.renderer.texture.TextureAtlas/]: Created: 512x256x0 minecraft:textures/atlas/particles.png-atlas
[0710月2026 00:47:53.553] [Render thread/INFO] [net.minecraft.client.renderer.texture.TextureAtlas/]: Created: 128x128x0 minecraft:textures/atlas/decorated_pot.png-atlas
[0710月2026 00:47:53.555] [Render thread/INFO] [net.minecraft.client.renderer.texture.TextureAtlas/]: Created: 2048x1024x0 minecraft:textures/atlas/armor_trims.png-atlas
[0710月2026 00:47:53.585] [Render thread/INFO] [net.minecraft.client.renderer.texture.TextureAtlas/]: Created: 512x256x0 minecraft:textures/atlas/paintings.png-atlas
[0710月2026 00:47:53.615] [Render thread/INFO] [net.minecraft.client.renderer.texture.TextureAtlas/]: Created: 1024x512x0 minecraft:textures/atlas/shield_patterns.png-atlas
[0710月2026 00:47:53.619] [Render thread/INFO] [net.minecraft.client.renderer.texture.TextureAtlas/]: Created: 2048x2048x4 minecraft:textures/atlas/blocks.png-atlas
[0710月2026 00:47:53.698] [Render thread/INFO] [net.minecraft.client.renderer.texture.TextureAtlas/]: Created: 512x512x0 minecraft:textures/atlas/chest.png-atlas
[0710月2026 00:47:53.731] [Render thread/INFO] [net.minecraft.client.renderer.texture.TextureAtlas/]: Created: 256x128x0 minecraft:textures/atlas/celestials.png-atlas
[0710月2026 00:47:53.733] [Render thread/INFO] [net.minecraft.client.renderer.texture.TextureAtlas/]: Created: 1024x512x0 minecraft:textures/atlas/banner_patterns.png-atlas
[0710月2026 00:47:53.735] [Render thread/INFO] [net.minecraft.client.renderer.texture.TextureAtlas/]: Created: 1024x512x0 minecraft:textures/atlas/items.png-atlas
[0710月2026 00:47:53.751] [Render thread/INFO] [net.minecraft.client.renderer.texture.TextureAtlas/]: Created: 1024x1024x0 minecraft:textures/atlas/gui.png-atlas
[0710月2026 00:47:53.779] [Render thread/INFO] [net.minecraft.client.renderer.texture.TextureAtlas/]: Created: 128x64x0 minecraft:textures/atlas/map_decorations.png-atlas
[0710月2026 00:47:53.801] [Render thread/INFO] [net.minecraft.client.renderer.texture.TextureAtlas/]: Created: 512x512x0 minecraft:textures/atlas/shulker_boxes.png-atlas
[0710月2026 00:47:53.880] [Render thread/INFO] [net.neoforged.neoforge.client.entity.animation.json.AnimationLoader/]: Loaded 0 entity animations
[0710月2026 00:47:54.028] [Render thread/INFO] [NekoJS/]: 正在为 CLIENT 注册 16 个事件组... — registering event groups
[0710月2026 00:47:54.040] [Render thread/INFO] [NekoJS/]: [client] 正在重载 CLIENT 脚本... — reloading scripts (x2)
[0710月2026 00:47:54.138] [Render thread/INFO] [NekoJS/]: [client] 发现了 4 个 CLIENT 脚本 — scripts discovered
[0710月2026 00:47:54.145] [Render thread/ERROR] [NekoJS/]: [client] [NEKO-1003] 脚本执行失败: nekojs:client/src/deliberate-failure.js
环境: CLIENT
位置: client_scripts/src/deliberate-failure.js:3:7
原因: ticket48 deliberate candidate failure

new Error('ticket48 deliberate candidate failure')

堆栈: at anonymous (client_scripts/src/deliberate-failure.js:3)
script-diagnostic id=nekojs:client/src/deliberate-failure.js type=client phase=EXECUTION owner=Script Execution Environment generation=3 candidate=true source=client_scripts/src/deliberate-failure.js:1:7 module=client_scripts/src/deliberate-failure.js cacheRevision=e1216c14d365494fceee85744cb819b820097bf083bcf29bbb146fdb519734ac cause=PolyglotException: Error: ticket48 deliberate candidate failure — script execution failed
[0710月2026 00:47:54.145] [Render thread/ERROR] [NekoJS/]: CLIENT script reload (F3+T) failed
com.tkisor.nekojs.core.lifecycle.NekoReloadException: reload failed: type=client generation=3 phase=EXECUTION source=client/src/deliberate-failure.js owner=ScriptManager[client] domain=script-execution error=Error: ticket48 deliberate candidate failure
	at TRANSFORMER/nekojs@1.1.0-preview3/com.tkisor.nekojs.script.ScriptManager.reloadFailure(ScriptManager.java:1217) ~[nekojs-neoforge-26.2.0-1.1.0-preview3.jar:?]
	at TRANSFORMER/nekojs@1.1.0-preview3/com.tkisor.nekojs.script.ScriptManager.loadCandidateScripts(ScriptManager.java:1184) ~[nekojs-neoforge-26.2.0-1.1.0-preview3.jar:?]
	at TRANSFORMER/nekojs@1.1.0-preview3/com.tkisor.nekojs.script.ScriptManager.reloadScriptsTransactional(ScriptManager.java:856) ~[nekojs-neoforge-26.2.0-1.1.0-preview3.jar:?]
	at TRANSFORMER/nekojs@1.1.0-preview3/com.tkisor.nekojs.script.ScriptManager.doReloadScripts(ScriptManager.java:779) ~[nekojs-neoforge-26.2.0-1.1.0-preview3.jar:?]
	at TRANSFORMER/nekojs@1.1.0-preview3/com.tkisor.nekojs.script.ScriptManager.reloadScripts(ScriptManager.java:752) ~[nekojs-neoforge-26.2.0-1.1.0-preview3.jar:?]
	at TRANSFORMER/nekojs@1.1.0-preview3/com.tkisor.nekojs.core.lifecycle.NekoRuntimeRoot.reload(NekoRuntimeRoot.java:209) ~[nekojs-neoforge-26.2.0-1.1.0-preview3.jar:?]
	at TRANSFORMER/nekojs@1.1.0-preview3/com.tkisor.nekojs.client.NekoJSClient.lambda$onClientResourceReload$0(NekoJSClient.java:89) ~[nekojs-neoforge-26.2.0-1.1.0-preview3.jar:?]
	at TRANSFORMER/minecraft@26.2/net.minecraft.server.packs.resources.ResourceManagerReloadListener.lambda$reload$0(ResourceManagerReloadListener.java:21) ~[minecraft-client-patched-26.2.0.75.jar:?]
	at java.base/java.util.concurrent.CompletableFuture$UniRun.tryFire(CompletableFuture.java:808) ~[?:?]
	at java.base/java.util.concurrent.CompletableFuture$Completion.run(CompletableFuture.java:503) ~[?:?]
	at TRANSFORMER/minecraft@26.2/net.minecraft.server.packs.resources.SimpleReloadInstance.lambda$prepareTasks$3(SimpleReloadInstance.java:75) ~[minecraft-client-patched-26.2.0.75.jar:?]
	at TRANSFORMER/minecraft@26.2/net.minecraft.util.thread.BlockableEventLoop.doRunTask(BlockableEventLoop.java:165) ~[minecraft-client-patched-26.2.0.75.jar:?]
	at TRANSFORMER/minecraft@26.2/net.minecraft.util.thread.ReentrantBlockableEventLoop.doRunTask(ReentrantBlockableEventLoop.java:24) ~[minecraft-client-patched-26.2.0.75.jar:?]
	at TRANSFORMER/minecraft@26.2/net.minecraft.util.thread.BlockableEventLoop.pollTask(BlockableEventLoop.java:140) ~[minecraft-client-patched-26.2.0.75.jar:?]
	at TRANSFORMER/minecraft@26.2/net.minecraft.util.thread.BlockableEventLoop.runAllTasks(BlockableEventLoop.java:121) ~[minecraft-client-patched-26.2.0.75.jar:?]
	at TRANSFORMER/minecraft@26.2/net.minecraft.client.Minecraft.runTick(Minecraft.java:1193) [minecraft-client-patched-26.2.0.75.jar:?]
	at TRANSFORMER/minecraft@26.2/net.minecraft.client.Minecraft.run(Minecraft.java:928) [minecraft-client-patched-26.2.0.75.jar:?]
	at TRANSFORMER/minecraft@26.2/net.minecraft.client.main.Main.main(Main.java:294) [minecraft-client-patched-26.2.0.75.jar:?]
	at net.neoforged.fml.startup.Client.main(Client.java:19) [loader-11.0.16.jar:11.0]
Caused by: com.tkisor.nekojs.core.module.NekoModuleError: Error: ticket48 deliberate candidate failure
	at TRANSFORMER/nekojs@1.1.0-preview3/com.tkisor.nekojs.core.module.NekoModuleError.execute(NekoModuleError.java:132) ~[nekojs-neoforge-26.2.0-1.1.0-preview3.jar:?]
	at TRANSFORMER/nekojs@1.1.0-preview3/com.tkisor.nekojs.core.module.NekoScriptModuleLoaderHost.executionError(NekoScriptModuleLoaderHost.java:629) ~[nekojs-neoforge-26.2.0-1.1.0-preview3.jar:?]
	at TRANSFORMER/nekojs@1.1.0-preview3/com.tkisor.nekojs.core.module.NekoScriptModuleLoaderHost.executeScriptModule(NekoScriptModuleLoaderHost.java:527) ~[nekojs-neoforge-26.2.0-1.1.0-preview3.jar:?]
	at TRANSFORMER/nekojs@1.1.0-preview3/com.tkisor.nekojs.core.module.NekoScriptModuleLoaderHost.loadScriptResolved(NekoScriptModuleLoaderHost.java:453) ~[nekojs-neoforge-26.2.0-1.1.0-preview3.jar:?]
	at TRANSFORMER/nekojs@1.1.0-preview3/com.tkisor.nekojs.core.module.NekoScriptModuleLoaderHost.loadResolvedAsync(NekoScriptModuleLoaderHost.java:387) ~[nekojs-neoforge-26.2.0-1.1.0-preview3.jar:?]
	at TRANSFORMER/nekojs@1.1.0-preview3/com.tkisor.nekojs.core.module.NekoScriptModuleLoaderHost.loadEntryAsync(NekoScriptModuleLoaderHost.java:198) ~[nekojs-neoforge-26.2.0-1.1.0-preview3.jar:?]
	at TRANSFORMER/nekojs@1.1.0-preview3/com.tkisor.nekojs.script.ScriptExecutor.waitForEntryModule(ScriptExecutor.java:149) ~[nekojs-neoforge-26.2.0-1.1.0-preview3.jar:?]
	at TRANSFORMER/nekojs@1.1.0-preview3/com.tkisor.nekojs.script.ScriptExecutor.executeEntry(ScriptExecutor.java:71) ~[nekojs-neoforge-26.2.0-1.1.0-preview3.jar:?]
	at TRANSFORMER/nekojs@1.1.0-preview3/com.tkisor.nekojs.script.ScriptManager.loadCandidateScripts(ScriptManager.java:1178) ~[nekojs-neoforge-26.2.0-1.1.0-preview3.jar:?]
	... 17 more
Caused by: Error: Error: ticket48 deliberate candidate failure
	at <js>.anonymous(client_scripts/src/deliberate-failure.js:3) ~[?:?]
	at <js>.executeModule(nekojs/node/internal/script-loader.js:32) ~[?:?]
	at graal.graalvm.polyglot.Value.execute(Value.java:1098) ~[graal-1504336-8762962.jar:?]
	at com.tkisor.nekojs.core.module.NekoScriptModuleLoaderHost.executeScriptModule(NekoScriptModuleLoaderHost.java:507) ~[nekojs-neoforge-26.2.0-1.1.0-preview3.jar:?]
	at com.tkisor.nekojs.core.module.NekoScriptModuleLoaderHost.loadScriptResolved(NekoScriptModuleLoaderHost.java:453) ~[nekojs-neoforge-26.2.0-1.1.0-preview3.jar:?]
	at com.tkisor.nekojs.core.module.NekoScriptModuleLoaderHost.loadResolvedAsync(NekoScriptModuleLoaderHost.java:387) ~[nekojs-neoforge-26.2.0-1.1.0-preview3.jar:?]
	at com.tkisor.nekojs.core.module.NekoScriptModuleLoaderHost.loadEntryAsync(NekoScriptModuleLoaderHost.java:198) ~[nekojs-neoforge-26.2.0-1.1.0-preview3.jar:?]
	at com.tkisor.nekojs.script.ScriptExecutor.waitForEntryModule(ScriptExecutor.java:149) ~[nekojs-neoforge-26.2.0-1.1.0-preview3.jar:?]
	at com.tkisor.nekojs.script.ScriptExecutor.executeEntry(ScriptExecutor.java:71) ~[nekojs-neoforge-26.2.0-1.1.0-preview3.jar:?]
	at com.tkisor.nekojs.script.ScriptManager.loadCandidateScripts(ScriptManager.java:1178) ~[nekojs-neoforge-26.2.0-1.1.0-preview3.jar:?]
	at com.tkisor.nekojs.script.ScriptManager.reloadScriptsTransactional(ScriptManager.java:856) ~[nekojs-neoforge-26.2.0-1.1.0-preview3.jar:?]
	at com.tkisor.nekojs.script.ScriptManager.doReloadScripts(ScriptManager.java:779) ~[nekojs-neoforge-26.2.0-1.1.0-preview3.jar:?]
	at com.tkisor.nekojs.script.ScriptManager.reloadScripts(ScriptManager.java:752) ~[nekojs-neoforge-26.2.0-1.1.0-preview3.jar:?]
	at com.tkisor.nekojs.core.lifecycle.NekoRuntimeRoot.reload(NekoRuntimeRoot.java:209) ~[nekojs-neoforge-26.2.0-1.1.0-preview3.jar:?]
	at com.tkisor.nekojs.client.NekoJSClient.lambda$onClientResourceReload$0(NekoJSClient.java:89) ~[nekojs-neoforge-26.2.0-1.1.0-preview3.jar:?]
	at net.minecraft.server.packs.resources.ResourceManagerReloadListener.lambda$reload$0(ResourceManagerReloadListener.java:21) ~[minecraft-client-patched-26.2.0.75.jar:?]
	at java.util.concurrent.CompletableFuture$UniRun.tryFire(CompletableFuture.java:808) ~[?:?]
	at java.util.concurrent.CompletableFuture$Completion.run(CompletableFuture.java:503) ~[?:?]
	at net.minecraft.server.packs.resources.SimpleReloadInstance.lambda$prepareTasks$3(SimpleReloadInstance.java:75) ~[minecraft-client-patched-26.2.0.75.jar:?]
	at net.minecraft.util.thread.BlockableEventLoop.doRunTask(BlockableEventLoop.java:165) ~[minecraft-client-patched-26.2.0.75.jar:?]
	at net.minecraft.util.thread.ReentrantBlockableEventLoop.doRunTask(ReentrantBlockableEventLoop.java:24) ~[minecraft-client-patched-26.2.0.75.jar:?]
	at net.minecraft.util.thread.BlockableEventLoop.pollTask(BlockableEventLoop.java:140) ~[minecraft-client-patched-26.2.0.75.jar:?]
	at net.minecraft.util.thread.BlockableEventLoop.runAllTasks(BlockableEventLoop.java:121) ~[minecraft-client-patched-26.2.0.75.jar:?]
	at net.minecraft.client.Minecraft.runTick(Minecraft.java:1193) [minecraft-client-patched-26.2.0.75.jar:?]
	at net.minecraft.client.Minecraft.run(Minecraft.java:928) [minecraft-client-patched-26.2.0.75.jar:?]
	at net.minecraft.client.main.Main.main(Main.java:294) [minecraft-client-patched-26.2.0.75.jar:?]
	at net.neoforged.fml.startup.Client.main(Client.java:19) [loader-11.0.16.jar:11.0]
[0710月2026 00:47:54.379] [NekoJS-Log-Flusher/ERROR] [NekoJS/]: [client] [NEKO-1008] CLIENT 脚本事务重载失败，候选 generation 已关闭，active 环境保持不变 — transactional script reload failed
com.tkisor.nekojs.core.lifecycle.NekoReloadException: reload failed: type=client generation=3 phase=EXECUTION source=client/src/deliberate-failure.js owner=ScriptManager[client] domain=script-execution error=Error: ticket48 deliberate candidate failure
	at TRANSFORMER/nekojs@1.1.0-preview3/com.tkisor.nekojs.script.ScriptManager.reloadFailure(ScriptManager.java:1217) ~[nekojs-neoforge-26.2.0-1.1.0-preview3.jar:?]
	at TRANSFORMER/nekojs@1.1.0-preview3/com.tkisor.nekojs.script.ScriptManager.loadCandidateScripts(ScriptManager.java:1184) ~[nekojs-neoforge-26.2.0-1.1.0-preview3.jar:?]
	at TRANSFORMER/nekojs@1.1.0-preview3/com.tkisor.nekojs.script.ScriptManager.reloadScriptsTransactional(ScriptManager.java:856) ~[nekojs-neoforge-26.2.0-1.1.0-preview3.jar:?]
	at TRANSFORMER/nekojs@1.1.0-preview3/com.tkisor.nekojs.script.ScriptManager.doReloadScripts(ScriptManager.java:779) ~[nekojs-neoforge-26.2.0-1.1.0-preview3.jar:?]
	at TRANSFORMER/nekojs@1.1.0-preview3/com.tkisor.nekojs.script.ScriptManager.reloadScripts(ScriptManager.java:752) ~[nekojs-neoforge-26.2.0-1.1.0-preview3.jar:?]
	at TRANSFORMER/nekojs@1.1.0-preview3/com.tkisor.nekojs.core.lifecycle.NekoRuntimeRoot.reload(NekoRuntimeRoot.java:209) ~[nekojs-neoforge-26.2.0-1.1.0-preview3.jar:?]
	at TRANSFORMER/nekojs@1.1.0-preview3/com.tkisor.nekojs.client.NekoJSClient.lambda$onClientResourceReload$0(NekoJSClient.java:89) ~[nekojs-neoforge-26.2.0-1.1.0-preview3.jar:?]
	at TRANSFORMER/minecraft@26.2/net.minecraft.server.packs.resources.ResourceManagerReloadListener.lambda$reload$0(ResourceManagerReloadListener.java:21) ~[minecraft-client-patched-26.2.0.75.jar:?]
	at java.base/java.util.concurrent.CompletableFuture$UniRun.tryFire(CompletableFuture.java:808) ~[?:?]
	at java.base/java.util.concurrent.CompletableFuture$Completion.run(CompletableFuture.java:503) ~[?:?]
	at TRANSFORMER/minecraft@26.2/net.minecraft.server.packs.resources.SimpleReloadInstance.lambda$prepareTasks$3(SimpleReloadInstance.java:75) ~[minecraft-client-patched-26.2.0.75.jar:?]
	at TRANSFORMER/minecraft@26.2/net.minecraft.util.thread.BlockableEventLoop.doRunTask(BlockableEventLoop.java:165) ~[minecraft-client-patched-26.2.0.75.jar:?]
	at TRANSFORMER/minecraft@26.2/net.minecraft.util.thread.ReentrantBlockableEventLoop.doRunTask(ReentrantBlockableEventLoop.java:24) ~[minecraft-client-patched-26.2.0.75.jar:?]
	at TRANSFORMER/minecraft@26.2/net.minecraft.util.thread.BlockableEventLoop.pollTask(BlockableEventLoop.java:140) ~[minecraft-client-patched-26.2.0.75.jar:?]
	at TRANSFORMER/minecraft@26.2/net.minecraft.util.thread.BlockableEventLoop.runAllTasks(BlockableEventLoop.java:121) ~[minecraft-client-patched-26.2.0.75.jar:?]
	at TRANSFORMER/minecraft@26.2/net.minecraft.client.Minecraft.runTick(Minecraft.java:1193) ~[minecraft-client-patched-26.2.0.75.jar:?]
	at TRANSFORMER/minecraft@26.2/net.minecraft.client.Minecraft.run(Minecraft.java:928) ~[minecraft-client-patched-26.2.0.75.jar:?]
	at TRANSFORMER/minecraft@26.2/net.minecraft.client.main.Main.main(Main.java:294) ~[minecraft-client-patched-26.2.0.75.jar:?]
	at net.neoforged.fml.startup.Client.main(Client.java:19) ~[loader-11.0.16.jar:11.0]
Caused by: com.tkisor.nekojs.core.module.NekoModuleError: Error: ticket48 deliberate candidate failure
	at TRANSFORMER/nekojs@1.1.0-preview3/com.tkisor.nekojs.core.module.NekoModuleError.execute(NekoModuleError.java:132) ~[nekojs-neoforge-26.2.0-1.1.0-preview3.jar:?]
	at TRANSFORMER/nekojs@1.1.0-preview3/com.tkisor.nekojs.core.module.NekoScriptModuleLoaderHost.executionError(NekoScriptModuleLoaderHost.java:629) ~[nekojs-neoforge-26.2.0-1.1.0-preview3.jar:?]
	at TRANSFORMER/nekojs@1.1.0-preview3/com.tkisor.nekojs.core.module.NekoScriptModuleLoaderHost.executeScriptModule(NekoScriptModuleLoaderHost.java:527) ~[nekojs-neoforge-26.2.0-1.1.0-preview3.jar:?]
	at TRANSFORMER/nekojs@1.1.0-preview3/com.tkisor.nekojs.core.module.NekoScriptModuleLoaderHost.loadScriptResolved(NekoScriptModuleLoaderHost.java:453) ~[nekojs-neoforge-26.2.0-1.1.0-preview3.jar:?]
	at TRANSFORMER/nekojs@1.1.0-preview3/com.tkisor.nekojs.core.module.NekoScriptModuleLoaderHost.loadResolvedAsync(NekoScriptModuleLoaderHost.java:387) ~[nekojs-neoforge-26.2.0-1.1.0-preview3.jar:?]
	at TRANSFORMER/nekojs@1.1.0-preview3/com.tkisor.nekojs.core.module.NekoScriptModuleLoaderHost.loadEntryAsync(NekoScriptModuleLoaderHost.java:198) ~[nekojs-neoforge-26.2.0-1.1.0-preview3.jar:?]
	at TRANSFORMER/nekojs@1.1.0-preview3/com.tkisor.nekojs.script.ScriptExecutor.waitForEntryModule(ScriptExecutor.java:149) ~[nekojs-neoforge-26.2.0-1.1.0-preview3.jar:?]
	at TRANSFORMER/nekojs@1.1.0-preview3/com.tkisor.nekojs.script.ScriptExecutor.executeEntry(ScriptExecutor.java:71) ~[nekojs-neoforge-26.2.0-1.1.0-preview3.jar:?]
	at TRANSFORMER/nekojs@1.1.0-preview3/com.tkisor.nekojs.script.ScriptManager.loadCandidateScripts(ScriptManager.java:1178) ~[nekojs-neoforge-26.2.0-1.1.0-preview3.jar:?]
	... 17 more
Caused by: Error: Error: ticket48 deliberate candidate failure
	at <js>.anonymous(client_scripts/src/deliberate-failure.js:3) ~[?:?]
	at <js>.executeModule(nekojs/node/internal/script-loader.js:32) ~[?:?]
	at graal.graalvm.polyglot.Value.execute(Value.java:1098) ~[graal-1504336-8762962.jar:?]
	at com.tkisor.nekojs.core.module.NekoScriptModuleLoaderHost.executeScriptModule(NekoScriptModuleLoaderHost.java:507) ~[nekojs-neoforge-26.2.0-1.1.0-preview3.jar:?]
	at com.tkisor.nekojs.core.module.NekoScriptModuleLoaderHost.loadScriptResolved(NekoScriptModuleLoaderHost.java:453) ~[nekojs-neoforge-26.2.0-1.1.0-preview3.jar:?]
	at com.tkisor.nekojs.core.module.NekoScriptModuleLoaderHost.loadResolvedAsync(NekoScriptModuleLoaderHost.java:387) ~[nekojs-neoforge-26.2.0-1.1.0-preview3.jar:?]
	at com.tkisor.nekojs.core.module.NekoScriptModuleLoaderHost.loadEntryAsync(NekoScriptModuleLoaderHost.java:198) ~[nekojs-neoforge-26.2.0-1.1.0-preview3.jar:?]
	at com.tkisor.nekojs.script.ScriptExecutor.waitForEntryModule(ScriptExecutor.java:149) ~[nekojs-neoforge-26.2.0-1.1.0-preview3.jar:?]
	at com.tkisor.nekojs.script.ScriptExecutor.executeEntry(ScriptExecutor.java:71) ~[nekojs-neoforge-26.2.0-1.1.0-preview3.jar:?]
	at com.tkisor.nekojs.script.ScriptManager.loadCandidateScripts(ScriptManager.java:1178) ~[nekojs-neoforge-26.2.0-1.1.0-preview3.jar:?]
	at com.tkisor.nekojs.script.ScriptManager.reloadScriptsTransactional(ScriptManager.java:856) ~[nekojs-neoforge-26.2.0-1.1.0-preview3.jar:?]
	at com.tkisor.nekojs.script.ScriptManager.doReloadScripts(ScriptManager.java:779) ~[nekojs-neoforge-26.2.0-1.1.0-preview3.jar:?]
	at com.tkisor.nekojs.script.ScriptManager.reloadScripts(ScriptManager.java:752) ~[nekojs-neoforge-26.2.0-1.1.0-preview3.jar:?]
	at com.tkisor.nekojs.core.lifecycle.NekoRuntimeRoot.reload(NekoRuntimeRoot.java:209) ~[nekojs-neoforge-26.2.0-1.1.0-preview3.jar:?]
	at com.tkisor.nekojs.client.NekoJSClient.lambda$onClientResourceReload$0(NekoJSClient.java:89) ~[nekojs-neoforge-26.2.0-1.1.0-preview3.jar:?]
	at net.minecraft.server.packs.resources.ResourceManagerReloadListener.lambda$reload$0(ResourceManagerReloadListener.java:21) ~[minecraft-client-patched-26.2.0.75.jar:?]
	at java.util.concurrent.CompletableFuture$UniRun.tryFire(CompletableFuture.java:808) ~[?:?]
	at java.util.concurrent.CompletableFuture$Completion.run(CompletableFuture.java:503) ~[?:?]
	at net.minecraft.server.packs.resources.SimpleReloadInstance.lambda$prepareTasks$3(SimpleReloadInstance.java:75) ~[minecraft-client-patched-26.2.0.75.jar:?]
	at net.minecraft.util.thread.BlockableEventLoop.doRunTask(BlockableEventLoop.java:165) ~[minecraft-client-patched-26.2.0.75.jar:?]
	at net.minecraft.util.thread.ReentrantBlockableEventLoop.doRunTask(ReentrantBlockableEventLoop.java:24) ~[minecraft-client-patched-26.2.0.75.jar:?]
	at net.minecraft.util.thread.BlockableEventLoop.pollTask(BlockableEventLoop.java:140) ~[minecraft-client-patched-26.2.0.75.jar:?]
	at net.minecraft.util.thread.BlockableEventLoop.runAllTasks(BlockableEventLoop.java:121) ~[minecraft-client-patched-26.2.0.75.jar:?]
	at net.minecraft.client.Minecraft.runTick(Minecraft.java:1193) ~[minecraft-client-patched-26.2.0.75.jar:?]
	at net.minecraft.client.Minecraft.run(Minecraft.java:928) ~[minecraft-client-patched-26.2.0.75.jar:?]
	at net.minecraft.client.main.Main.main(Main.java:294) ~[minecraft-client-patched-26.2.0.75.jar:?]
	at net.neoforged.fml.startup.Client.main(Client.java:19) ~[loader-11.0.16.jar:11.0]
[0710月2026 00:47:54.498] [Render thread/ERROR] [NekoJS/]: [client] Script client_reload callback exception:
环境: CLIENT
位置: client_scripts/src/deliberate-failure.js:3:7
原因: ticket48 deliberate candidate failure

new Error('ticket48 deliberate candidate failure')

堆栈: at anonymous (client_scripts/src/deliberate-failure.js:3)
script-diagnostic id=nekojs:rt/CLIENT/client_reload/a08e49e7 type=client phase=RELOAD_CANCEL owner=Runtime Reload generation=2 candidate=false source=client/src/deliberate-failure.js:3:7 module=script-execution cacheRevision=9604ed0bffd38b846dd193d81588572c9c9aa84923406d258b5e62bc323d1eb6 cause=PolyglotException: Error: ticket48 deliberate candidate failure
[0710月2026 00:47:55.379] [NekoJS-Log-Flusher/INFO] [NekoJS/]: [client] [ticket48-auto] {"stage":"sample","ticks":1700,"elapsedMs":85364,"statistics":{"initialBuild":1,"layout":28,"reconcile":18,"resize":2,"paint":3293,"diagnostics":0,"cleanup":0},"disposed":false,"username":"NekoTester","passwordLength":7,"error":"","submitting":true,"lastSubmitted":"NekoTester","renderFault":false,"recoveryCount":0,"profile":2,"packFontWidth":36,"usernameRect":{"x":12,"y":57,"width":196,"height":12},"passwordRect":{"x":12,"y":88,"width":196,"height":12},"submitRect":{"x":12,"y":108,"width":92,"height":20}}
[0710月2026 00:48:00.379] [NekoJS-Log-Flusher/INFO] [NekoJS/]: [client] [ticket48-auto] {"stage":"sample","ticks":1800,"elapsedMs":90373,"statistics":{"initialBuild":1,"layout":28,"reconcile":18,"resize":2,"paint":3536,"diagnostics":0,"cleanup":0},"disposed":false,"username":"NekoTester","passwordLength":7,"error":"","submitting":true,"lastSubmitted":"NekoTester","renderFault":false,"recoveryCount":0,"profile":2,"packFontWidth":36,"usernameRect":{"x":12,"y":57,"width":196,"height":12},"passwordRect":{"x":12,"y":88,"width":196,"height":12},"submitRect":{"x":12,"y":108,"width":92,"height":20}}
[0710月2026 00:48:05.380] [NekoJS-Log-Flusher/INFO] [NekoJS/]: [client] [ticket48-auto] {"stage":"sample","ticks":1900,"elapsedMs":95365,"statistics":{"initialBuild":1,"layout":28,"reconcile":18,"resize":2,"paint":3832,"diagnostics":0,"cleanup":0},"disposed":false,"username":"NekoTester","passwordLength":7,"error":"","submitting":true,"lastSubmitted":"NekoTester","renderFault":false,"recoveryCount":0,"profile":2,"packFontWidth":36,"usernameRect":{"x":12,"y":57,"width":196,"height":12},"passwordRect":{"x":12,"y":88,"width":196,"height":12},"submitRect":{"x":12,"y":108,"width":92,"height":20}}
[0710月2026 00:48:10.379] [NekoJS-Log-Flusher/INFO] [NekoJS/]: [client] [ticket48-auto] {"stage":"sample","ticks":2000,"elapsedMs":100364,"statistics":{"initialBuild":1,"layout":28,"reconcile":18,"resize":2,"paint":4130,"diagnostics":0,"cleanup":0},"disposed":false,"username":"NekoTester","passwordLength":7,"error":"","submitting":true,"lastSubmitted":"NekoTester","renderFault":false,"recoveryCount":0,"profile":2,"packFontWidth":36,"usernameRect":{"x":12,"y":57,"width":196,"height":12},"passwordRect":{"x":12,"y":88,"width":196,"height":12},"submitRect":{"x":12,"y":108,"width":92,"height":20}}
[0710月2026 00:48:15.379] [NekoJS-Log-Flusher/INFO] [NekoJS/]: [client] [ticket48-auto] {"stage":"sample","ticks":2100,"elapsedMs":105375,"statistics":{"initialBuild":1,"layout":28,"reconcile":18,"resize":2,"paint":4429,"diagnostics":0,"cleanup":0},"disposed":false,"username":"NekoTester","passwordLength":7,"error":"","submitting":true,"lastSubmitted":"NekoTester","renderFault":false,"recoveryCount":0,"profile":2,"packFontWidth":36,"usernameRect":{"x":12,"y":57,"width":196,"height":12},"passwordRect":{"x":12,"y":88,"width":196,"height":12},"submitRect":{"x":12,"y":108,"width":92,"height":20}}
[0710月2026 00:48:20.379] [NekoJS-Log-Flusher/INFO] [NekoJS/]: [client] [ticket48-auto] {"stage":"sample","ticks":2200,"elapsedMs":110366,"statistics":{"initialBuild":1,"layout":28,"reconcile":18,"resize":2,"paint":4727,"diagnostics":0,"cleanup":0},"disposed":false,"username":"NekoTester","passwordLength":7,"error":"","submitting":true,"lastSubmitted":"NekoTester","renderFault":false,"recoveryCount":0,"profile":2,"packFontWidth":36,"usernameRect":{"x":12,"y":57,"width":196,"height":12},"passwordRect":{"x":12,"y":88,"width":196,"height":12},"submitRect":{"x":12,"y":108,"width":92,"height":20}}
[0710月2026 00:48:25.379] [NekoJS-Log-Flusher/INFO] [NekoJS/]: [client] [ticket48-auto] {"stage":"sample","ticks":2300,"elapsedMs":115362,"statistics":{"initialBuild":1,"layout":28,"reconcile":18,"resize":2,"paint":5025,"diagnostics":0,"cleanup":0},"disposed":false,"username":"NekoTester","passwordLength":7,"error":"","submitting":true,"lastSubmitted":"NekoTester","renderFault":false,"recoveryCount":0,"profile":2,"packFontWidth":36,"usernameRect":{"x":12,"y":57,"width":196,"height":12},"passwordRect":{"x":12,"y":88,"width":196,"height":12},"submitRect":{"x":12,"y":108,"width":92,"height":20}}
[0710月2026 00:48:30.379] [NekoJS-Log-Flusher/INFO] [NekoJS/]: [client] [ticket48-auto] {"stage":"sample","ticks":2400,"elapsedMs":120373,"statistics":{"initialBuild":1,"layout":28,"reconcile":18,"resize":2,"paint":5324,"diagnostics":0,"cleanup":0},"disposed":false,"username":"NekoTester","passwordLength":7,"error":"","submitting":true,"lastSubmitted":"NekoTester","renderFault":false,"recoveryCount":0,"profile":2,"packFontWidth":36,"usernameRect":{"x":12,"y":57,"width":196,"height":12},"passwordRect":{"x":12,"y":88,"width":196,"height":12},"submitRect":{"x":12,"y":108,"width":92,"height":20}}
[0710月2026 00:48:35.379] [NekoJS-Log-Flusher/INFO] [NekoJS/]: [client] [ticket48-auto] {"stage":"sample","ticks":2500,"elapsedMs":125370,"statistics":{"initialBuild":1,"layout":28,"reconcile":18,"resize":2,"paint":5622,"diagnostics":0,"cleanup":0},"disposed":false,"username":"NekoTester","passwordLength":7,"error":"","submitting":true,"lastSubmitted":"NekoTester","renderFault":false,"recoveryCount":0,"profile":2,"packFontWidth":36,"usernameRect":{"x":12,"y":57,"width":196,"height":12},"passwordRect":{"x":12,"y":88,"width":196,"height":12},"submitRect":{"x":12,"y":108,"width":92,"height":20}}
[0710月2026 00:48:40.380] [NekoJS-Log-Flusher/INFO] [NekoJS/]: [client] [ticket48-auto] {"stage":"sample","ticks":2600,"elapsedMs":130362,"statistics":{"initialBuild":1,"layout":28,"reconcile":18,"resize":2,"paint":5920,"diagnostics":0,"cleanup":0},"disposed":false,"username":"NekoTester","passwordLength":7,"error":"","submitting":true,"lastSubmitted":"NekoTester","renderFault":false,"recoveryCount":0,"profile":2,"packFontWidth":36,"usernameRect":{"x":12,"y":57,"width":196,"height":12},"passwordRect":{"x":12,"y":88,"width":196,"height":12},"submitRect":{"x":12,"y":108,"width":92,"height":20}}
[0710月2026 00:48:45.379] [NekoJS-Log-Flusher/INFO] [NekoJS/]: [client] [ticket48-auto] {"stage":"sample","ticks":2700,"elapsedMs":135372,"statistics":{"initialBuild":1,"layout":28,"reconcile":18,"resize":2,"paint":6219,"diagnostics":0,"cleanup":0},"disposed":false,"username":"NekoTester","passwordLength":7,"error":"","submitting":true,"lastSubmitted":"NekoTester","renderFault":false,"recoveryCount":0,"profile":2,"packFontWidth":36,"usernameRect":{"x":12,"y":57,"width":196,"height":12},"passwordRect":{"x":12,"y":88,"width":196,"height":12},"submitRect":{"x":12,"y":108,"width":92,"height":20}}
[0710月2026 00:48:50.379] [NekoJS-Log-Flusher/INFO] [NekoJS/]: [client] [ticket48-auto] {"stage":"sample","ticks":2800,"elapsedMs":140364,"statistics":{"initialBuild":1,"layout":28,"reconcile":18,"resize":2,"paint":6517,"diagnostics":0,"cleanup":0},"disposed":false,"username":"NekoTester","passwordLength":7,"error":"","submitting":true,"lastSubmitted":"NekoTester","renderFault":false,"recoveryCount":0,"profile":2,"packFontWidth":36,"usernameRect":{"x":12,"y":57,"width":196,"height":12},"passwordRect":{"x":12,"y":88,"width":196,"height":12},"submitRect":{"x":12,"y":108,"width":92,"height":20}}
[0710月2026 00:48:55.379] [NekoJS-Log-Flusher/INFO] [NekoJS/]: [client] [ticket48-auto] {"stage":"sample","ticks":2900,"elapsedMs":145387,"statistics":{"initialBuild":1,"layout":28,"reconcile":18,"resize":2,"paint":6776,"diagnostics":0,"cleanup":0},"disposed":false,"username":"NekoTester","passwordLength":7,"error":"","submitting":true,"lastSubmitted":"NekoTester","renderFault":false,"recoveryCount":0,"profile":2,"packFontWidth":36,"usernameRect":{"x":12,"y":57,"width":196,"height":12},"passwordRect":{"x":12,"y":88,"width":196,"height":12},"submitRect":{"x":12,"y":108,"width":92,"height":20}}
[0710月2026 00:49:00.379] [NekoJS-Log-Flusher/INFO] [NekoJS/]: [client] [ticket48-auto] {"stage":"sample","ticks":3000,"elapsedMs":150378,"statistics":{"initialBuild":1,"layout":28,"reconcile":18,"resize":2,"paint":6923,"diagnostics":0,"cleanup":0},"disposed":false,"username":"NekoTester","passwordLength":7,"error":"","submitting":true,"lastSubmitted":"NekoTester","renderFault":false,"recoveryCount":0,"profile":2,"packFontWidth":36,"usernameRect":{"x":12,"y":57,"width":196,"height":12},"passwordRect":{"x":12,"y":88,"width":196,"height":12},"submitRect":{"x":12,"y":108,"width":92,"height":20}}
[0710月2026 00:49:05.380] [NekoJS-Log-Flusher/INFO] [NekoJS/]: [client] [ticket48-auto] {"stage":"sample","ticks":3100,"elapsedMs":155388,"statistics":{"initialBuild":1,"layout":28,"reconcile":18,"resize":2,"paint":7073,"diagnostics":0,"cleanup":0},"disposed":false,"username":"NekoTester","passwordLength":7,"error":"","submitting":true,"lastSubmitted":"NekoTester","renderFault":false,"recoveryCount":0,"profile":2,"packFontWidth":36,"usernameRect":{"x":12,"y":57,"width":196,"height":12},"passwordRect":{"x":12,"y":88,"width":196,"height":12},"submitRect":{"x":12,"y":108,"width":92,"height":20}}
[0710月2026 00:49:10.379] [NekoJS-Log-Flusher/INFO] [NekoJS/]: [client] [ticket48-auto] {"stage":"sample","ticks":3200,"elapsedMs":160368,"statistics":{"initialBuild":1,"layout":28,"reconcile":18,"resize":2,"paint":7222,"diagnostics":0,"cleanup":0},"disposed":false,"username":"NekoTester","passwordLength":7,"error":"","submitting":true,"lastSubmitted":"NekoTester","renderFault":false,"recoveryCount":0,"profile":2,"packFontWidth":36,"usernameRect":{"x":12,"y":57,"width":196,"height":12},"passwordRect":{"x":12,"y":88,"width":196,"height":12},"submitRect":{"x":12,"y":108,"width":92,"height":20}}
[0710月2026 00:49:15.379] [NekoJS-Log-Flusher/INFO] [NekoJS/]: [client] [ticket48-auto] {"stage":"sample","ticks":3300,"elapsedMs":165384,"statistics":{"initialBuild":1,"layout":28,"reconcile":18,"resize":2,"paint":7372,"diagnostics":0,"cleanup":0},"disposed":false,"username":"NekoTester","passwordLength":7,"error":"","submitting":true,"lastSubmitted":"NekoTester","renderFault":false,"recoveryCount":0,"profile":2,"packFontWidth":36,"usernameRect":{"x":12,"y":57,"width":196,"height":12},"passwordRect":{"x":12,"y":88,"width":196,"height":12},"submitRect":{"x":12,"y":108,"width":92,"height":20}}
[0710月2026 00:49:20.379] [NekoJS-Log-Flusher/INFO] [NekoJS/]: [client] [ticket48-auto] {"stage":"sample","ticks":3400,"elapsedMs":170362,"statistics":{"initialBuild":1,"layout":28,"reconcile":18,"resize":2,"paint":7521,"diagnostics":0,"cleanup":0},"disposed":false,"username":"NekoTester","passwordLength":7,"error":"","submitting":true,"lastSubmitted":"NekoTester","renderFault":false,"recoveryCount":0,"profile":2,"packFontWidth":36,"usernameRect":{"x":12,"y":57,"width":196,"height":12},"passwordRect":{"x":12,"y":88,"width":196,"height":12},"submitRect":{"x":12,"y":108,"width":92,"height":20}}
[0710月2026 00:49:25.381] [NekoJS-Log-Flusher/INFO] [NekoJS/]: [client] [ticket48-auto] {"stage":"sample","ticks":3500,"elapsedMs":175378,"statistics":{"initialBuild":1,"layout":28,"reconcile":18,"resize":2,"paint":7671,"diagnostics":0,"cleanup":0},"disposed":false,"username":"NekoTester","passwordLength":7,"error":"","submitting":true,"lastSubmitted":"NekoTester","renderFault":false,"recoveryCount":0,"profile":2,"packFontWidth":36,"usernameRect":{"x":12,"y":57,"width":196,"height":12},"passwordRect":{"x":12,"y":88,"width":196,"height":12},"submitRect":{"x":12,"y":108,"width":92,"height":20}}
[0710月2026 00:49:30.379] [NekoJS-Log-Flusher/INFO] [NekoJS/]: [client] [ticket48-auto] {"stage":"sample","ticks":3600,"elapsedMs":180391,"statistics":{"initialBuild":1,"layout":28,"reconcile":18,"resize":2,"paint":7821,"diagnostics":0,"cleanup":0},"disposed":false,"username":"NekoTester","passwordLength":7,"error":"","submitting":true,"lastSubmitted":"NekoTester","renderFault":false,"recoveryCount":0,"profile":2,"packFontWidth":36,"usernameRect":{"x":12,"y":57,"width":196,"height":12},"passwordRect":{"x":12,"y":88,"width":196,"height":12},"submitRect":{"x":12,"y":108,"width":92,"height":20}}
[0710月2026 00:49:35.379] [NekoJS-Log-Flusher/INFO] [NekoJS/]: [client] [ticket48-auto] {"stage":"sample","ticks":3700,"elapsedMs":185370,"statistics":{"initialBuild":1,"layout":28,"reconcile":18,"resize":2,"paint":7970,"diagnostics":0,"cleanup":0},"disposed":false,"username":"NekoTester","passwordLength":7,"error":"","submitting":true,"lastSubmitted":"NekoTester","renderFault":false,"recoveryCount":0,"profile":2,"packFontWidth":36,"usernameRect":{"x":12,"y":57,"width":196,"height":12},"passwordRect":{"x":12,"y":88,"width":196,"height":12},"submitRect":{"x":12,"y":108,"width":92,"height":20}}
[0710月2026 00:49:36.380] [NekoJS-Log-Flusher/ERROR] [NekoJS/]: [client] Script ui-event callback exception:
环境: CLIENT
位置: ui-event/7ae3aab6
原因: ticket48 deliberate event failure
script-diagnostic id=nekojs:rt/CLIENT/ui-event/7ae3aab6 type=client phase=EXECUTION owner=Script Execution Environment generation=2 candidate=false cause=IllegalStateException: [NEKO-7007] JSX UI root ticket48-auto-root failed in phase event (generation 2): ticket48 deliberate event failure
[0710月2026 00:49:40.379] [NekoJS-Log-Flusher/INFO] [NekoJS/]: [client] [ticket48-auto] {"stage":"sample","ticks":3800,"elapsedMs":190363,"statistics":{"initialBuild":1,"layout":28,"reconcile":18,"resize":2,"paint":8240,"diagnostics":1,"cleanup":0},"disposed":false,"username":"NekoTester","passwordLength":7,"error":"","submitting":true,"lastSubmitted":"NekoTester","renderFault":false,"recoveryCount":0,"profile":2,"packFontWidth":36,"usernameRect":{"x":12,"y":57,"width":196,"height":12},"passwordRect":{"x":12,"y":88,"width":196,"height":12},"submitRect":{"x":12,"y":108,"width":92,"height":20}}
[0710月2026 00:49:45.379] [NekoJS-Log-Flusher/INFO] [NekoJS/]: [client] [ticket48-auto] {"stage":"sample","ticks":3900,"elapsedMs":195371,"statistics":{"initialBuild":1,"layout":28,"reconcile":18,"resize":2,"paint":8539,"diagnostics":1,"cleanup":0},"disposed":false,"username":"NekoTester","passwordLength":7,"error":"","submitting":true,"lastSubmitted":"NekoTester","renderFault":false,"recoveryCount":0,"profile":2,"packFontWidth":36,"usernameRect":{"x":12,"y":57,"width":196,"height":12},"passwordRect":{"x":12,"y":88,"width":196,"height":12},"submitRect":{"x":12,"y":108,"width":92,"height":20}}
[0710月2026 00:49:50.379] [NekoJS-Log-Flusher/INFO] [NekoJS/]: [client] [ticket48-auto] {"stage":"sample","ticks":4000,"elapsedMs":200362,"statistics":{"initialBuild":1,"layout":28,"reconcile":18,"resize":2,"paint":8837,"diagnostics":1,"cleanup":0},"disposed":false,"username":"NekoTester","passwordLength":7,"error":"","submitting":true,"lastSubmitted":"NekoTester","renderFault":false,"recoveryCount":0,"profile":2,"packFontWidth":36,"usernameRect":{"x":12,"y":57,"width":196,"height":12},"passwordRect":{"x":12,"y":88,"width":196,"height":12},"submitRect":{"x":12,"y":108,"width":92,"height":20}}
[0710月2026 00:49:55.380] [NekoJS-Log-Flusher/INFO] [NekoJS/]: [client] [ticket48-auto] {"stage":"sample","ticks":4100,"elapsedMs":205372,"statistics":{"initialBuild":1,"layout":28,"reconcile":18,"resize":2,"paint":9136,"diagnostics":1,"cleanup":0},"disposed":false,"username":"NekoTester","passwordLength":7,"error":"","submitting":true,"lastSubmitted":"NekoTester","renderFault":false,"recoveryCount":0,"profile":2,"packFontWidth":36,"usernameRect":{"x":12,"y":57,"width":196,"height":12},"passwordRect":{"x":12,"y":88,"width":196,"height":12},"submitRect":{"x":12,"y":108,"width":92,"height":20}}
[0710月2026 00:50:00.379] [NekoJS-Log-Flusher/INFO] [NekoJS/]: [client] [ticket48-auto] {"stage":"sample","ticks":4200,"elapsedMs":210362,"statistics":{"initialBuild":1,"layout":28,"reconcile":18,"resize":2,"paint":9434,"diagnostics":1,"cleanup":0},"disposed":false,"username":"NekoTester","passwordLength":7,"error":"","submitting":true,"lastSubmitted":"NekoTester","renderFault":false,"recoveryCount":0,"profile":2,"packFontWidth":36,"usernameRect":{"x":12,"y":57,"width":196,"height":12},"passwordRect":{"x":12,"y":88,"width":196,"height":12},"submitRect":{"x":12,"y":108,"width":92,"height":20}}
[0710月2026 00:50:05.380] [NekoJS-Log-Flusher/INFO] [NekoJS/]: [client] [ticket48-auto] {"stage":"sample","ticks":4300,"elapsedMs":215376,"statistics":{"initialBuild":1,"layout":28,"reconcile":18,"resize":2,"paint":9733,"diagnostics":1,"cleanup":0},"disposed":false,"username":"NekoTester","passwordLength":7,"error":"","submitting":true,"lastSubmitted":"NekoTester","renderFault":false,"recoveryCount":0,"profile":2,"packFontWidth":36,"usernameRect":{"x":12,"y":57,"width":196,"height":12},"passwordRect":{"x":12,"y":88,"width":196,"height":12},"submitRect":{"x":12,"y":108,"width":92,"height":20}}
[0710月2026 00:50:10.379] [NekoJS-Log-Flusher/INFO] [NekoJS/]: [client] [ticket48-auto] {"stage":"sample","ticks":4400,"elapsedMs":220374,"statistics":{"initialBuild":1,"layout":28,"reconcile":18,"resize":2,"paint":10031,"diagnostics":1,"cleanup":0},"disposed":false,"username":"NekoTester","passwordLength":7,"error":"","submitting":true,"lastSubmitted":"NekoTester","renderFault":false,"recoveryCount":0,"profile":2,"packFontWidth":36,"usernameRect":{"x":12,"y":57,"width":196,"height":12},"passwordRect":{"x":12,"y":88,"width":196,"height":12},"submitRect":{"x":12,"y":108,"width":92,"height":20}}
[0710月2026 00:50:15.379] [NekoJS-Log-Flusher/INFO] [NekoJS/]: [client] [ticket48-auto] {"stage":"sample","ticks":4500,"elapsedMs":225375,"statistics":{"initialBuild":1,"layout":28,"reconcile":18,"resize":2,"paint":10329,"diagnostics":1,"cleanup":0},"disposed":false,"username":"NekoTester","passwordLength":7,"error":"","submitting":true,"lastSubmitted":"NekoTester","renderFault":false,"recoveryCount":0,"profile":2,"packFontWidth":36,"usernameRect":{"x":12,"y":57,"width":196,"height":12},"passwordRect":{"x":12,"y":88,"width":196,"height":12},"submitRect":{"x":12,"y":108,"width":92,"height":20}}
[0710月2026 00:50:20.380] [NekoJS-Log-Flusher/INFO] [NekoJS/]: [client] [ticket48-auto] {"stage":"sample","ticks":4600,"elapsedMs":230368,"statistics":{"initialBuild":1,"layout":28,"reconcile":18,"resize":2,"paint":10627,"diagnostics":1,"cleanup":0},"disposed":false,"username":"NekoTester","passwordLength":7,"error":"","submitting":true,"lastSubmitted":"NekoTester","renderFault":false,"recoveryCount":0,"profile":2,"packFontWidth":36,"usernameRect":{"x":12,"y":57,"width":196,"height":12},"passwordRect":{"x":12,"y":88,"width":196,"height":12},"submitRect":{"x":12,"y":108,"width":92,"height":20}}
[0710月2026 00:50:24.380] [NekoJS-Log-Flusher/ERROR] [NekoJS/]: [client] Script ui-render callback exception:
环境: CLIENT
位置: ui-render/9a480dfb
原因: ticket48 deliberate render failure
script-diagnostic id=nekojs:rt/CLIENT/ui-render/9a480dfb type=client phase=EXECUTION owner=Script Execution Environment generation=2 candidate=false cause=IllegalStateException: [NEKO-7007] JSX UI root ticket48-auto-root failed in phase render (generation 2): UI render failed: ticket48 deliberate render failure
[0710月2026 00:50:25.379] [NekoJS-Log-Flusher/INFO] [NekoJS/]: [client] [ticket48-auto] {"stage":"sample","ticks":4700,"elapsedMs":235361,"statistics":{"initialBuild":1,"layout":28,"reconcile":18,"resize":2,"paint":10925,"diagnostics":2,"cleanup":0},"disposed":false,"username":"NekoTester","passwordLength":7,"error":"","submitting":true,"lastSubmitted":"NekoTester","renderFault":true,"recoveryCount":0,"profile":2,"packFontWidth":36,"usernameRect":{"x":12,"y":57,"width":196,"height":12},"passwordRect":{"x":12,"y":88,"width":196,"height":12},"submitRect":{"x":12,"y":108,"width":92,"height":20}}
[0710月2026 00:50:30.379] [NekoJS-Log-Flusher/INFO] [NekoJS/]: [client] [ticket48-auto] {"stage":"sample","ticks":4800,"elapsedMs":240373,"statistics":{"initialBuild":1,"layout":28,"reconcile":18,"resize":2,"paint":11224,"diagnostics":2,"cleanup":0},"disposed":false,"username":"NekoTester","passwordLength":7,"error":"","submitting":true,"lastSubmitted":"NekoTester","renderFault":true,"recoveryCount":0,"profile":2,"packFontWidth":36,"usernameRect":{"x":12,"y":57,"width":196,"height":12},"passwordRect":{"x":12,"y":88,"width":196,"height":12},"submitRect":{"x":12,"y":108,"width":92,"height":20}}
[0710月2026 00:50:35.381] [NekoJS-Log-Flusher/INFO] [NekoJS/]: [client] [ticket48-auto] {"stage":"sample","ticks":4900,"elapsedMs":245370,"statistics":{"initialBuild":1,"layout":28,"reconcile":18,"resize":2,"paint":11522,"diagnostics":2,"cleanup":0},"disposed":false,"username":"NekoTester","passwordLength":7,"error":"","submitting":true,"lastSubmitted":"NekoTester","renderFault":true,"recoveryCount":0,"profile":2,"packFontWidth":36,"usernameRect":{"x":12,"y":57,"width":196,"height":12},"passwordRect":{"x":12,"y":88,"width":196,"height":12},"submitRect":{"x":12,"y":108,"width":92,"height":20}}
[0710月2026 00:50:40.381] [NekoJS-Log-Flusher/INFO] [NekoJS/]: [client] [ticket48-auto] {"stage":"sample","ticks":5000,"elapsedMs":250365,"statistics":{"initialBuild":1,"layout":28,"reconcile":18,"resize":2,"paint":11820,"diagnostics":2,"cleanup":0},"disposed":false,"username":"NekoTester","passwordLength":7,"error":"","submitting":true,"lastSubmitted":"NekoTester","renderFault":true,"recoveryCount":0,"profile":2,"packFontWidth":36,"usernameRect":{"x":12,"y":57,"width":196,"height":12},"passwordRect":{"x":12,"y":88,"width":196,"height":12},"submitRect":{"x":12,"y":108,"width":92,"height":20}}
[0710月2026 00:50:45.380] [NekoJS-Log-Flusher/INFO] [NekoJS/]: [client] [ticket48-auto] {"stage":"sample","ticks":5100,"elapsedMs":255372,"statistics":{"initialBuild":1,"layout":28,"reconcile":18,"resize":2,"paint":12119,"diagnostics":2,"cleanup":0},"disposed":false,"username":"NekoTester","passwordLength":7,"error":"","submitting":true,"lastSubmitted":"NekoTester","renderFault":true,"recoveryCount":0,"profile":2,"packFontWidth":36,"usernameRect":{"x":12,"y":57,"width":196,"height":12},"passwordRect":{"x":12,"y":88,"width":196,"height":12},"submitRect":{"x":12,"y":108,"width":92,"height":20}}
[0710月2026 00:50:50.379] [NekoJS-Log-Flusher/INFO] [NekoJS/]: [client] [ticket48-auto] {"stage":"sample","ticks":5200,"elapsedMs":260365,"statistics":{"initialBuild":1,"layout":28,"reconcile":18,"resize":2,"paint":12417,"diagnostics":2,"cleanup":0},"disposed":false,"username":"NekoTester","passwordLength":7,"error":"","submitting":true,"lastSubmitted":"NekoTester","renderFault":true,"recoveryCount":0,"profile":2,"packFontWidth":36,"usernameRect":{"x":12,"y":57,"width":196,"height":12},"passwordRect":{"x":12,"y":88,"width":196,"height":12},"submitRect":{"x":12,"y":108,"width":92,"height":20}}
[0710月2026 00:50:55.380] [NekoJS-Log-Flusher/INFO] [NekoJS/]: [client] [ticket48-auto] {"stage":"sample","ticks":5300,"elapsedMs":265375,"statistics":{"initialBuild":1,"layout":28,"reconcile":18,"resize":2,"paint":12716,"diagnostics":2,"cleanup":0},"disposed":false,"username":"NekoTester","passwordLength":7,"error":"","submitting":true,"lastSubmitted":"NekoTester","renderFault":true,"recoveryCount":0,"profile":2,"packFontWidth":36,"usernameRect":{"x":12,"y":57,"width":196,"height":12},"passwordRect":{"x":12,"y":88,"width":196,"height":12},"submitRect":{"x":12,"y":108,"width":92,"height":20}}
[0710月2026 00:51:00.379] [NekoJS-Log-Flusher/INFO] [NekoJS/]: [client] [ticket48-auto] {"stage":"sample","ticks":5400,"elapsedMs":270369,"statistics":{"initialBuild":1,"layout":28,"reconcile":18,"resize":2,"paint":13014,"diagnostics":2,"cleanup":0},"disposed":false,"username":"NekoTester","passwordLength":7,"error":"","submitting":true,"lastSubmitted":"NekoTester","renderFault":true,"recoveryCount":0,"profile":2,"packFontWidth":36,"usernameRect":{"x":12,"y":57,"width":196,"height":12},"passwordRect":{"x":12,"y":88,"width":196,"height":12},"submitRect":{"x":12,"y":108,"width":92,"height":20}}
[0710月2026 00:51:05.380] [NekoJS-Log-Flusher/INFO] [NekoJS/]: [client] [ticket48-auto] {"stage":"sample","ticks":5500,"elapsedMs":275374,"statistics":{"initialBuild":1,"layout":28,"reconcile":18,"resize":2,"paint":13313,"diagnostics":2,"cleanup":0},"disposed":false,"username":"NekoTester","passwordLength":7,"error":"","submitting":true,"lastSubmitted":"NekoTester","renderFault":true,"recoveryCount":0,"profile":2,"packFontWidth":36,"usernameRect":{"x":12,"y":57,"width":196,"height":12},"passwordRect":{"x":12,"y":88,"width":196,"height":12},"submitRect":{"x":12,"y":108,"width":92,"height":20}}
[0710月2026 00:51:10.380] [NekoJS-Log-Flusher/INFO] [NekoJS/]: [client] [ticket48-auto] {"stage":"sample","ticks":5600,"elapsedMs":280366,"statistics":{"initialBuild":1,"layout":28,"reconcile":18,"resize":2,"paint":13611,"diagnostics":2,"cleanup":0},"disposed":false,"username":"NekoTester","passwordLength":7,"error":"","submitting":true,"lastSubmitted":"NekoTester","renderFault":true,"recoveryCount":0,"profile":2,"packFontWidth":36,"usernameRect":{"x":12,"y":57,"width":196,"height":12},"passwordRect":{"x":12,"y":88,"width":196,"height":12},"submitRect":{"x":12,"y":108,"width":92,"height":20}}
[0710月2026 00:51:15.379] [NekoJS-Log-Flusher/INFO] [NekoJS/]: [client] [ticket48-auto] {"stage":"sample","ticks":5700,"elapsedMs":285360,"statistics":{"initialBuild":1,"layout":28,"reconcile":18,"resize":2,"paint":13909,"diagnostics":2,"cleanup":0},"disposed":false,"username":"NekoTester","passwordLength":7,"error":"","submitting":true,"lastSubmitted":"NekoTester","renderFault":true,"recoveryCount":0,"profile":2,"packFontWidth":36,"usernameRect":{"x":12,"y":57,"width":196,"height":12},"passwordRect":{"x":12,"y":88,"width":196,"height":12},"submitRect":{"x":12,"y":108,"width":92,"height":20}}
[0710月2026 00:51:20.381] [NekoJS-Log-Flusher/INFO] [NekoJS/]: [client] [ticket48-auto] {"stage":"sample","ticks":5800,"elapsedMs":290366,"statistics":{"initialBuild":1,"layout":28,"reconcile":18,"resize":2,"paint":14208,"diagnostics":2,"cleanup":0},"disposed":false,"username":"NekoTester","passwordLength":7,"error":"","submitting":true,"lastSubmitted":"NekoTester","renderFault":true,"recoveryCount":0,"profile":2,"packFontWidth":36,"usernameRect":{"x":12,"y":57,"width":196,"height":12},"passwordRect":{"x":12,"y":88,"width":196,"height":12},"submitRect":{"x":12,"y":108,"width":92,"height":20}}
[0710月2026 00:51:25.379] [NekoJS-Log-Flusher/INFO] [NekoJS/]: [client] [ticket48-auto] {"stage":"sample","ticks":5900,"elapsedMs":295360,"statistics":{"initialBuild":1,"layout":28,"reconcile":18,"resize":2,"paint":14503,"diagnostics":2,"cleanup":0},"disposed":false,"username":"NekoTester","passwordLength":7,"error":"","submitting":true,"lastSubmitted":"NekoTester","renderFault":true,"recoveryCount":0,"profile":2,"packFontWidth":36,"usernameRect":{"x":12,"y":57,"width":196,"height":12},"passwordRect":{"x":12,"y":88,"width":196,"height":12},"submitRect":{"x":12,"y":108,"width":92,"height":20}}
[0710月2026 00:51:30.379] [NekoJS-Log-Flusher/INFO] [NekoJS/]: [client] [ticket48-auto] {"stage":"sample","ticks":6000,"elapsedMs":300376,"statistics":{"initialBuild":1,"layout":28,"reconcile":18,"resize":2,"paint":14653,"diagnostics":2,"cleanup":0},"disposed":false,"username":"NekoTester","passwordLength":7,"error":"","submitting":true,"lastSubmitted":"NekoTester","renderFault":true,"recoveryCount":0,"profile":2,"packFontWidth":36,"usernameRect":{"x":12,"y":57,"width":196,"height":12},"passwordRect":{"x":12,"y":88,"width":196,"height":12},"submitRect":{"x":12,"y":108,"width":92,"height":20}}
[0710月2026 00:51:35.381] [NekoJS-Log-Flusher/INFO] [NekoJS/]: [client] [ticket48-auto] {"stage":"sample","ticks":6100,"elapsedMs":305390,"statistics":{"initialBuild":1,"layout":28,"reconcile":18,"resize":2,"paint":14803,"diagnostics":2,"cleanup":0},"disposed":false,"username":"NekoTester","passwordLength":7,"error":"","submitting":true,"lastSubmitted":"NekoTester","renderFault":true,"recoveryCount":0,"profile":2,"packFontWidth":36,"usernameRect":{"x":12,"y":57,"width":196,"height":12},"passwordRect":{"x":12,"y":88,"width":196,"height":12},"submitRect":{"x":12,"y":108,"width":92,"height":20}}
[0710月2026 00:51:40.379] [NekoJS-Log-Flusher/INFO] [NekoJS/]: [client] [ticket48-auto] {"stage":"sample","ticks":6200,"elapsedMs":310361,"statistics":{"initialBuild":1,"layout":30,"reconcile":20,"resize":2,"paint":15099,"diagnostics":2,"cleanup":0},"disposed":false,"username":"NekoTester","passwordLength":7,"error":"","submitting":true,"lastSubmitted":"NekoTester","renderFault":false,"recoveryCount":1,"profile":2,"packFontWidth":36,"usernameRect":{"x":12,"y":57,"width":196,"height":12},"passwordRect":{"x":12,"y":88,"width":196,"height":12},"submitRect":{"x":12,"y":108,"width":92,"height":20}}
[0710月2026 00:51:45.379] [NekoJS-Log-Flusher/INFO] [NekoJS/]: [client] [ticket48-auto] {"stage":"sample","ticks":6300,"elapsedMs":315370,"statistics":{"initialBuild":1,"layout":30,"reconcile":20,"resize":2,"paint":15398,"diagnostics":2,"cleanup":0},"disposed":false,"username":"NekoTester","passwordLength":7,"error":"","submitting":true,"lastSubmitted":"NekoTester","renderFault":false,"recoveryCount":1,"profile":2,"packFontWidth":36,"usernameRect":{"x":12,"y":57,"width":196,"height":12},"passwordRect":{"x":12,"y":88,"width":196,"height":12},"submitRect":{"x":12,"y":108,"width":92,"height":20}}
[0710月2026 00:51:50.379] [NekoJS-Log-Flusher/INFO] [NekoJS/]: [client] [ticket48-auto] {"stage":"sample","ticks":6400,"elapsedMs":320363,"statistics":{"initialBuild":1,"layout":30,"reconcile":20,"resize":2,"paint":15696,"diagnostics":2,"cleanup":0},"disposed":false,"username":"NekoTester","passwordLength":7,"error":"","submitting":true,"lastSubmitted":"NekoTester","renderFault":false,"recoveryCount":1,"profile":2,"packFontWidth":36,"usernameRect":{"x":12,"y":57,"width":196,"height":12},"passwordRect":{"x":12,"y":88,"width":196,"height":12},"submitRect":{"x":12,"y":108,"width":92,"height":20}}
[0710月2026 00:51:55.381] [NekoJS-Log-Flusher/INFO] [NekoJS/]: [client] [ticket48-auto] {"stage":"sample","ticks":6500,"elapsedMs":325368,"statistics":{"initialBuild":1,"layout":30,"reconcile":20,"resize":2,"paint":15995,"diagnostics":2,"cleanup":0},"disposed":false,"username":"NekoTester","passwordLength":7,"error":"","submitting":true,"lastSubmitted":"NekoTester","renderFault":false,"recoveryCount":1,"profile":2,"packFontWidth":36,"usernameRect":{"x":12,"y":57,"width":196,"height":12},"passwordRect":{"x":12,"y":88,"width":196,"height":12},"submitRect":{"x":12,"y":108,"width":92,"height":20}}
[0710月2026 00:52:00.379] [NekoJS-Log-Flusher/INFO] [NekoJS/]: [client] [ticket48-auto] {"stage":"sample","ticks":6600,"elapsedMs":330366,"statistics":{"initialBuild":1,"layout":30,"reconcile":20,"resize":2,"paint":16293,"diagnostics":2,"cleanup":0},"disposed":false,"username":"NekoTester","passwordLength":7,"error":"","submitting":true,"lastSubmitted":"NekoTester","renderFault":false,"recoveryCount":1,"profile":2,"packFontWidth":36,"usernameRect":{"x":12,"y":57,"width":196,"height":12},"passwordRect":{"x":12,"y":88,"width":196,"height":12},"submitRect":{"x":12,"y":108,"width":92,"height":20}}
[0710月2026 00:52:05.381] [NekoJS-Log-Flusher/INFO] [NekoJS/]: [client] [ticket48-auto] {"stage":"sample","ticks":6700,"elapsedMs":335370,"statistics":{"initialBuild":1,"layout":30,"reconcile":20,"resize":2,"paint":16583,"diagnostics":2,"cleanup":0},"disposed":false,"username":"NekoTester","passwordLength":7,"error":"","submitting":true,"lastSubmitted":"NekoTester","renderFault":false,"recoveryCount":1,"profile":2,"packFontWidth":36,"usernameRect":{"x":12,"y":57,"width":196,"height":12},"passwordRect":{"x":12,"y":88,"width":196,"height":12},"submitRect":{"x":12,"y":108,"width":92,"height":20}}
[0710月2026 00:52:10.379] [NekoJS-Log-Flusher/INFO] [NekoJS/]: [client] [ticket48-auto] {"stage":"sample","ticks":6800,"elapsedMs":340365,"statistics":{"initialBuild":1,"layout":30,"reconcile":20,"resize":2,"paint":16881,"diagnostics":2,"cleanup":0},"disposed":false,"username":"NekoTester","passwordLength":7,"error":"","submitting":true,"lastSubmitted":"NekoTester","renderFault":false,"recoveryCount":1,"profile":2,"packFontWidth":36,"usernameRect":{"x":12,"y":57,"width":196,"height":12},"passwordRect":{"x":12,"y":88,"width":196,"height":12},"submitRect":{"x":12,"y":108,"width":92,"height":20}}
[0710月2026 00:52:15.380] [NekoJS-Log-Flusher/INFO] [NekoJS/]: [client] [ticket48-auto] {"stage":"sample","ticks":6900,"elapsedMs":345374,"statistics":{"initialBuild":1,"layout":30,"reconcile":20,"resize":2,"paint":17180,"diagnostics":2,"cleanup":0},"disposed":false,"username":"NekoTester","passwordLength":7,"error":"","submitting":true,"lastSubmitted":"NekoTester","renderFault":false,"recoveryCount":1,"profile":2,"packFontWidth":36,"usernameRect":{"x":12,"y":57,"width":196,"height":12},"passwordRect":{"x":12,"y":88,"width":196,"height":12},"submitRect":{"x":12,"y":108,"width":92,"height":20}}
[0710月2026 00:52:20.379] [NekoJS-Log-Flusher/INFO] [NekoJS/]: [client] [ticket48-auto] {"stage":"sample","ticks":7000,"elapsedMs":350370,"statistics":{"initialBuild":1,"layout":30,"reconcile":20,"resize":2,"paint":17478,"diagnostics":2,"cleanup":0},"disposed":false,"username":"NekoTester","passwordLength":7,"error":"","submitting":true,"lastSubmitted":"NekoTester","renderFault":false,"recoveryCount":1,"profile":2,"packFontWidth":36,"usernameRect":{"x":12,"y":57,"width":196,"height":12},"passwordRect":{"x":12,"y":88,"width":196,"height":12},"submitRect":{"x":12,"y":108,"width":92,"height":20}}
[0710月2026 00:52:25.380] [NekoJS-Log-Flusher/INFO] [NekoJS/]: [client] [ticket48-auto] {"stage":"sample","ticks":7100,"elapsedMs":355360,"statistics":{"initialBuild":1,"layout":30,"reconcile":20,"resize":2,"paint":17776,"diagnostics":2,"cleanup":0},"disposed":false,"username":"NekoTester","passwordLength":7,"error":"","submitting":true,"lastSubmitted":"NekoTester","renderFault":false,"recoveryCount":1,"profile":2,"packFontWidth":36,"usernameRect":{"x":12,"y":57,"width":196,"height":12},"passwordRect":{"x":12,"y":88,"width":196,"height":12},"submitRect":{"x":12,"y":108,"width":92,"height":20}}
[0710月2026 00:52:30.381] [NekoJS-Log-Flusher/INFO] [NekoJS/]: [client] [ticket48-auto] {"stage":"sample","ticks":7200,"elapsedMs":360369,"statistics":{"initialBuild":1,"layout":30,"reconcile":20,"resize":2,"paint":18075,"diagnostics":2,"cleanup":0},"disposed":false,"username":"NekoTester","passwordLength":7,"error":"","submitting":true,"lastSubmitted":"NekoTester","renderFault":false,"recoveryCount":1,"profile":2,"packFontWidth":36,"usernameRect":{"x":12,"y":57,"width":196,"height":12},"passwordRect":{"x":12,"y":88,"width":196,"height":12},"submitRect":{"x":12,"y":108,"width":92,"height":20}}
[0710月2026 00:52:35.381] [NekoJS-Log-Flusher/INFO] [NekoJS/]: [client] [ticket48-auto] {"stage":"sample","ticks":7300,"elapsedMs":365366,"statistics":{"initialBuild":1,"layout":30,"reconcile":20,"resize":2,"paint":18373,"diagnostics":2,"cleanup":0},"disposed":false,"username":"NekoTester","passwordLength":7,"error":"","submitting":true,"lastSubmitted":"NekoTester","renderFault":false,"recoveryCount":1,"profile":2,"packFontWidth":36,"usernameRect":{"x":12,"y":57,"width":196,"height":12},"passwordRect":{"x":12,"y":88,"width":196,"height":12},"submitRect":{"x":12,"y":108,"width":92,"height":20}}
[0710月2026 00:52:40.380] [NekoJS-Log-Flusher/INFO] [NekoJS/]: [client] [ticket48-auto] {"stage":"sample","ticks":7400,"elapsedMs":370382,"statistics":{"initialBuild":1,"layout":30,"reconcile":20,"resize":2,"paint":18527,"diagnostics":2,"cleanup":0},"disposed":false,"username":"NekoTester","passwordLength":7,"error":"","submitting":true,"lastSubmitted":"NekoTester","renderFault":false,"recoveryCount":1,"profile":2,"packFontWidth":36,"usernameRect":{"x":12,"y":57,"width":196,"height":12},"passwordRect":{"x":12,"y":88,"width":196,"height":12},"submitRect":{"x":12,"y":108,"width":92,"height":20}}
[0710月2026 00:52:45.381] [NekoJS-Log-Flusher/INFO] [NekoJS/]: [client] [ticket48-auto] {"stage":"sample","ticks":7500,"elapsedMs":375392,"statistics":{"initialBuild":1,"layout":30,"reconcile":20,"resize":2,"paint":18677,"diagnostics":2,"cleanup":0},"disposed":false,"username":"NekoTester","passwordLength":7,"error":"","submitting":true,"lastSubmitted":"NekoTester","renderFault":false,"recoveryCount":1,"profile":2,"packFontWidth":36,"usernameRect":{"x":12,"y":57,"width":196,"height":12},"passwordRect":{"x":12,"y":88,"width":196,"height":12},"submitRect":{"x":12,"y":108,"width":92,"height":20}}
[0710月2026 00:52:50.380] [NekoJS-Log-Flusher/INFO] [NekoJS/]: [client] [ticket48-auto] {"stage":"sample","ticks":7600,"elapsedMs":380375,"statistics":{"initialBuild":1,"layout":30,"reconcile":20,"resize":2,"paint":18826,"diagnostics":2,"cleanup":0},"disposed":false,"username":"NekoTester","passwordLength":7,"error":"","submitting":true,"lastSubmitted":"NekoTester","renderFault":false,"recoveryCount":1,"profile":2,"packFontWidth":36,"usernameRect":{"x":12,"y":57,"width":196,"height":12},"passwordRect":{"x":12,"y":88,"width":196,"height":12},"submitRect":{"x":12,"y":108,"width":92,"height":20}}
[0710月2026 00:52:55.380] [NekoJS-Log-Flusher/INFO] [NekoJS/]: [client] [ticket48-auto] {"stage":"sample","ticks":7700,"elapsedMs":385385,"statistics":{"initialBuild":1,"layout":30,"reconcile":20,"resize":2,"paint":18976,"diagnostics":2,"cleanup":0},"disposed":false,"username":"NekoTester","passwordLength":7,"error":"","submitting":true,"lastSubmitted":"NekoTester","renderFault":false,"recoveryCount":1,"profile":2,"packFontWidth":36,"usernameRect":{"x":12,"y":57,"width":196,"height":12},"passwordRect":{"x":12,"y":88,"width":196,"height":12},"submitRect":{"x":12,"y":108,"width":92,"height":20}}
[0710月2026 00:53:00.380] [NekoJS-Log-Flusher/INFO] [NekoJS/]: [client] [ticket48-auto] {"stage":"sample","ticks":7800,"elapsedMs":390366,"statistics":{"initialBuild":1,"layout":30,"reconcile":20,"resize":2,"paint":19125,"diagnostics":2,"cleanup":0},"disposed":false,"username":"NekoTester","passwordLength":7,"error":"","submitting":true,"lastSubmitted":"NekoTester","renderFault":false,"recoveryCount":1,"profile":2,"packFontWidth":36,"usernameRect":{"x":12,"y":57,"width":196,"height":12},"passwordRect":{"x":12,"y":88,"width":196,"height":12},"submitRect":{"x":12,"y":108,"width":92,"height":20}}
[0710月2026 00:53:05.380] [NekoJS-Log-Flusher/INFO] [NekoJS/]: [client] [ticket48-auto] {"stage":"sample","ticks":7900,"elapsedMs":395376,"statistics":{"initialBuild":1,"layout":30,"reconcile":20,"resize":2,"paint":19275,"diagnostics":2,"cleanup":0},"disposed":false,"username":"NekoTester","passwordLength":7,"error":"","submitting":true,"lastSubmitted":"NekoTester","renderFault":false,"recoveryCount":1,"profile":2,"packFontWidth":36,"usernameRect":{"x":12,"y":57,"width":196,"height":12},"passwordRect":{"x":12,"y":88,"width":196,"height":12},"submitRect":{"x":12,"y":108,"width":92,"height":20}}
[0710月2026 00:53:10.380] [NekoJS-Log-Flusher/INFO] [NekoJS/]: [client] [ticket48-auto] {"stage":"sample","ticks":8000,"elapsedMs":400392,"statistics":{"initialBuild":1,"layout":30,"reconcile":20,"resize":2,"paint":19425,"diagnostics":2,"cleanup":0},"disposed":false,"username":"NekoTester","passwordLength":7,"error":"","submitting":true,"lastSubmitted":"NekoTester","renderFault":false,"recoveryCount":1,"profile":2,"packFontWidth":36,"usernameRect":{"x":12,"y":57,"width":196,"height":12},"passwordRect":{"x":12,"y":88,"width":196,"height":12},"submitRect":{"x":12,"y":108,"width":92,"height":20}}
[0710月2026 00:53:15.380] [NekoJS-Log-Flusher/INFO] [NekoJS/]: [client] [ticket48-auto] {"stage":"sample","ticks":8100,"elapsedMs":405369,"statistics":{"initialBuild":1,"layout":30,"reconcile":20,"resize":2,"paint":19574,"diagnostics":2,"cleanup":0},"disposed":false,"username":"NekoTester","passwordLength":7,"error":"","submitting":true,"lastSubmitted":"NekoTester","renderFault":false,"recoveryCount":1,"profile":2,"packFontWidth":36,"usernameRect":{"x":12,"y":57,"width":196,"height":12},"passwordRect":{"x":12,"y":88,"width":196,"height":12},"submitRect":{"x":12,"y":108,"width":92,"height":20}}
[0710月2026 00:53:20.379] [NekoJS-Log-Flusher/INFO] [NekoJS/]: [client] [ticket48-auto] {"stage":"sample","ticks":8200,"elapsedMs":410381,"statistics":{"initialBuild":1,"layout":30,"reconcile":20,"resize":2,"paint":19724,"diagnostics":2,"cleanup":0},"disposed":false,"username":"NekoTester","passwordLength":7,"error":"","submitting":true,"lastSubmitted":"NekoTester","renderFault":false,"recoveryCount":1,"profile":2,"packFontWidth":36,"usernameRect":{"x":12,"y":57,"width":196,"height":12},"passwordRect":{"x":12,"y":88,"width":196,"height":12},"submitRect":{"x":12,"y":108,"width":92,"height":20}}
[0710月2026 00:53:25.379] [NekoJS-Log-Flusher/INFO] [NekoJS/]: [client] [ticket48-auto] {"stage":"sample","ticks":8300,"elapsedMs":415363,"statistics":{"initialBuild":1,"layout":30,"reconcile":20,"resize":2,"paint":19873,"diagnostics":2,"cleanup":0},"disposed":false,"username":"NekoTester","passwordLength":7,"error":"","submitting":true,"lastSubmitted":"NekoTester","renderFault":false,"recoveryCount":1,"profile":2,"packFontWidth":36,"usernameRect":{"x":12,"y":57,"width":196,"height":12},"passwordRect":{"x":12,"y":88,"width":196,"height":12},"submitRect":{"x":12,"y":108,"width":92,"height":20}}
[0710月2026 00:53:30.379] [NekoJS-Log-Flusher/INFO] [NekoJS/]: [client] [ticket48-auto] {"stage":"sample","ticks":8400,"elapsedMs":420376,"statistics":{"initialBuild":1,"layout":30,"reconcile":20,"resize":2,"paint":20023,"diagnostics":2,"cleanup":0},"disposed":false,"username":"NekoTester","passwordLength":7,"error":"","submitting":true,"lastSubmitted":"NekoTester","renderFault":false,"recoveryCount":1,"profile":2,"packFontWidth":36,"usernameRect":{"x":12,"y":57,"width":196,"height":12},"passwordRect":{"x":12,"y":88,"width":196,"height":12},"submitRect":{"x":12,"y":108,"width":92,"height":20}}
[0710月2026 00:53:35.380] [NekoJS-Log-Flusher/INFO] [NekoJS/]: [client] [ticket48-auto] {"stage":"sample","ticks":8500,"elapsedMs":425389,"statistics":{"initialBuild":1,"layout":30,"reconcile":20,"resize":2,"paint":20173,"diagnostics":2,"cleanup":0},"disposed":false,"username":"NekoTester","passwordLength":7,"error":"","submitting":true,"lastSubmitted":"NekoTester","renderFault":false,"recoveryCount":1,"profile":2,"packFontWidth":36,"usernameRect":{"x":12,"y":57,"width":196,"height":12},"passwordRect":{"x":12,"y":88,"width":196,"height":12},"submitRect":{"x":12,"y":108,"width":92,"height":20}}
[0710月2026 00:53:40.381] [NekoJS-Log-Flusher/INFO] [NekoJS/]: [client] [ticket48-auto] {"stage":"sample","ticks":8600,"elapsedMs":430366,"statistics":{"initialBuild":1,"layout":30,"reconcile":20,"resize":2,"paint":20322,"diagnostics":2,"cleanup":0},"disposed":false,"username":"NekoTester","passwordLength":7,"error":"","submitting":true,"lastSubmitted":"NekoTester","renderFault":false,"recoveryCount":1,"profile":2,"packFontWidth":36,"usernameRect":{"x":12,"y":57,"width":196,"height":12},"passwordRect":{"x":12,"y":88,"width":196,"height":12},"submitRect":{"x":12,"y":108,"width":92,"height":20}}
[0710月2026 00:53:45.379] [NekoJS-Log-Flusher/INFO] [NekoJS/]: [client] [ticket48-auto] {"stage":"sample","ticks":8700,"elapsedMs":435376,"statistics":{"initialBuild":1,"layout":30,"reconcile":20,"resize":2,"paint":20472,"diagnostics":2,"cleanup":0},"disposed":false,"username":"NekoTester","passwordLength":7,"error":"","submitting":true,"lastSubmitted":"NekoTester","renderFault":false,"recoveryCount":1,"profile":2,"packFontWidth":36,"usernameRect":{"x":12,"y":57,"width":196,"height":12},"passwordRect":{"x":12,"y":88,"width":196,"height":12},"submitRect":{"x":12,"y":108,"width":92,"height":20}}
[0710月2026 00:53:50.381] [NekoJS-Log-Flusher/INFO] [NekoJS/]: [client] [ticket48-auto] {"stage":"sample","ticks":8800,"elapsedMs":440389,"statistics":{"initialBuild":1,"layout":30,"reconcile":20,"resize":2,"paint":20622,"diagnostics":2,"cleanup":0},"disposed":false,"username":"NekoTester","passwordLength":7,"error":"","submitting":true,"lastSubmitted":"NekoTester","renderFault":false,"recoveryCount":1,"profile":2,"packFontWidth":36,"usernameRect":{"x":12,"y":57,"width":196,"height":12},"passwordRect":{"x":12,"y":88,"width":196,"height":12},"submitRect":{"x":12,"y":108,"width":92,"height":20}}
[0710月2026 00:53:53.898] [Render thread/INFO] [net.minecraft.client.gui.components.ChatComponent/]: [System] [CHAT] [Debug]: Reloaded resource packs
[0710月2026 00:53:53.903] [Render thread/WARN] [net.neoforged.neoforge.resource.ResourcePackLoader/]: Error reading optional pack metadata for mod/mcpmod, attempting fallback type
com.google.gson.JsonParseException: Pack declares support for version newer than 64, but is missing mandatory fields min_format and max_format
	at com.mojang.serialization.DataResult$Error.getOrThrow(DataResult.java:287) ~[datafixerupper-10.0.21.jar:?]
	at TRANSFORMER/minecraft@26.2/net.minecraft.server.packs.resources.ResourceMetadata$2.getSection(ResourceMetadata.java:38) ~[minecraft-client-patched-26.2.0.75.jar:?]
	at TRANSFORMER/minecraft@26.2/net.minecraft.server.packs.AbstractPackResources.getMetadataSection(AbstractPackResources.java:24) ~[minecraft-client-patched-26.2.0.75.jar:?]
	at TRANSFORMER/neoforge@26.2.0.75/net.neoforged.neoforge.resource.ResourcePackLoader.readMeta(ResourcePackLoader.java:202) ~[neoforge-26.2.0.75-universal.jar:?]
	at TRANSFORMER/neoforge@26.2.0.75/net.neoforged.neoforge.resource.ResourcePackLoader.readWithOptionalMeta(ResourcePackLoader.java:193) ~[neoforge-26.2.0.75-universal.jar:?]
	at TRANSFORMER/neoforge@26.2.0.75/net.neoforged.neoforge.resource.ResourcePackLoader.packFinder(ResourcePackLoader.java:134) ~[neoforge-26.2.0.75-universal.jar:?]
	at TRANSFORMER/neoforge@26.2.0.75/net.neoforged.neoforge.resource.ResourcePackLoader.lambda$buildPackFinder$0(ResourcePackLoader.java:97) ~[neoforge-26.2.0.75-universal.jar:?]
	at TRANSFORMER/minecraft@26.2/net.minecraft.server.packs.repository.PackRepository.discoverAvailable(PackRepository.java:45) ~[minecraft-client-patched-26.2.0.75.jar:?]
	at TRANSFORMER/minecraft@26.2/net.minecraft.server.packs.repository.PackRepository.reload(PackRepository.java:35) ~[minecraft-client-patched-26.2.0.75.jar:?]
	at TRANSFORMER/minecraft@26.2/net.minecraft.client.Minecraft.reloadResourcePacks(Minecraft.java:1046) [minecraft-client-patched-26.2.0.75.jar:?]
	at TRANSFORMER/minecraft@26.2/net.minecraft.client.Minecraft.reloadResourcePacks(Minecraft.java:1032) [minecraft-client-patched-26.2.0.75.jar:?]
	at TRANSFORMER/minecraft@26.2/net.minecraft.client.KeyboardHandler.handleDebugKeys(KeyboardHandler.java:282) [minecraft-client-patched-26.2.0.75.jar:?]
	at TRANSFORMER/minecraft@26.2/net.minecraft.client.KeyboardHandler.keyPress(KeyboardHandler.java:541) [minecraft-client-patched-26.2.0.75.jar:?]
	at TRANSFORMER/minecraft@26.2/net.minecraft.client.KeyboardHandler.lambda$setup$1(KeyboardHandler.java:630) [minecraft-client-patched-26.2.0.75.jar:?]
	at TRANSFORMER/minecraft@26.2/net.minecraft.util.thread.BlockableEventLoop.doRunTask(BlockableEventLoop.java:165) [minecraft-client-patched-26.2.0.75.jar:?]
	at TRANSFORMER/minecraft@26.2/net.minecraft.util.thread.ReentrantBlockableEventLoop.doRunTask(ReentrantBlockableEventLoop.java:24) [minecraft-client-patched-26.2.0.75.jar:?]
	at TRANSFORMER/minecraft@26.2/net.minecraft.util.thread.BlockableEventLoop.execute(BlockableEventLoop.java:108) [minecraft-client-patched-26.2.0.75.jar:?]
	at TRANSFORMER/minecraft@26.2/net.minecraft.client.KeyboardHandler.lambda$setup$0(KeyboardHandler.java:630) [minecraft-client-patched-26.2.0.75.jar:?]
	at org.lwjgl.glfw.GLFWKeyCallbackI.callback(GLFWKeyCallbackI.java:34) [lwjgl-glfw-3.4.1.jar:build 2]
	at org.lwjgl.system.JNI.invokeV(Native Method) [lwjgl-3.4.1-unsafe.jar:build 2]
	at org.lwjgl.glfw.GLFW.glfwPollEvents(GLFW.java:1600) [lwjgl-glfw-3.4.1.jar:build 2]
	at TRANSFORMER/minecraft@26.2/com.mojang.blaze3d.systems.RenderSystem.pollEvents(RenderSystem.java:105) [minecraft-client-patched-26.2.0.75.jar:?]
	at TRANSFORMER/minecraft@26.2/net.minecraft.client.Minecraft.run(Minecraft.java:927) [minecraft-client-patched-26.2.0.75.jar:?]
	at TRANSFORMER/minecraft@26.2/net.minecraft.client.main.Main.main(Main.java:294) [minecraft-client-patched-26.2.0.75.jar:?]
	at net.neoforged.fml.startup.Client.main(Client.java:19) [loader-11.0.16.jar:11.0]
[0710月2026 00:53:53.904] [Render thread/INFO] [net.minecraft.server.packs.resources.ReloadableResourceManager/]: Reloading ResourceManager: vanilla, mod_resources, mod/nekojs, mod/graalmc, mod/neoforge, mod/mcpmod, nekojs
[0710月2026 00:53:53.913] [Worker-Main-55/INFO] [net.minecraft.client.gui.font.providers.UnihexProvider/]: Found unifont_all_no_pua-17.0.01.hex, loading
[0710月2026 00:53:53.913] [Worker-Main-52/INFO] [net.minecraft.client.gui.font.providers.UnihexProvider/]: Found unifont_pua-17.0.01.hex, loading
[0710月2026 00:53:53.942] [Worker-Main-41/INFO] [net.minecraft.client.gui.font.providers.UnihexProvider/]: Found unifont_jp_patch-17.0.01.hex, loading
[0710月2026 00:53:54.258] [Render thread/WARN] [com.mojang.blaze3d.opengl.GlProgram/]: neoforge:pipeline/item_cutout_unlit shader program does not use sampler Sampler2 defined in the pipeline. This might be a bug.
[0710月2026 00:53:54.263] [Render thread/WARN] [com.mojang.blaze3d.opengl.GlProgram/]: neoforge:pipeline/item_translucent_unlit shader program does not use sampler Sampler2 defined in the pipeline. This might be a bug.
[0710月2026 00:53:54.297] [Render thread/INFO] [com.mojang.blaze3d.audio.Library/]: OpenAL initialized on device OpenAL Soft on 扬声器 (Razer Barracuda X)
[0710月2026 00:53:54.297] [Render thread/INFO] [net.minecraft.client.sounds.SoundEngine/SOUNDS]: Sound engine started
[0710月2026 00:53:54.297] [Render thread/INFO] [net.minecraft.client.renderer.texture.TextureAtlas/]: Created: 512x256x0 minecraft:textures/atlas/particles.png-atlas
[0710月2026 00:53:54.301] [Render thread/INFO] [net.minecraft.client.renderer.texture.TextureAtlas/]: Created: 128x128x0 minecraft:textures/atlas/decorated_pot.png-atlas
[0710月2026 00:53:54.302] [Render thread/INFO] [net.minecraft.client.renderer.texture.TextureAtlas/]: Created: 2048x1024x0 minecraft:textures/atlas/armor_trims.png-atlas
[0710月2026 00:53:54.324] [Render thread/INFO] [net.minecraft.client.renderer.texture.TextureAtlas/]: Created: 512x256x0 minecraft:textures/atlas/paintings.png-atlas
[0710月2026 00:53:54.353] [Render thread/INFO] [net.minecraft.client.renderer.texture.TextureAtlas/]: Created: 1024x512x0 minecraft:textures/atlas/shield_patterns.png-atlas
[0710月2026 00:53:54.363] [Render thread/INFO] [net.minecraft.client.renderer.texture.TextureAtlas/]: Created: 2048x2048x4 minecraft:textures/atlas/blocks.png-atlas
[0710月2026 00:53:54.420] [Render thread/INFO] [net.minecraft.client.renderer.texture.TextureAtlas/]: Created: 512x512x0 minecraft:textures/atlas/chest.png-atlas
[0710月2026 00:53:54.457] [Render thread/INFO] [net.minecraft.client.renderer.texture.TextureAtlas/]: Created: 256x128x0 minecraft:textures/atlas/celestials.png-atlas
[0710月2026 00:53:54.459] [Render thread/INFO] [net.minecraft.client.renderer.texture.TextureAtlas/]: Created: 1024x512x0 minecraft:textures/atlas/banner_patterns.png-atlas
[0710月2026 00:53:54.460] [Render thread/INFO] [net.minecraft.client.renderer.texture.TextureAtlas/]: Created: 1024x512x0 minecraft:textures/atlas/items.png-atlas
[0710月2026 00:53:54.476] [Render thread/INFO] [net.minecraft.client.renderer.texture.TextureAtlas/]: Created: 1024x1024x0 minecraft:textures/atlas/gui.png-atlas
[0710月2026 00:53:54.497] [Render thread/INFO] [net.minecraft.client.renderer.texture.TextureAtlas/]: Created: 128x64x0 minecraft:textures/atlas/map_decorations.png-atlas
[0710月2026 00:53:54.519] [Render thread/INFO] [net.minecraft.client.renderer.texture.TextureAtlas/]: Created: 512x512x0 minecraft:textures/atlas/shulker_boxes.png-atlas
[0710月2026 00:53:54.586] [Render thread/INFO] [net.neoforged.neoforge.client.entity.animation.json.AnimationLoader/]: Loaded 0 entity animations
[0710月2026 00:53:54.649] [Render thread/INFO] [NekoJS/]: 正在为 CLIENT 注册 16 个事件组... — registering event groups
[0710月2026 00:53:54.653] [Render thread/INFO] [NekoJS/]: [client] 正在重载 CLIENT 脚本... — reloading scripts (x2)
[0710月2026 00:53:54.720] [Render thread/INFO] [NekoJS/]: [client] 发现了 4 个 CLIENT 脚本 — scripts discovered
[0710月2026 00:53:54.721] [Render thread/INFO] [com.tkisor.nekojs.client.posteffect.PostEffectManager/]: Installed client post-effect generation 2 (0 definition(s), 0 removed, 0 re-declared)
[0710月2026 00:53:54.724] [Render thread/INFO] [NekoJS/]: [client] Hello, World! (Loaded client example script)
[0710月2026 00:53:55.381] [NekoJS-Log-Flusher/INFO] [NekoJS/]: [client] CLIENT 脚本重载完毕 — script reload finished (x2)
[0710月2026 00:54:00.251] [Render thread/INFO] [NekoJS/]: [client] [ticket48-auto] {"stage":"open","ticks":120,"elapsedMs":5551,"statistics":{"initialBuild":1,"layout":2,"reconcile":0,"resize":1,"paint":0,"diagnostics":0,"cleanup":0},"disposed":false,"username":"","passwordLength":0,"error":"","submitting":false,"lastSubmitted":"","renderFault":false,"recoveryCount":0,"profile":2,"packFontWidth":36,"usernameRect":{"x":12,"y":57,"width":196,"height":20},"passwordRect":{"x":12,"y":96,"width":196,"height":20},"submitRect":{"x":12,"y":124,"width":92,"height":20}}
[0710月2026 00:54:00.259] [Render thread/INFO] [NekoJS/]: [client] [ticket48-auto] {"stage":"profile-1-result-true","ticks":120,"elapsedMs":5559,"statistics":{"initialBuild":1,"layout":3,"reconcile":0,"resize":1,"paint":0,"diagnostics":0,"cleanup":0},"disposed":false,"username":"","passwordLength":0,"error":"","submitting":false,"lastSubmitted":"","renderFault":false,"recoveryCount":0,"profile":1,"packFontWidth":36,"usernameRect":{"x":12,"y":57,"width":196,"height":20},"passwordRect":{"x":12,"y":96,"width":196,"height":20},"submitRect":{"x":12,"y":124,"width":92,"height":20}}
[0710月2026 00:54:00.265] [Render thread/INFO] [NekoJS/]: [client] [ticket48-auto] {"stage":"profile-2-result-true","ticks":120,"elapsedMs":5567,"statistics":{"initialBuild":1,"layout":4,"reconcile":0,"resize":1,"paint":0,"diagnostics":0,"cleanup":0},"disposed":false,"username":"","passwordLength":0,"error":"","submitting":false,"lastSubmitted":"","renderFault":false,"recoveryCount":0,"profile":2,"packFontWidth":36,"usernameRect":{"x":12,"y":57,"width":196,"height":20},"passwordRect":{"x":12,"y":96,"width":196,"height":20},"submitRect":{"x":12,"y":124,"width":92,"height":20}}
[0710月2026 00:54:00.272] [Render thread/INFO] [NekoJS/]: [client] [ticket48-auto] {"stage":"profile-3-result-true","ticks":120,"elapsedMs":5572,"statistics":{"initialBuild":1,"layout":5,"reconcile":0,"resize":1,"paint":0,"diagnostics":0,"cleanup":0},"disposed":false,"username":"","passwordLength":0,"error":"","submitting":false,"lastSubmitted":"","renderFault":false,"recoveryCount":0,"profile":3,"packFontWidth":36,"usernameRect":{"x":12,"y":57,"width":196,"height":20},"passwordRect":{"x":12,"y":96,"width":196,"height":20},"submitRect":{"x":12,"y":124,"width":92,"height":20}}
[0710月2026 00:54:00.278] [Render thread/INFO] [NekoJS/]: [client] [ticket48-auto] {"stage":"profile-4-result-true","ticks":120,"elapsedMs":5580,"statistics":{"initialBuild":1,"layout":6,"reconcile":0,"resize":1,"paint":0,"diagnostics":0,"cleanup":0},"disposed":false,"username":"","passwordLength":0,"error":"","submitting":false,"lastSubmitted":"","renderFault":false,"recoveryCount":0,"profile":4,"packFontWidth":36,"usernameRect":{"x":12,"y":57,"width":196,"height":20},"passwordRect":{"x":12,"y":96,"width":196,"height":20},"submitRect":{"x":12,"y":124,"width":92,"height":20}}
[0710月2026 00:54:00.285] [Render thread/INFO] [NekoJS/]: [client] [ticket48-auto] {"stage":"profile-5-result-true","ticks":120,"elapsedMs":5585,"statistics":{"initialBuild":1,"layout":7,"reconcile":0,"resize":1,"paint":0,"diagnostics":0,"cleanup":0},"disposed":false,"username":"","passwordLength":0,"error":"","submitting":false,"lastSubmitted":"","renderFault":false,"recoveryCount":0,"profile":5,"packFontWidth":36,"usernameRect":{"x":12,"y":57,"width":196,"height":20},"passwordRect":{"x":12,"y":96,"width":196,"height":20},"submitRect":{"x":12,"y":124,"width":92,"height":20}}
[0710月2026 00:54:00.290] [Render thread/INFO] [NekoJS/]: [client] [ticket48-auto] {"stage":"profile-6-result-true","ticks":120,"elapsedMs":5592,"statistics":{"initialBuild":1,"layout":8,"reconcile":0,"resize":1,"paint":0,"diagnostics":0,"cleanup":0},"disposed":false,"username":"","passwordLength":0,"error":"","submitting":false,"lastSubmitted":"","renderFault":false,"recoveryCount":0,"profile":6,"packFontWidth":36,"usernameRect":{"x":12,"y":59,"width":196,"height":20},"passwordRect":{"x":12,"y":98,"width":196,"height":20},"submitRect":{"x":12,"y":126,"width":92,"height":20}}
[0710月2026 00:54:00.379] [NekoJS-Log-Flusher/INFO] [NekoJS/]: [client] [ticket48-auto] {"stage":"physical-window-restored","ticks":120,"elapsedMs":5598,"statistics":{"initialBuild":1,"layout":9,"reconcile":0,"resize":1,"paint":0,"diagnostics":0,"cleanup":0},"disposed":false,"username":"","passwordLength":0,"error":"","submitting":false,"lastSubmitted":"","renderFault":false,"recoveryCount":0,"profile":2,"packFontWidth":36,"usernameRect":{"x":12,"y":57,"width":196,"height":20},"passwordRect":{"x":12,"y":96,"width":196,"height":20},"submitRect":{"x":12,"y":124,"width":92,"height":20}}
[0710月2026 00:54:04.379] [NekoJS-Log-Flusher/INFO] [NekoJS/]: [client] [ticket48-auto] {"stage":"sample","ticks":200,"elapsedMs":9510,"statistics":{"initialBuild":1,"layout":9,"reconcile":0,"resize":1,"paint":234,"diagnostics":0,"cleanup":0},"disposed":false,"username":"","passwordLength":0,"error":"","submitting":false,"lastSubmitted":"","renderFault":false,"recoveryCount":0,"profile":2,"packFontWidth":36,"usernameRect":{"x":12,"y":57,"width":196,"height":20},"passwordRect":{"x":12,"y":96,"width":196,"height":20},"submitRect":{"x":12,"y":124,"width":92,"height":20}}
[0710月2026 00:54:09.379] [NekoJS-Log-Flusher/INFO] [NekoJS/]: [client] [ticket48-auto] {"stage":"sample","ticks":300,"elapsedMs":14502,"statistics":{"initialBuild":1,"layout":9,"reconcile":0,"resize":1,"paint":532,"diagnostics":0,"cleanup":0},"disposed":false,"username":"","passwordLength":0,"error":"","submitting":false,"lastSubmitted":"","renderFault":false,"recoveryCount":0,"profile":2,"packFontWidth":36,"usernameRect":{"x":12,"y":57,"width":196,"height":20},"passwordRect":{"x":12,"y":96,"width":196,"height":20},"submitRect":{"x":12,"y":124,"width":92,"height":20}}
[0710月2026 00:54:14.379] [NekoJS-Log-Flusher/INFO] [NekoJS/]: [client] [ticket48-auto] {"stage":"sample","ticks":400,"elapsedMs":19503,"statistics":{"initialBuild":1,"layout":9,"reconcile":0,"resize":1,"paint":831,"diagnostics":0,"cleanup":0},"disposed":false,"username":"","passwordLength":0,"error":"","submitting":false,"lastSubmitted":"","renderFault":false,"recoveryCount":0,"profile":2,"packFontWidth":36,"usernameRect":{"x":12,"y":57,"width":196,"height":20},"passwordRect":{"x":12,"y":96,"width":196,"height":20},"submitRect":{"x":12,"y":124,"width":92,"height":20}}
[0710月2026 00:54:19.381] [NekoJS-Log-Flusher/INFO] [NekoJS/]: [client] [ticket48-auto] {"stage":"sample","ticks":500,"elapsedMs":24514,"statistics":{"initialBuild":1,"layout":9,"reconcile":0,"resize":1,"paint":1130,"diagnostics":0,"cleanup":0},"disposed":false,"username":"","passwordLength":0,"error":"","submitting":false,"lastSubmitted":"","renderFault":false,"recoveryCount":0,"profile":2,"packFontWidth":36,"usernameRect":{"x":12,"y":57,"width":196,"height":20},"passwordRect":{"x":12,"y":96,"width":196,"height":20},"submitRect":{"x":12,"y":124,"width":92,"height":20}}
[0710月2026 00:54:24.379] [NekoJS-Log-Flusher/INFO] [NekoJS/]: [client] [ticket48-auto] {"stage":"sample","ticks":600,"elapsedMs":29507,"statistics":{"initialBuild":1,"layout":9,"reconcile":0,"resize":1,"paint":1428,"diagnostics":0,"cleanup":0},"disposed":false,"username":"","passwordLength":0,"error":"","submitting":false,"lastSubmitted":"","renderFault":false,"recoveryCount":0,"profile":2,"packFontWidth":36,"usernameRect":{"x":12,"y":57,"width":196,"height":20},"passwordRect":{"x":12,"y":96,"width":196,"height":20},"submitRect":{"x":12,"y":124,"width":92,"height":20}}
[0710月2026 00:54:29.380] [NekoJS-Log-Flusher/INFO] [NekoJS/]: [client] [ticket48-auto] {"stage":"sample","ticks":700,"elapsedMs":34504,"statistics":{"initialBuild":1,"layout":9,"reconcile":0,"resize":1,"paint":1726,"diagnostics":0,"cleanup":0},"disposed":false,"username":"","passwordLength":0,"error":"","submitting":false,"lastSubmitted":"","renderFault":false,"recoveryCount":0,"profile":2,"packFontWidth":36,"usernameRect":{"x":12,"y":57,"width":196,"height":20},"passwordRect":{"x":12,"y":96,"width":196,"height":20},"submitRect":{"x":12,"y":124,"width":92,"height":20}}
[0710月2026 00:54:34.380] [NekoJS-Log-Flusher/INFO] [NekoJS/]: [client] [ticket48-auto] {"stage":"sample","ticks":800,"elapsedMs":39514,"statistics":{"initialBuild":1,"layout":9,"reconcile":0,"resize":1,"paint":2025,"diagnostics":0,"cleanup":0},"disposed":false,"username":"","passwordLength":0,"error":"","submitting":false,"lastSubmitted":"","renderFault":false,"recoveryCount":0,"profile":2,"packFontWidth":36,"usernameRect":{"x":12,"y":57,"width":196,"height":20},"passwordRect":{"x":12,"y":96,"width":196,"height":20},"submitRect":{"x":12,"y":124,"width":92,"height":20}}
[0710月2026 00:54:39.379] [NekoJS-Log-Flusher/INFO] [NekoJS/]: [client] [ticket48-auto] {"stage":"sample","ticks":900,"elapsedMs":44508,"statistics":{"initialBuild":1,"layout":9,"reconcile":0,"resize":1,"paint":2323,"diagnostics":0,"cleanup":0},"disposed":false,"username":"","passwordLength":0,"error":"","submitting":false,"lastSubmitted":"","renderFault":false,"recoveryCount":0,"profile":2,"packFontWidth":36,"usernameRect":{"x":12,"y":57,"width":196,"height":20},"passwordRect":{"x":12,"y":96,"width":196,"height":20},"submitRect":{"x":12,"y":124,"width":92,"height":20}}
[0710月2026 00:54:44.380] [NekoJS-Log-Flusher/INFO] [NekoJS/]: [client] [ticket48-auto] {"stage":"sample","ticks":1000,"elapsedMs":49517,"statistics":{"initialBuild":1,"layout":9,"reconcile":0,"resize":1,"paint":2622,"diagnostics":0,"cleanup":0},"disposed":false,"username":"","passwordLength":0,"error":"","submitting":false,"lastSubmitted":"","renderFault":false,"recoveryCount":0,"profile":2,"packFontWidth":36,"usernameRect":{"x":12,"y":57,"width":196,"height":20},"passwordRect":{"x":12,"y":96,"width":196,"height":20},"submitRect":{"x":12,"y":124,"width":92,"height":20}}
[0710月2026 00:54:49.380] [NekoJS-Log-Flusher/INFO] [NekoJS/]: [client] [ticket48-auto] {"stage":"sample","ticks":1100,"elapsedMs":54511,"statistics":{"initialBuild":1,"layout":9,"reconcile":0,"resize":1,"paint":2920,"diagnostics":0,"cleanup":0},"disposed":false,"username":"","passwordLength":0,"error":"","submitting":false,"lastSubmitted":"","renderFault":false,"recoveryCount":0,"profile":2,"packFontWidth":36,"usernameRect":{"x":12,"y":57,"width":196,"height":20},"passwordRect":{"x":12,"y":96,"width":196,"height":20},"submitRect":{"x":12,"y":124,"width":92,"height":20}}
[0710月2026 00:54:54.380] [NekoJS-Log-Flusher/INFO] [NekoJS/]: [client] [ticket48-auto] {"stage":"sample","ticks":1200,"elapsedMs":59524,"statistics":{"initialBuild":1,"layout":9,"reconcile":0,"resize":1,"paint":3212,"diagnostics":0,"cleanup":0},"disposed":false,"username":"","passwordLength":0,"error":"","submitting":false,"lastSubmitted":"","renderFault":false,"recoveryCount":0,"profile":2,"packFontWidth":36,"usernameRect":{"x":12,"y":57,"width":196,"height":20},"passwordRect":{"x":12,"y":96,"width":196,"height":20},"submitRect":{"x":12,"y":124,"width":92,"height":20}}
[0710月2026 00:54:59.381] [NekoJS-Log-Flusher/INFO] [NekoJS/]: [client] [ticket48-auto] {"stage":"sample","ticks":1300,"elapsedMs":64507,"statistics":{"initialBuild":1,"layout":9,"reconcile":0,"resize":1,"paint":3361,"diagnostics":0,"cleanup":0},"disposed":false,"username":"","passwordLength":0,"error":"","submitting":false,"lastSubmitted":"","renderFault":false,"recoveryCount":0,"profile":2,"packFontWidth":36,"usernameRect":{"x":12,"y":57,"width":196,"height":20},"passwordRect":{"x":12,"y":96,"width":196,"height":20},"submitRect":{"x":12,"y":124,"width":92,"height":20}}
[0710月2026 00:55:04.380] [NekoJS-Log-Flusher/INFO] [NekoJS/]: [client] [ticket48-auto] {"stage":"sample","ticks":1400,"elapsedMs":69520,"statistics":{"initialBuild":1,"layout":9,"reconcile":0,"resize":1,"paint":3511,"diagnostics":0,"cleanup":0},"disposed":false,"username":"","passwordLength":0,"error":"","submitting":false,"lastSubmitted":"","renderFault":false,"recoveryCount":0,"profile":2,"packFontWidth":36,"usernameRect":{"x":12,"y":57,"width":196,"height":20},"passwordRect":{"x":12,"y":96,"width":196,"height":20},"submitRect":{"x":12,"y":124,"width":92,"height":20}}
[0710月2026 00:55:09.379] [NekoJS-Log-Flusher/INFO] [NekoJS/]: [client] [ticket48-auto] {"stage":"sample","ticks":1500,"elapsedMs":74533,"statistics":{"initialBuild":1,"layout":9,"reconcile":0,"resize":1,"paint":3661,"diagnostics":0,"cleanup":0},"disposed":false,"username":"","passwordLength":0,"error":"","submitting":false,"lastSubmitted":"","renderFault":false,"recoveryCount":0,"profile":2,"packFontWidth":36,"usernameRect":{"x":12,"y":57,"width":196,"height":20},"passwordRect":{"x":12,"y":96,"width":196,"height":20},"submitRect":{"x":12,"y":124,"width":92,"height":20}}
[0710月2026 00:55:14.381] [NekoJS-Log-Flusher/INFO] [NekoJS/]: [client] [ticket48-auto] {"stage":"sample","ticks":1600,"elapsedMs":79516,"statistics":{"initialBuild":1,"layout":9,"reconcile":0,"resize":1,"paint":3810,"diagnostics":0,"cleanup":0},"disposed":false,"username":"","passwordLength":0,"error":"","submitting":false,"lastSubmitted":"","renderFault":false,"recoveryCount":0,"profile":2,"packFontWidth":36,"usernameRect":{"x":12,"y":57,"width":196,"height":20},"passwordRect":{"x":12,"y":96,"width":196,"height":20},"submitRect":{"x":12,"y":124,"width":92,"height":20}}
[0710月2026 00:55:19.379] [NekoJS-Log-Flusher/INFO] [NekoJS/]: [client] [ticket48-auto] {"stage":"sample","ticks":1700,"elapsedMs":84529,"statistics":{"initialBuild":1,"layout":9,"reconcile":0,"resize":1,"paint":3960,"diagnostics":0,"cleanup":0},"disposed":false,"username":"","passwordLength":0,"error":"","submitting":false,"lastSubmitted":"","renderFault":false,"recoveryCount":0,"profile":2,"packFontWidth":36,"usernameRect":{"x":12,"y":57,"width":196,"height":20},"passwordRect":{"x":12,"y":96,"width":196,"height":20},"submitRect":{"x":12,"y":124,"width":92,"height":20}}
[0710月2026 00:55:24.379] [NekoJS-Log-Flusher/INFO] [NekoJS/]: [client] [ticket48-auto] {"stage":"sample","ticks":1800,"elapsedMs":89507,"statistics":{"initialBuild":1,"layout":9,"reconcile":0,"resize":1,"paint":4109,"diagnostics":0,"cleanup":0},"disposed":false,"username":"","passwordLength":0,"error":"","submitting":false,"lastSubmitted":"","renderFault":false,"recoveryCount":0,"profile":2,"packFontWidth":36,"usernameRect":{"x":12,"y":57,"width":196,"height":20},"passwordRect":{"x":12,"y":96,"width":196,"height":20},"submitRect":{"x":12,"y":124,"width":92,"height":20}}
[0710月2026 00:55:29.381] [NekoJS-Log-Flusher/INFO] [NekoJS/]: [client] [ticket48-auto] {"stage":"sample","ticks":1900,"elapsedMs":94520,"statistics":{"initialBuild":1,"layout":9,"reconcile":0,"resize":1,"paint":4259,"diagnostics":0,"cleanup":0},"disposed":false,"username":"","passwordLength":0,"error":"","submitting":false,"lastSubmitted":"","renderFault":false,"recoveryCount":0,"profile":2,"packFontWidth":36,"usernameRect":{"x":12,"y":57,"width":196,"height":20},"passwordRect":{"x":12,"y":96,"width":196,"height":20},"submitRect":{"x":12,"y":124,"width":92,"height":20}}
[0710月2026 00:55:34.379] [NekoJS-Log-Flusher/INFO] [NekoJS/]: [client] [ticket48-auto] {"stage":"sample","ticks":2000,"elapsedMs":99502,"statistics":{"initialBuild":1,"layout":9,"reconcile":0,"resize":1,"paint":4408,"diagnostics":0,"cleanup":0},"disposed":false,"username":"","passwordLength":0,"error":"","submitting":false,"lastSubmitted":"","renderFault":false,"recoveryCount":0,"profile":2,"packFontWidth":36,"usernameRect":{"x":12,"y":57,"width":196,"height":20},"passwordRect":{"x":12,"y":96,"width":196,"height":20},"submitRect":{"x":12,"y":124,"width":92,"height":20}}
[0710月2026 00:55:39.381] [NekoJS-Log-Flusher/INFO] [NekoJS/]: [client] [ticket48-auto] {"stage":"sample","ticks":2100,"elapsedMs":104513,"statistics":{"initialBuild":1,"layout":9,"reconcile":0,"resize":1,"paint":4558,"diagnostics":0,"cleanup":0},"disposed":false,"username":"","passwordLength":0,"error":"","submitting":false,"lastSubmitted":"","renderFault":false,"recoveryCount":0,"profile":2,"packFontWidth":36,"usernameRect":{"x":12,"y":57,"width":196,"height":20},"passwordRect":{"x":12,"y":96,"width":196,"height":20},"submitRect":{"x":12,"y":124,"width":92,"height":20}}
[0710月2026 00:55:44.380] [NekoJS-Log-Flusher/INFO] [NekoJS/]: [client] [ticket48-auto] {"stage":"sample","ticks":2200,"elapsedMs":109530,"statistics":{"initialBuild":1,"layout":9,"reconcile":0,"resize":1,"paint":4708,"diagnostics":0,"cleanup":0},"disposed":false,"username":"","passwordLength":0,"error":"","submitting":false,"lastSubmitted":"","renderFault":false,"recoveryCount":0,"profile":2,"packFontWidth":36,"usernameRect":{"x":12,"y":57,"width":196,"height":20},"passwordRect":{"x":12,"y":96,"width":196,"height":20},"submitRect":{"x":12,"y":124,"width":92,"height":20}}
[0710月2026 00:55:49.381] [NekoJS-Log-Flusher/INFO] [NekoJS/]: [client] [ticket48-auto] {"stage":"sample","ticks":2300,"elapsedMs":114506,"statistics":{"initialBuild":1,"layout":9,"reconcile":0,"resize":1,"paint":4857,"diagnostics":0,"cleanup":0},"disposed":false,"username":"","passwordLength":0,"error":"","submitting":false,"lastSubmitted":"","renderFault":false,"recoveryCount":0,"profile":2,"packFontWidth":36,"usernameRect":{"x":12,"y":57,"width":196,"height":20},"passwordRect":{"x":12,"y":96,"width":196,"height":20},"submitRect":{"x":12,"y":124,"width":92,"height":20}}
[0710月2026 00:55:54.380] [NekoJS-Log-Flusher/INFO] [NekoJS/]: [client] [ticket48-auto] {"stage":"sample","ticks":2400,"elapsedMs":119519,"statistics":{"initialBuild":1,"layout":9,"reconcile":0,"resize":1,"paint":5007,"diagnostics":0,"cleanup":0},"disposed":false,"username":"","passwordLength":0,"error":"","submitting":false,"lastSubmitted":"","renderFault":false,"recoveryCount":0,"profile":2,"packFontWidth":36,"usernameRect":{"x":12,"y":57,"width":196,"height":20},"passwordRect":{"x":12,"y":96,"width":196,"height":20},"submitRect":{"x":12,"y":124,"width":92,"height":20}}
[0710月2026 00:55:59.380] [NekoJS-Log-Flusher/INFO] [NekoJS/]: [client] [ticket48-auto] {"stage":"sample","ticks":2500,"elapsedMs":124530,"statistics":{"initialBuild":1,"layout":9,"reconcile":0,"resize":1,"paint":5157,"diagnostics":0,"cleanup":0},"disposed":false,"username":"","passwordLength":0,"error":"","submitting":false,"lastSubmitted":"","renderFault":false,"recoveryCount":0,"profile":2,"packFontWidth":36,"usernameRect":{"x":12,"y":57,"width":196,"height":20},"passwordRect":{"x":12,"y":96,"width":196,"height":20},"submitRect":{"x":12,"y":124,"width":92,"height":20}}
[0710月2026 00:56:04.379] [NekoJS-Log-Flusher/INFO] [NekoJS/]: [client] [ticket48-auto] {"stage":"sample","ticks":2600,"elapsedMs":129511,"statistics":{"initialBuild":1,"layout":9,"reconcile":0,"resize":1,"paint":5306,"diagnostics":0,"cleanup":0},"disposed":false,"username":"","passwordLength":0,"error":"","submitting":false,"lastSubmitted":"","renderFault":false,"recoveryCount":0,"profile":2,"packFontWidth":36,"usernameRect":{"x":12,"y":57,"width":196,"height":20},"passwordRect":{"x":12,"y":96,"width":196,"height":20},"submitRect":{"x":12,"y":124,"width":92,"height":20}}
[0710月2026 00:56:07.209] [Render thread/INFO] [net.minecraft.client.gui.components.ChatComponent/]: [System] [CHAT] [Debug]: Reloaded resource packs
[0710月2026 00:56:07.212] [Render thread/WARN] [net.neoforged.neoforge.resource.ResourcePackLoader/]: Error reading optional pack metadata for mod/mcpmod, attempting fallback type
com.google.gson.JsonParseException: Pack declares support for version newer than 64, but is missing mandatory fields min_format and max_format
	at com.mojang.serialization.DataResult$Error.getOrThrow(DataResult.java:287) ~[datafixerupper-10.0.21.jar:?]
	at TRANSFORMER/minecraft@26.2/net.minecraft.server.packs.resources.ResourceMetadata$2.getSection(ResourceMetadata.java:38) ~[minecraft-client-patched-26.2.0.75.jar:?]
	at TRANSFORMER/minecraft@26.2/net.minecraft.server.packs.AbstractPackResources.getMetadataSection(AbstractPackResources.java:24) ~[minecraft-client-patched-26.2.0.75.jar:?]
	at TRANSFORMER/neoforge@26.2.0.75/net.neoforged.neoforge.resource.ResourcePackLoader.readMeta(ResourcePackLoader.java:202) ~[neoforge-26.2.0.75-universal.jar:?]
	at TRANSFORMER/neoforge@26.2.0.75/net.neoforged.neoforge.resource.ResourcePackLoader.readWithOptionalMeta(ResourcePackLoader.java:193) ~[neoforge-26.2.0.75-universal.jar:?]
	at TRANSFORMER/neoforge@26.2.0.75/net.neoforged.neoforge.resource.ResourcePackLoader.packFinder(ResourcePackLoader.java:134) ~[neoforge-26.2.0.75-universal.jar:?]
	at TRANSFORMER/neoforge@26.2.0.75/net.neoforged.neoforge.resource.ResourcePackLoader.lambda$buildPackFinder$0(ResourcePackLoader.java:97) ~[neoforge-26.2.0.75-universal.jar:?]
	at TRANSFORMER/minecraft@26.2/net.minecraft.server.packs.repository.PackRepository.discoverAvailable(PackRepository.java:45) ~[minecraft-client-patched-26.2.0.75.jar:?]
	at TRANSFORMER/minecraft@26.2/net.minecraft.server.packs.repository.PackRepository.reload(PackRepository.java:35) ~[minecraft-client-patched-26.2.0.75.jar:?]
	at TRANSFORMER/minecraft@26.2/net.minecraft.client.Minecraft.reloadResourcePacks(Minecraft.java:1046) [minecraft-client-patched-26.2.0.75.jar:?]
	at TRANSFORMER/minecraft@26.2/net.minecraft.client.Minecraft.reloadResourcePacks(Minecraft.java:1032) [minecraft-client-patched-26.2.0.75.jar:?]
	at TRANSFORMER/minecraft@26.2/net.minecraft.client.KeyboardHandler.handleDebugKeys(KeyboardHandler.java:282) [minecraft-client-patched-26.2.0.75.jar:?]
	at TRANSFORMER/minecraft@26.2/net.minecraft.client.KeyboardHandler.keyPress(KeyboardHandler.java:541) [minecraft-client-patched-26.2.0.75.jar:?]
	at TRANSFORMER/minecraft@26.2/net.minecraft.client.KeyboardHandler.lambda$setup$1(KeyboardHandler.java:630) [minecraft-client-patched-26.2.0.75.jar:?]
	at TRANSFORMER/minecraft@26.2/net.minecraft.util.thread.BlockableEventLoop.doRunTask(BlockableEventLoop.java:165) [minecraft-client-patched-26.2.0.75.jar:?]
	at TRANSFORMER/minecraft@26.2/net.minecraft.util.thread.ReentrantBlockableEventLoop.doRunTask(ReentrantBlockableEventLoop.java:24) [minecraft-client-patched-26.2.0.75.jar:?]
	at TRANSFORMER/minecraft@26.2/net.minecraft.util.thread.BlockableEventLoop.execute(BlockableEventLoop.java:108) [minecraft-client-patched-26.2.0.75.jar:?]
	at TRANSFORMER/minecraft@26.2/net.minecraft.client.KeyboardHandler.lambda$setup$0(KeyboardHandler.java:630) [minecraft-client-patched-26.2.0.75.jar:?]
	at org.lwjgl.glfw.GLFWKeyCallbackI.callback(GLFWKeyCallbackI.java:34) [lwjgl-glfw-3.4.1.jar:build 2]
	at org.lwjgl.system.JNI.invokeV(Native Method) [lwjgl-3.4.1-unsafe.jar:build 2]
	at org.lwjgl.glfw.GLFW.glfwPollEvents(GLFW.java:1600) [lwjgl-glfw-3.4.1.jar:build 2]
	at TRANSFORMER/minecraft@26.2/com.mojang.blaze3d.systems.RenderSystem.pollEvents(RenderSystem.java:105) [minecraft-client-patched-26.2.0.75.jar:?]
	at TRANSFORMER/minecraft@26.2/net.minecraft.client.Minecraft.run(Minecraft.java:927) [minecraft-client-patched-26.2.0.75.jar:?]
	at TRANSFORMER/minecraft@26.2/net.minecraft.client.main.Main.main(Main.java:294) [minecraft-client-patched-26.2.0.75.jar:?]
	at net.neoforged.fml.startup.Client.main(Client.java:19) [loader-11.0.16.jar:11.0]
[0710月2026 00:56:07.214] [Render thread/INFO] [net.minecraft.server.packs.resources.ReloadableResourceManager/]: Reloading ResourceManager: vanilla, mod_resources, mod/nekojs, mod/graalmc, mod/neoforge, mod/mcpmod, nekojs
[0710月2026 00:56:07.222] [Worker-Main-76/INFO] [net.minecraft.client.gui.font.providers.UnihexProvider/]: Found unifont_all_no_pua-17.0.01.hex, loading
[0710月2026 00:56:07.222] [Worker-Main-75/INFO] [net.minecraft.client.gui.font.providers.UnihexProvider/]: Found unifont_pua-17.0.01.hex, loading
[0710月2026 00:56:07.239] [Worker-Main-67/INFO] [net.minecraft.client.gui.font.providers.UnihexProvider/]: Found unifont_jp_patch-17.0.01.hex, loading
[0710月2026 00:56:07.566] [Render thread/WARN] [com.mojang.blaze3d.opengl.GlProgram/]: neoforge:pipeline/item_cutout_unlit shader program does not use sampler Sampler2 defined in the pipeline. This might be a bug.
[0710月2026 00:56:07.570] [Render thread/WARN] [com.mojang.blaze3d.opengl.GlProgram/]: neoforge:pipeline/item_translucent_unlit shader program does not use sampler Sampler2 defined in the pipeline. This might be a bug.
[0710月2026 00:56:07.611] [Render thread/INFO] [com.mojang.blaze3d.audio.Library/]: OpenAL initialized on device OpenAL Soft on 扬声器 (Razer Barracuda X)
[0710月2026 00:56:07.611] [Render thread/INFO] [net.minecraft.client.sounds.SoundEngine/SOUNDS]: Sound engine started
[0710月2026 00:56:07.611] [Render thread/INFO] [net.minecraft.client.renderer.texture.TextureAtlas/]: Created: 512x256x0 minecraft:textures/atlas/particles.png-atlas
[0710月2026 00:56:07.616] [Render thread/INFO] [net.minecraft.client.renderer.texture.TextureAtlas/]: Created: 128x128x0 minecraft:textures/atlas/decorated_pot.png-atlas
[0710月2026 00:56:07.618] [Render thread/INFO] [net.minecraft.client.renderer.texture.TextureAtlas/]: Created: 2048x1024x0 minecraft:textures/atlas/armor_trims.png-atlas
[0710月2026 00:56:07.643] [Render thread/INFO] [net.minecraft.client.renderer.texture.TextureAtlas/]: Created: 512x256x0 minecraft:textures/atlas/paintings.png-atlas
[0710月2026 00:56:07.680] [Render thread/INFO] [net.minecraft.client.renderer.texture.TextureAtlas/]: Created: 1024x512x0 minecraft:textures/atlas/shield_patterns.png-atlas
[0710月2026 00:56:07.682] [Render thread/INFO] [net.minecraft.client.renderer.texture.TextureAtlas/]: Created: 2048x2048x4 minecraft:textures/atlas/blocks.png-atlas
[0710月2026 00:56:07.738] [Render thread/INFO] [net.minecraft.client.renderer.texture.TextureAtlas/]: Created: 512x512x0 minecraft:textures/atlas/chest.png-atlas
[0710月2026 00:56:07.775] [Render thread/INFO] [net.minecraft.client.renderer.texture.TextureAtlas/]: Created: 256x128x0 minecraft:textures/atlas/celestials.png-atlas
[0710月2026 00:56:07.777] [Render thread/INFO] [net.minecraft.client.renderer.texture.TextureAtlas/]: Created: 1024x512x0 minecraft:textures/atlas/banner_patterns.png-atlas
[0710月2026 00:56:07.780] [Render thread/INFO] [net.minecraft.client.renderer.texture.TextureAtlas/]: Created: 1024x512x0 minecraft:textures/atlas/items.png-atlas
[0710月2026 00:56:07.794] [Render thread/INFO] [net.minecraft.client.renderer.texture.TextureAtlas/]: Created: 1024x1024x0 minecraft:textures/atlas/gui.png-atlas
[0710月2026 00:56:07.819] [Render thread/INFO] [net.minecraft.client.renderer.texture.TextureAtlas/]: Created: 128x64x0 minecraft:textures/atlas/map_decorations.png-atlas
[0710月2026 00:56:07.839] [Render thread/INFO] [net.minecraft.client.renderer.texture.TextureAtlas/]: Created: 512x512x0 minecraft:textures/atlas/shulker_boxes.png-atlas
[0710月2026 00:56:07.895] [Render thread/INFO] [net.neoforged.neoforge.client.entity.animation.json.AnimationLoader/]: Loaded 0 entity animations
[0710月2026 00:56:07.953] [Render thread/INFO] [NekoJS/]: 正在为 CLIENT 注册 16 个事件组... — registering event groups
[0710月2026 00:56:07.957] [Render thread/INFO] [NekoJS/]: [client] 正在重载 CLIENT 脚本... — reloading scripts (x2)
[0710月2026 00:56:08.004] [Render thread/INFO] [NekoJS/]: [client] 发现了 4 个 CLIENT 脚本 — scripts discovered
[0710月2026 00:56:08.005] [Render thread/INFO] [com.tkisor.nekojs.client.posteffect.PostEffectManager/]: Installed client post-effect generation 3 (0 definition(s), 0 removed, 0 re-declared)
[0710月2026 00:56:08.007] [Render thread/INFO] [NekoJS/]: [client] Hello, World! (Loaded client example script)
[0710月2026 00:56:08.380] [NekoJS-Log-Flusher/INFO] [NekoJS/]: [client] CLIENT 脚本重载完毕 — script reload finished (x2)
[0710月2026 00:56:13.530] [Render thread/INFO] [NekoJS/]: [client] [ticket48-auto] {"stage":"open","ticks":120,"elapsedMs":5536,"statistics":{"initialBuild":1,"layout":2,"reconcile":0,"resize":1,"paint":0,"diagnostics":0,"cleanup":0},"disposed":false,"username":"","passwordLength":0,"error":"","submitting":false,"lastSubmitted":"","renderFault":false,"recoveryCount":0,"profile":2,"packFontWidth":16,"usernameRect":{"x":12,"y":57,"width":196,"height":20},"passwordRect":{"x":12,"y":96,"width":196,"height":20},"submitRect":{"x":12,"y":124,"width":92,"height":20}}
[0710月2026 00:56:13.536] [Render thread/INFO] [NekoJS/]: [client] [ticket48-auto] {"stage":"profile-1-result-true","ticks":120,"elapsedMs":5542,"statistics":{"initialBuild":1,"layout":3,"reconcile":0,"resize":1,"paint":0,"diagnostics":0,"cleanup":0},"disposed":false,"username":"","passwordLength":0,"error":"","submitting":false,"lastSubmitted":"","renderFault":false,"recoveryCount":0,"profile":1,"packFontWidth":16,"usernameRect":{"x":12,"y":57,"width":196,"height":20},"passwordRect":{"x":12,"y":96,"width":196,"height":20},"submitRect":{"x":12,"y":124,"width":92,"height":20}}
[0710月2026 00:56:13.540] [Render thread/INFO] [NekoJS/]: [client] [ticket48-auto] {"stage":"profile-2-result-true","ticks":120,"elapsedMs":5547,"statistics":{"initialBuild":1,"layout":4,"reconcile":0,"resize":1,"paint":0,"diagnostics":0,"cleanup":0},"disposed":false,"username":"","passwordLength":0,"error":"","submitting":false,"lastSubmitted":"","renderFault":false,"recoveryCount":0,"profile":2,"packFontWidth":16,"usernameRect":{"x":12,"y":57,"width":196,"height":20},"passwordRect":{"x":12,"y":96,"width":196,"height":20},"submitRect":{"x":12,"y":124,"width":92,"height":20}}
[0710月2026 00:56:13.545] [Render thread/INFO] [NekoJS/]: [client] [ticket48-auto] {"stage":"profile-3-result-true","ticks":120,"elapsedMs":5551,"statistics":{"initialBuild":1,"layout":5,"reconcile":0,"resize":1,"paint":0,"diagnostics":0,"cleanup":0},"disposed":false,"username":"","passwordLength":0,"error":"","submitting":false,"lastSubmitted":"","renderFault":false,"recoveryCount":0,"profile":3,"packFontWidth":16,"usernameRect":{"x":12,"y":57,"width":196,"height":20},"passwordRect":{"x":12,"y":96,"width":196,"height":20},"submitRect":{"x":12,"y":124,"width":92,"height":20}}
[0710月2026 00:56:13.550] [Render thread/INFO] [NekoJS/]: [client] [ticket48-auto] {"stage":"profile-4-result-true","ticks":120,"elapsedMs":5556,"statistics":{"initialBuild":1,"layout":6,"reconcile":0,"resize":1,"paint":0,"diagnostics":0,"cleanup":0},"disposed":false,"username":"","passwordLength":0,"error":"","submitting":false,"lastSubmitted":"","renderFault":false,"recoveryCount":0,"profile":4,"packFontWidth":16,"usernameRect":{"x":12,"y":57,"width":196,"height":20},"passwordRect":{"x":12,"y":96,"width":196,"height":20},"submitRect":{"x":12,"y":124,"width":92,"height":20}}
[0710月2026 00:56:13.555] [Render thread/INFO] [NekoJS/]: [client] [ticket48-auto] {"stage":"profile-5-result-true","ticks":120,"elapsedMs":5561,"statistics":{"initialBuild":1,"layout":7,"reconcile":0,"resize":1,"paint":0,"diagnostics":0,"cleanup":0},"disposed":false,"username":"","passwordLength":0,"error":"","submitting":false,"lastSubmitted":"","renderFault":false,"recoveryCount":0,"profile":5,"packFontWidth":16,"usernameRect":{"x":12,"y":57,"width":196,"height":20},"passwordRect":{"x":12,"y":96,"width":196,"height":20},"submitRect":{"x":12,"y":124,"width":92,"height":20}}
[0710月2026 00:56:13.559] [Render thread/INFO] [NekoJS/]: [client] [ticket48-auto] {"stage":"profile-6-result-true","ticks":120,"elapsedMs":5566,"statistics":{"initialBuild":1,"layout":8,"reconcile":0,"resize":1,"paint":0,"diagnostics":0,"cleanup":0},"disposed":false,"username":"","passwordLength":0,"error":"","submitting":false,"lastSubmitted":"","renderFault":false,"recoveryCount":0,"profile":6,"packFontWidth":16,"usernameRect":{"x":12,"y":59,"width":196,"height":20},"passwordRect":{"x":12,"y":98,"width":196,"height":20},"submitRect":{"x":12,"y":126,"width":92,"height":20}}
[0710月2026 00:56:14.379] [NekoJS-Log-Flusher/INFO] [NekoJS/]: [client] [ticket48-auto] {"stage":"physical-window-restored","ticks":120,"elapsedMs":5571,"statistics":{"initialBuild":1,"layout":9,"reconcile":0,"resize":1,"paint":0,"diagnostics":0,"cleanup":0},"disposed":false,"username":"","passwordLength":0,"error":"","submitting":false,"lastSubmitted":"","renderFault":false,"recoveryCount":0,"profile":2,"packFontWidth":16,"usernameRect":{"x":12,"y":57,"width":196,"height":20},"passwordRect":{"x":12,"y":96,"width":196,"height":20},"submitRect":{"x":12,"y":124,"width":92,"height":20}}
[0710月2026 00:56:18.380] [NekoJS-Log-Flusher/INFO] [NekoJS/]: [client] [ticket48-auto] {"stage":"sample","ticks":200,"elapsedMs":9513,"statistics":{"initialBuild":1,"layout":9,"reconcile":0,"resize":1,"paint":236,"diagnostics":0,"cleanup":0},"disposed":false,"username":"","passwordLength":0,"error":"","submitting":false,"lastSubmitted":"","renderFault":false,"recoveryCount":0,"profile":2,"packFontWidth":16,"usernameRect":{"x":12,"y":57,"width":196,"height":20},"passwordRect":{"x":12,"y":96,"width":196,"height":20},"submitRect":{"x":12,"y":124,"width":92,"height":20}}
[0710月2026 00:56:23.380] [NekoJS-Log-Flusher/INFO] [NekoJS/]: [client] [ticket48-auto] {"stage":"sample","ticks":300,"elapsedMs":14510,"statistics":{"initialBuild":1,"layout":9,"reconcile":0,"resize":1,"paint":534,"diagnostics":0,"cleanup":0},"disposed":false,"username":"","passwordLength":0,"error":"","submitting":false,"lastSubmitted":"","renderFault":false,"recoveryCount":0,"profile":2,"packFontWidth":16,"usernameRect":{"x":12,"y":57,"width":196,"height":20},"passwordRect":{"x":12,"y":96,"width":196,"height":20},"submitRect":{"x":12,"y":124,"width":92,"height":20}}
[0710月2026 00:56:28.381] [NekoJS-Log-Flusher/INFO] [NekoJS/]: [client] [ticket48-auto] {"stage":"sample","ticks":400,"elapsedMs":19517,"statistics":{"initialBuild":1,"layout":9,"reconcile":0,"resize":1,"paint":833,"diagnostics":0,"cleanup":0},"disposed":false,"username":"","passwordLength":0,"error":"","submitting":false,"lastSubmitted":"","renderFault":false,"recoveryCount":0,"profile":2,"packFontWidth":16,"usernameRect":{"x":12,"y":57,"width":196,"height":20},"passwordRect":{"x":12,"y":96,"width":196,"height":20},"submitRect":{"x":12,"y":124,"width":92,"height":20}}
[0710月2026 00:56:33.380] [NekoJS-Log-Flusher/INFO] [NekoJS/]: [client] [ticket48-auto] {"stage":"sample","ticks":500,"elapsedMs":24507,"statistics":{"initialBuild":1,"layout":9,"reconcile":0,"resize":1,"paint":1131,"diagnostics":0,"cleanup":0},"disposed":false,"username":"","passwordLength":0,"error":"","submitting":false,"lastSubmitted":"","renderFault":false,"recoveryCount":0,"profile":2,"packFontWidth":16,"usernameRect":{"x":12,"y":57,"width":196,"height":20},"passwordRect":{"x":12,"y":96,"width":196,"height":20},"submitRect":{"x":12,"y":124,"width":92,"height":20}}
[0710月2026 00:56:38.380] [NekoJS-Log-Flusher/INFO] [NekoJS/]: [client] [ticket48-auto] {"stage":"sample","ticks":600,"elapsedMs":29510,"statistics":{"initialBuild":1,"layout":9,"reconcile":0,"resize":1,"paint":1430,"diagnostics":0,"cleanup":0},"disposed":false,"username":"","passwordLength":0,"error":"","submitting":false,"lastSubmitted":"","renderFault":false,"recoveryCount":0,"profile":2,"packFontWidth":16,"usernameRect":{"x":12,"y":57,"width":196,"height":20},"passwordRect":{"x":12,"y":96,"width":196,"height":20},"submitRect":{"x":12,"y":124,"width":92,"height":20}}
[0710月2026 00:56:43.381] [NekoJS-Log-Flusher/INFO] [NekoJS/]: [client] [ticket48-auto] {"stage":"sample","ticks":700,"elapsedMs":34515,"statistics":{"initialBuild":1,"layout":9,"reconcile":0,"resize":1,"paint":1729,"diagnostics":0,"cleanup":0},"disposed":false,"username":"","passwordLength":0,"error":"","submitting":false,"lastSubmitted":"","renderFault":false,"recoveryCount":0,"profile":2,"packFontWidth":16,"usernameRect":{"x":12,"y":57,"width":196,"height":20},"passwordRect":{"x":12,"y":96,"width":196,"height":20},"submitRect":{"x":12,"y":124,"width":92,"height":20}}
[0710月2026 00:56:48.380] [NekoJS-Log-Flusher/INFO] [NekoJS/]: [client] [ticket48-auto] {"stage":"sample","ticks":800,"elapsedMs":39509,"statistics":{"initialBuild":1,"layout":9,"reconcile":0,"resize":1,"paint":2025,"diagnostics":0,"cleanup":0},"disposed":false,"username":"","passwordLength":0,"error":"","submitting":false,"lastSubmitted":"","renderFault":false,"recoveryCount":0,"profile":2,"packFontWidth":16,"usernameRect":{"x":12,"y":57,"width":196,"height":20},"passwordRect":{"x":12,"y":96,"width":196,"height":20},"submitRect":{"x":12,"y":124,"width":92,"height":20}}
[0710月2026 00:56:53.379] [NekoJS-Log-Flusher/INFO] [NekoJS/]: [client] [ticket48-auto] {"stage":"sample","ticks":900,"elapsedMs":44513,"statistics":{"initialBuild":1,"layout":9,"reconcile":0,"resize":1,"paint":2324,"diagnostics":0,"cleanup":0},"disposed":false,"username":"","passwordLength":0,"error":"","submitting":false,"lastSubmitted":"","renderFault":false,"recoveryCount":0,"profile":2,"packFontWidth":16,"usernameRect":{"x":12,"y":57,"width":196,"height":20},"passwordRect":{"x":12,"y":96,"width":196,"height":20},"submitRect":{"x":12,"y":124,"width":92,"height":20}}
[0710月2026 00:56:58.381] [NekoJS-Log-Flusher/INFO] [NekoJS/]: [client] [ticket48-auto] {"stage":"sample","ticks":1000,"elapsedMs":49518,"statistics":{"initialBuild":1,"layout":9,"reconcile":0,"resize":1,"paint":2623,"diagnostics":0,"cleanup":0},"disposed":false,"username":"","passwordLength":0,"error":"","submitting":false,"lastSubmitted":"","renderFault":false,"recoveryCount":0,"profile":2,"packFontWidth":16,"usernameRect":{"x":12,"y":57,"width":196,"height":20},"passwordRect":{"x":12,"y":96,"width":196,"height":20},"submitRect":{"x":12,"y":124,"width":92,"height":20}}
[0710月2026 00:57:03.379] [NekoJS-Log-Flusher/INFO] [NekoJS/]: [client] [ticket48-auto] {"stage":"sample","ticks":1100,"elapsedMs":54511,"statistics":{"initialBuild":1,"layout":9,"reconcile":0,"resize":1,"paint":2921,"diagnostics":0,"cleanup":0},"disposed":false,"username":"","passwordLength":0,"error":"","submitting":false,"lastSubmitted":"","renderFault":false,"recoveryCount":0,"profile":2,"packFontWidth":16,"usernameRect":{"x":12,"y":57,"width":196,"height":20},"passwordRect":{"x":12,"y":96,"width":196,"height":20},"submitRect":{"x":12,"y":124,"width":92,"height":20}}
[0710月2026 00:57:08.380] [NekoJS-Log-Flusher/INFO] [NekoJS/]: [client] [ticket48-auto] {"stage":"sample","ticks":1200,"elapsedMs":59517,"statistics":{"initialBuild":1,"layout":9,"reconcile":0,"resize":1,"paint":3220,"diagnostics":0,"cleanup":0},"disposed":false,"username":"","passwordLength":0,"error":"","submitting":false,"lastSubmitted":"","renderFault":false,"recoveryCount":0,"profile":2,"packFontWidth":16,"usernameRect":{"x":12,"y":57,"width":196,"height":20},"passwordRect":{"x":12,"y":96,"width":196,"height":20},"submitRect":{"x":12,"y":124,"width":92,"height":20}}
[0710月2026 00:57:13.381] [NekoJS-Log-Flusher/INFO] [NekoJS/]: [client] [ticket48-auto] {"stage":"sample","ticks":1300,"elapsedMs":64755,"statistics":{"initialBuild":1,"layout":9,"reconcile":0,"resize":1,"paint":3489,"diagnostics":0,"cleanup":0},"disposed":false,"username":"","passwordLength":0,"error":"","submitting":false,"lastSubmitted":"","renderFault":false,"recoveryCount":0,"profile":2,"packFontWidth":16,"usernameRect":{"x":12,"y":57,"width":196,"height":20},"passwordRect":{"x":12,"y":96,"width":196,"height":20},"submitRect":{"x":12,"y":124,"width":92,"height":20}}
[0710月2026 00:57:18.381] [NekoJS-Log-Flusher/INFO] [NekoJS/]: [client] [ticket48-auto] {"stage":"sample","ticks":1400,"elapsedMs":69761,"statistics":{"initialBuild":1,"layout":9,"reconcile":0,"resize":1,"paint":3788,"diagnostics":0,"cleanup":0},"disposed":false,"username":"","passwordLength":0,"error":"","submitting":false,"lastSubmitted":"","renderFault":false,"recoveryCount":0,"profile":2,"packFontWidth":16,"usernameRect":{"x":12,"y":57,"width":196,"height":20},"passwordRect":{"x":12,"y":96,"width":196,"height":20},"submitRect":{"x":12,"y":124,"width":92,"height":20}}
[0710月2026 00:57:23.380] [NekoJS-Log-Flusher/INFO] [NekoJS/]: [client] [ticket48-auto] {"stage":"sample","ticks":1500,"elapsedMs":74756,"statistics":{"initialBuild":1,"layout":9,"reconcile":0,"resize":1,"paint":4086,"diagnostics":0,"cleanup":0},"disposed":false,"username":"","passwordLength":0,"error":"","submitting":false,"lastSubmitted":"","renderFault":false,"recoveryCount":0,"profile":2,"packFontWidth":16,"usernameRect":{"x":12,"y":57,"width":196,"height":20},"passwordRect":{"x":12,"y":96,"width":196,"height":20},"submitRect":{"x":12,"y":124,"width":92,"height":20}}
[0710月2026 00:57:28.380] [NekoJS-Log-Flusher/INFO] [NekoJS/]: [client] [ticket48-auto] {"stage":"sample","ticks":1600,"elapsedMs":79764,"statistics":{"initialBuild":1,"layout":9,"reconcile":0,"resize":1,"paint":4385,"diagnostics":0,"cleanup":0},"disposed":false,"username":"","passwordLength":0,"error":"","submitting":false,"lastSubmitted":"","renderFault":false,"recoveryCount":0,"profile":2,"packFontWidth":16,"usernameRect":{"x":12,"y":57,"width":196,"height":20},"passwordRect":{"x":12,"y":96,"width":196,"height":20},"submitRect":{"x":12,"y":124,"width":92,"height":20}}
[0710月2026 00:57:33.379] [NekoJS-Log-Flusher/INFO] [NekoJS/]: [client] [ticket48-auto] {"stage":"sample","ticks":1700,"elapsedMs":84758,"statistics":{"initialBuild":1,"layout":9,"reconcile":0,"resize":1,"paint":4683,"diagnostics":0,"cleanup":0},"disposed":false,"username":"","passwordLength":0,"error":"","submitting":false,"lastSubmitted":"","renderFault":false,"recoveryCount":0,"profile":2,"packFontWidth":16,"usernameRect":{"x":12,"y":57,"width":196,"height":20},"passwordRect":{"x":12,"y":96,"width":196,"height":20},"submitRect":{"x":12,"y":124,"width":92,"height":20}}
[0710月2026 00:57:38.380] [NekoJS-Log-Flusher/INFO] [NekoJS/]: [client] [ticket48-auto] {"stage":"sample","ticks":1800,"elapsedMs":89756,"statistics":{"initialBuild":1,"layout":9,"reconcile":0,"resize":1,"paint":4981,"diagnostics":0,"cleanup":0},"disposed":false,"username":"","passwordLength":0,"error":"","submitting":false,"lastSubmitted":"","renderFault":false,"recoveryCount":0,"profile":2,"packFontWidth":16,"usernameRect":{"x":12,"y":57,"width":196,"height":20},"passwordRect":{"x":12,"y":96,"width":196,"height":20},"submitRect":{"x":12,"y":124,"width":92,"height":20}}
[0710月2026 00:57:43.380] [NekoJS-Log-Flusher/INFO] [NekoJS/]: [client] [ticket48-auto] {"stage":"sample","ticks":1900,"elapsedMs":94758,"statistics":{"initialBuild":1,"layout":10,"reconcile":0,"resize":2,"paint":5279,"diagnostics":0,"cleanup":0},"disposed":false,"username":"","passwordLength":0,"error":"","submitting":false,"lastSubmitted":"","renderFault":false,"recoveryCount":0,"profile":5,"packFontWidth":16,"usernameRect":{"x":12,"y":57,"width":196,"height":20},"passwordRect":{"x":12,"y":96,"width":196,"height":20},"submitRect":{"x":12,"y":124,"width":92,"height":20}}
[0710月2026 00:57:48.381] [NekoJS-Log-Flusher/INFO] [NekoJS/]: [client] [ticket48-auto] {"stage":"sample","ticks":2000,"elapsedMs":99769,"statistics":{"initialBuild":1,"layout":10,"reconcile":0,"resize":2,"paint":5578,"diagnostics":0,"cleanup":0},"disposed":false,"username":"","passwordLength":0,"error":"","submitting":false,"lastSubmitted":"","renderFault":false,"recoveryCount":0,"profile":5,"packFontWidth":16,"usernameRect":{"x":12,"y":57,"width":196,"height":20},"passwordRect":{"x":12,"y":96,"width":196,"height":20},"submitRect":{"x":12,"y":124,"width":92,"height":20}}
[0710月2026 00:57:54.380] [NekoJS-Log-Flusher/INFO] [NekoJS/]: [client] [ticket48-auto] {"stage":"sample","ticks":2100,"elapsedMs":106256,"statistics":{"initialBuild":1,"layout":10,"reconcile":0,"resize":2,"paint":5849,"diagnostics":0,"cleanup":0},"disposed":false,"username":"","passwordLength":0,"error":"","submitting":false,"lastSubmitted":"","renderFault":false,"recoveryCount":0,"profile":5,"packFontWidth":16,"usernameRect":{"x":12,"y":57,"width":196,"height":20},"passwordRect":{"x":12,"y":96,"width":196,"height":20},"submitRect":{"x":12,"y":124,"width":92,"height":20}}
[0710月2026 00:57:59.379] [NekoJS-Log-Flusher/INFO] [NekoJS/]: [client] [ticket48-auto] {"stage":"sample","ticks":2200,"elapsedMs":111263,"statistics":{"initialBuild":1,"layout":10,"reconcile":0,"resize":2,"paint":6148,"diagnostics":0,"cleanup":0},"disposed":false,"username":"","passwordLength":0,"error":"","submitting":false,"lastSubmitted":"","renderFault":false,"recoveryCount":0,"profile":5,"packFontWidth":16,"usernameRect":{"x":12,"y":57,"width":196,"height":20},"passwordRect":{"x":12,"y":96,"width":196,"height":20},"submitRect":{"x":12,"y":124,"width":92,"height":20}}
[0710月2026 00:58:04.380] [NekoJS-Log-Flusher/INFO] [NekoJS/]: [client] [ticket48-auto] {"stage":"sample","ticks":2300,"elapsedMs":116254,"statistics":{"initialBuild":1,"layout":10,"reconcile":0,"resize":2,"paint":6446,"diagnostics":0,"cleanup":0},"disposed":false,"username":"","passwordLength":0,"error":"","submitting":false,"lastSubmitted":"","renderFault":false,"recoveryCount":0,"profile":5,"packFontWidth":16,"usernameRect":{"x":12,"y":57,"width":196,"height":20},"passwordRect":{"x":12,"y":96,"width":196,"height":20},"submitRect":{"x":12,"y":124,"width":92,"height":20}}
[0710月2026 00:58:09.380] [NekoJS-Log-Flusher/INFO] [NekoJS/]: [client] [ticket48-auto] {"stage":"sample","ticks":2400,"elapsedMs":121267,"statistics":{"initialBuild":1,"layout":10,"reconcile":0,"resize":2,"paint":6734,"diagnostics":0,"cleanup":0},"disposed":false,"username":"","passwordLength":0,"error":"","submitting":false,"lastSubmitted":"","renderFault":false,"recoveryCount":0,"profile":5,"packFontWidth":16,"usernameRect":{"x":12,"y":57,"width":196,"height":20},"passwordRect":{"x":12,"y":96,"width":196,"height":20},"submitRect":{"x":12,"y":124,"width":92,"height":20}}
[0710月2026 00:58:14.380] [NekoJS-Log-Flusher/INFO] [NekoJS/]: [client] [ticket48-auto] {"stage":"sample","ticks":2500,"elapsedMs":126259,"statistics":{"initialBuild":1,"layout":10,"reconcile":0,"resize":2,"paint":7032,"diagnostics":0,"cleanup":0},"disposed":false,"username":"","passwordLength":0,"error":"","submitting":false,"lastSubmitted":"","renderFault":false,"recoveryCount":0,"profile":5,"packFontWidth":16,"usernameRect":{"x":12,"y":57,"width":196,"height":20},"passwordRect":{"x":12,"y":96,"width":196,"height":20},"submitRect":{"x":12,"y":124,"width":92,"height":20}}
[0710月2026 00:58:19.380] [NekoJS-Log-Flusher/INFO] [NekoJS/]: [client] [ticket48-auto] {"stage":"sample","ticks":2600,"elapsedMs":131270,"statistics":{"initialBuild":1,"layout":10,"reconcile":0,"resize":2,"paint":7311,"diagnostics":0,"cleanup":0},"disposed":false,"username":"","passwordLength":0,"error":"","submitting":false,"lastSubmitted":"","renderFault":false,"recoveryCount":0,"profile":5,"packFontWidth":16,"usernameRect":{"x":12,"y":57,"width":196,"height":20},"passwordRect":{"x":12,"y":96,"width":196,"height":20},"submitRect":{"x":12,"y":124,"width":92,"height":20}}
[0710月2026 00:58:24.380] [NekoJS-Log-Flusher/INFO] [NekoJS/]: [client] [ticket48-auto] {"stage":"sample","ticks":2700,"elapsedMs":136259,"statistics":{"initialBuild":1,"layout":10,"reconcile":0,"resize":2,"paint":7609,"diagnostics":0,"cleanup":0},"disposed":false,"username":"","passwordLength":0,"error":"","submitting":false,"lastSubmitted":"","renderFault":false,"recoveryCount":0,"profile":5,"packFontWidth":16,"usernameRect":{"x":12,"y":57,"width":196,"height":20},"passwordRect":{"x":12,"y":96,"width":196,"height":20},"submitRect":{"x":12,"y":124,"width":92,"height":20}}
[0710月2026 00:58:29.380] [NekoJS-Log-Flusher/INFO] [NekoJS/]: [client] [ticket48-auto] {"stage":"sample","ticks":2800,"elapsedMs":141268,"statistics":{"initialBuild":1,"layout":10,"reconcile":0,"resize":2,"paint":7908,"diagnostics":0,"cleanup":0},"disposed":false,"username":"","passwordLength":0,"error":"","submitting":false,"lastSubmitted":"","renderFault":false,"recoveryCount":0,"profile":5,"packFontWidth":16,"usernameRect":{"x":12,"y":57,"width":196,"height":20},"passwordRect":{"x":12,"y":96,"width":196,"height":20},"submitRect":{"x":12,"y":124,"width":92,"height":20}}
[0710月2026 00:58:34.380] [NekoJS-Log-Flusher/INFO] [NekoJS/]: [client] [ticket48-auto] {"stage":"sample","ticks":2900,"elapsedMs":146264,"statistics":{"initialBuild":1,"layout":28,"reconcile":18,"resize":2,"paint":8206,"diagnostics":0,"cleanup":0},"disposed":false,"username":"NekoTester","passwordLength":7,"error":"","submitting":true,"lastSubmitted":"NekoTester","renderFault":false,"recoveryCount":0,"profile":5,"packFontWidth":16,"usernameRect":{"x":12,"y":57,"width":196,"height":20},"passwordRect":{"x":12,"y":96,"width":196,"height":20},"submitRect":{"x":12,"y":124,"width":92,"height":20}}
[0710月2026 00:58:39.380] [NekoJS-Log-Flusher/INFO] [NekoJS/]: [client] [ticket48-auto] {"stage":"sample","ticks":3000,"elapsedMs":151256,"statistics":{"initialBuild":1,"layout":28,"reconcile":18,"resize":2,"paint":8504,"diagnostics":0,"cleanup":0},"disposed":false,"username":"NekoTester","passwordLength":7,"error":"","submitting":true,"lastSubmitted":"NekoTester","renderFault":false,"recoveryCount":0,"profile":5,"packFontWidth":16,"usernameRect":{"x":12,"y":57,"width":196,"height":20},"passwordRect":{"x":12,"y":96,"width":196,"height":20},"submitRect":{"x":12,"y":124,"width":92,"height":20}}
[0710月2026 00:58:44.380] [NekoJS-Log-Flusher/INFO] [NekoJS/]: [client] [ticket48-auto] {"stage":"sample","ticks":3100,"elapsedMs":156262,"statistics":{"initialBuild":1,"layout":28,"reconcile":18,"resize":2,"paint":8803,"diagnostics":0,"cleanup":0},"disposed":false,"username":"NekoTester","passwordLength":7,"error":"","submitting":true,"lastSubmitted":"NekoTester","renderFault":false,"recoveryCount":0,"profile":5,"packFontWidth":16,"usernameRect":{"x":12,"y":57,"width":196,"height":20},"passwordRect":{"x":12,"y":96,"width":196,"height":20},"submitRect":{"x":12,"y":124,"width":92,"height":20}}
[0710月2026 00:58:49.380] [NekoJS-Log-Flusher/INFO] [NekoJS/]: [client] [ticket48-auto] {"stage":"sample","ticks":3200,"elapsedMs":161269,"statistics":{"initialBuild":1,"layout":28,"reconcile":18,"resize":2,"paint":9102,"diagnostics":0,"cleanup":0},"disposed":false,"username":"NekoTester","passwordLength":7,"error":"","submitting":true,"lastSubmitted":"NekoTester","renderFault":false,"recoveryCount":0,"profile":5,"packFontWidth":16,"usernameRect":{"x":12,"y":57,"width":196,"height":20},"passwordRect":{"x":12,"y":96,"width":196,"height":20},"submitRect":{"x":12,"y":124,"width":92,"height":20}}
[0710月2026 00:58:54.380] [NekoJS-Log-Flusher/INFO] [NekoJS/]: [client] [ticket48-auto] {"stage":"sample","ticks":3300,"elapsedMs":166264,"statistics":{"initialBuild":1,"layout":28,"reconcile":18,"resize":2,"paint":9400,"diagnostics":0,"cleanup":0},"disposed":false,"username":"NekoTester","passwordLength":7,"error":"","submitting":true,"lastSubmitted":"NekoTester","renderFault":false,"recoveryCount":0,"profile":5,"packFontWidth":16,"usernameRect":{"x":12,"y":57,"width":196,"height":20},"passwordRect":{"x":12,"y":96,"width":196,"height":20},"submitRect":{"x":12,"y":124,"width":92,"height":20}}
[0710月2026 00:58:59.380] [NekoJS-Log-Flusher/INFO] [NekoJS/]: [client] [ticket48-auto] {"stage":"sample","ticks":3400,"elapsedMs":171267,"statistics":{"initialBuild":1,"layout":28,"reconcile":18,"resize":2,"paint":9699,"diagnostics":0,"cleanup":0},"disposed":false,"username":"NekoTester","passwordLength":7,"error":"","submitting":true,"lastSubmitted":"NekoTester","renderFault":false,"recoveryCount":0,"profile":5,"packFontWidth":16,"usernameRect":{"x":12,"y":57,"width":196,"height":20},"passwordRect":{"x":12,"y":96,"width":196,"height":20},"submitRect":{"x":12,"y":124,"width":92,"height":20}}
[0710月2026 00:59:04.379] [NekoJS-Log-Flusher/INFO] [NekoJS/]: [client] [ticket48-auto] {"stage":"sample","ticks":3500,"elapsedMs":176264,"statistics":{"initialBuild":1,"layout":28,"reconcile":18,"resize":2,"paint":9997,"diagnostics":0,"cleanup":0},"disposed":false,"username":"NekoTester","passwordLength":7,"error":"","submitting":true,"lastSubmitted":"NekoTester","renderFault":false,"recoveryCount":0,"profile":5,"packFontWidth":16,"usernameRect":{"x":12,"y":57,"width":196,"height":20},"passwordRect":{"x":12,"y":96,"width":196,"height":20},"submitRect":{"x":12,"y":124,"width":92,"height":20}}
[0710月2026 00:59:09.381] [NekoJS-Log-Flusher/INFO] [NekoJS/]: [client] [ticket48-auto] {"stage":"sample","ticks":3600,"elapsedMs":181260,"statistics":{"initialBuild":1,"layout":28,"reconcile":18,"resize":2,"paint":10295,"diagnostics":0,"cleanup":0},"disposed":false,"username":"NekoTester","passwordLength":7,"error":"","submitting":true,"lastSubmitted":"NekoTester","renderFault":false,"recoveryCount":0,"profile":5,"packFontWidth":16,"usernameRect":{"x":12,"y":57,"width":196,"height":20},"passwordRect":{"x":12,"y":96,"width":196,"height":20},"submitRect":{"x":12,"y":124,"width":92,"height":20}}
[0710月2026 00:59:14.380] [NekoJS-Log-Flusher/INFO] [NekoJS/]: [client] [ticket48-auto] {"stage":"sample","ticks":3700,"elapsedMs":186257,"statistics":{"initialBuild":1,"layout":28,"reconcile":18,"resize":2,"paint":10593,"diagnostics":0,"cleanup":0},"disposed":false,"username":"NekoTester","passwordLength":7,"error":"","submitting":true,"lastSubmitted":"NekoTester","renderFault":false,"recoveryCount":0,"profile":5,"packFontWidth":16,"usernameRect":{"x":12,"y":57,"width":196,"height":20},"passwordRect":{"x":12,"y":96,"width":196,"height":20},"submitRect":{"x":12,"y":124,"width":92,"height":20}}
[0710月2026 00:59:19.380] [NekoJS-Log-Flusher/INFO] [NekoJS/]: [client] [ticket48-auto] {"stage":"sample","ticks":3800,"elapsedMs":191269,"statistics":{"initialBuild":1,"layout":28,"reconcile":18,"resize":2,"paint":10892,"diagnostics":0,"cleanup":0},"disposed":false,"username":"NekoTester","passwordLength":7,"error":"","submitting":true,"lastSubmitted":"NekoTester","renderFault":false,"recoveryCount":0,"profile":5,"packFontWidth":16,"usernameRect":{"x":12,"y":57,"width":196,"height":20},"passwordRect":{"x":12,"y":96,"width":196,"height":20},"submitRect":{"x":12,"y":124,"width":92,"height":20}}
[0710月2026 00:59:24.380] [NekoJS-Log-Flusher/INFO] [NekoJS/]: [client] [ticket48-auto] {"stage":"sample","ticks":3900,"elapsedMs":196262,"statistics":{"initialBuild":1,"layout":28,"reconcile":18,"resize":2,"paint":11190,"diagnostics":0,"cleanup":0},"disposed":false,"username":"NekoTester","passwordLength":7,"error":"","submitting":true,"lastSubmitted":"NekoTester","renderFault":false,"recoveryCount":0,"profile":5,"packFontWidth":16,"usernameRect":{"x":12,"y":57,"width":196,"height":20},"passwordRect":{"x":12,"y":96,"width":196,"height":20},"submitRect":{"x":12,"y":124,"width":92,"height":20}}
[0710月2026 00:59:29.381] [NekoJS-Log-Flusher/INFO] [NekoJS/]: [client] [ticket48-auto] {"stage":"sample","ticks":4000,"elapsedMs":201257,"statistics":{"initialBuild":1,"layout":28,"reconcile":18,"resize":2,"paint":11488,"diagnostics":0,"cleanup":0},"disposed":false,"username":"NekoTester","passwordLength":7,"error":"","submitting":true,"lastSubmitted":"NekoTester","renderFault":false,"recoveryCount":0,"profile":5,"packFontWidth":16,"usernameRect":{"x":12,"y":57,"width":196,"height":20},"passwordRect":{"x":12,"y":96,"width":196,"height":20},"submitRect":{"x":12,"y":124,"width":92,"height":20}}
[0710月2026 00:59:34.380] [NekoJS-Log-Flusher/INFO] [NekoJS/]: [client] [ticket48-auto] {"stage":"sample","ticks":4100,"elapsedMs":206280,"statistics":{"initialBuild":1,"layout":28,"reconcile":18,"resize":2,"paint":11780,"diagnostics":0,"cleanup":0},"disposed":false,"username":"NekoTester","passwordLength":7,"error":"","submitting":true,"lastSubmitted":"NekoTester","renderFault":false,"recoveryCount":0,"profile":5,"packFontWidth":16,"usernameRect":{"x":12,"y":57,"width":196,"height":20},"passwordRect":{"x":12,"y":96,"width":196,"height":20},"submitRect":{"x":12,"y":124,"width":92,"height":20}}
[0710月2026 00:59:39.381] [NekoJS-Log-Flusher/INFO] [NekoJS/]: [client] [ticket48-auto] {"stage":"sample","ticks":4200,"elapsedMs":211262,"statistics":{"initialBuild":1,"layout":28,"reconcile":18,"resize":2,"paint":11929,"diagnostics":0,"cleanup":0},"disposed":false,"username":"NekoTester","passwordLength":7,"error":"","submitting":true,"lastSubmitted":"NekoTester","renderFault":false,"recoveryCount":0,"profile":5,"packFontWidth":16,"usernameRect":{"x":12,"y":57,"width":196,"height":20},"passwordRect":{"x":12,"y":96,"width":196,"height":20},"submitRect":{"x":12,"y":124,"width":92,"height":20}}
[0710月2026 00:59:44.381] [NekoJS-Log-Flusher/INFO] [NekoJS/]: [client] [ticket48-auto] {"stage":"sample","ticks":4300,"elapsedMs":216275,"statistics":{"initialBuild":1,"layout":28,"reconcile":18,"resize":2,"paint":12079,"diagnostics":0,"cleanup":0},"disposed":false,"username":"NekoTester","passwordLength":7,"error":"","submitting":true,"lastSubmitted":"NekoTester","renderFault":false,"recoveryCount":0,"profile":5,"packFontWidth":16,"usernameRect":{"x":12,"y":57,"width":196,"height":20},"passwordRect":{"x":12,"y":96,"width":196,"height":20},"submitRect":{"x":12,"y":124,"width":92,"height":20}}
[0710月2026 00:59:49.380] [NekoJS-Log-Flusher/INFO] [NekoJS/]: [client] [ticket48-auto] {"stage":"sample","ticks":4400,"elapsedMs":221256,"statistics":{"initialBuild":1,"layout":28,"reconcile":18,"resize":2,"paint":12228,"diagnostics":0,"cleanup":0},"disposed":false,"username":"NekoTester","passwordLength":7,"error":"","submitting":true,"lastSubmitted":"NekoTester","renderFault":false,"recoveryCount":0,"profile":5,"packFontWidth":16,"usernameRect":{"x":12,"y":57,"width":196,"height":20},"passwordRect":{"x":12,"y":96,"width":196,"height":20},"submitRect":{"x":12,"y":124,"width":92,"height":20}}
[0710月2026 00:59:54.380] [NekoJS-Log-Flusher/INFO] [NekoJS/]: [client] [ticket48-auto] {"stage":"sample","ticks":4500,"elapsedMs":226268,"statistics":{"initialBuild":1,"layout":28,"reconcile":18,"resize":2,"paint":12378,"diagnostics":0,"cleanup":0},"disposed":false,"username":"NekoTester","passwordLength":7,"error":"","submitting":true,"lastSubmitted":"NekoTester","renderFault":false,"recoveryCount":0,"profile":5,"packFontWidth":16,"usernameRect":{"x":12,"y":57,"width":196,"height":20},"passwordRect":{"x":12,"y":96,"width":196,"height":20},"submitRect":{"x":12,"y":124,"width":92,"height":20}}
[0710月2026 00:59:59.380] [NekoJS-Log-Flusher/INFO] [NekoJS/]: [client] [ticket48-auto] {"stage":"sample","ticks":4600,"elapsedMs":231281,"statistics":{"initialBuild":1,"layout":28,"reconcile":18,"resize":2,"paint":12528,"diagnostics":0,"cleanup":0},"disposed":false,"username":"NekoTester","passwordLength":7,"error":"","submitting":true,"lastSubmitted":"NekoTester","renderFault":false,"recoveryCount":0,"profile":5,"packFontWidth":16,"usernameRect":{"x":12,"y":57,"width":196,"height":20},"passwordRect":{"x":12,"y":96,"width":196,"height":20},"submitRect":{"x":12,"y":124,"width":92,"height":20}}
[0710月2026 01:00:04.380] [NekoJS-Log-Flusher/INFO] [NekoJS/]: [client] [ticket48-auto] {"stage":"sample","ticks":4700,"elapsedMs":236258,"statistics":{"initialBuild":1,"layout":28,"reconcile":18,"resize":2,"paint":12677,"diagnostics":0,"cleanup":0},"disposed":false,"username":"NekoTester","passwordLength":7,"error":"","submitting":true,"lastSubmitted":"NekoTester","renderFault":false,"recoveryCount":0,"profile":5,"packFontWidth":16,"usernameRect":{"x":12,"y":57,"width":196,"height":20},"passwordRect":{"x":12,"y":96,"width":196,"height":20},"submitRect":{"x":12,"y":124,"width":92,"height":20}}
[0710月2026 01:00:09.381] [NekoJS-Log-Flusher/INFO] [NekoJS/]: [client] [ticket48-auto] {"stage":"sample","ticks":4800,"elapsedMs":241272,"statistics":{"initialBuild":1,"layout":28,"reconcile":18,"resize":2,"paint":12827,"diagnostics":0,"cleanup":0},"disposed":false,"username":"NekoTester","passwordLength":7,"error":"","submitting":true,"lastSubmitted":"NekoTester","renderFault":false,"recoveryCount":0,"profile":5,"packFontWidth":16,"usernameRect":{"x":12,"y":57,"width":196,"height":20},"passwordRect":{"x":12,"y":96,"width":196,"height":20},"submitRect":{"x":12,"y":124,"width":92,"height":20}}
[0710月2026 01:00:14.380] [NekoJS-Log-Flusher/INFO] [NekoJS/]: [client] [ticket48-auto] {"stage":"sample","ticks":4900,"elapsedMs":246287,"statistics":{"initialBuild":1,"layout":28,"reconcile":18,"resize":2,"paint":12977,"diagnostics":0,"cleanup":0},"disposed":false,"username":"NekoTester","passwordLength":7,"error":"","submitting":true,"lastSubmitted":"NekoTester","renderFault":false,"recoveryCount":0,"profile":5,"packFontWidth":16,"usernameRect":{"x":12,"y":57,"width":196,"height":20},"passwordRect":{"x":12,"y":96,"width":196,"height":20},"submitRect":{"x":12,"y":124,"width":92,"height":20}}
[0710月2026 01:00:19.381] [NekoJS-Log-Flusher/INFO] [NekoJS/]: [client] [ticket48-auto] {"stage":"sample","ticks":5000,"elapsedMs":251264,"statistics":{"initialBuild":1,"layout":28,"reconcile":18,"resize":2,"paint":13126,"diagnostics":0,"cleanup":0},"disposed":false,"username":"NekoTester","passwordLength":7,"error":"","submitting":true,"lastSubmitted":"NekoTester","renderFault":false,"recoveryCount":0,"profile":5,"packFontWidth":16,"usernameRect":{"x":12,"y":57,"width":196,"height":20},"passwordRect":{"x":12,"y":96,"width":196,"height":20},"submitRect":{"x":12,"y":124,"width":92,"height":20}}
[0710月2026 01:00:24.380] [NekoJS-Log-Flusher/INFO] [NekoJS/]: [client] [ticket48-auto] {"stage":"sample","ticks":5100,"elapsedMs":256275,"statistics":{"initialBuild":1,"layout":28,"reconcile":18,"resize":2,"paint":13276,"diagnostics":0,"cleanup":0},"disposed":false,"username":"NekoTester","passwordLength":7,"error":"","submitting":true,"lastSubmitted":"NekoTester","renderFault":false,"recoveryCount":0,"profile":5,"packFontWidth":16,"usernameRect":{"x":12,"y":57,"width":196,"height":20},"passwordRect":{"x":12,"y":96,"width":196,"height":20},"submitRect":{"x":12,"y":124,"width":92,"height":20}}
[0710月2026 01:00:29.381] [NekoJS-Log-Flusher/INFO] [NekoJS/]: [client] [ticket48-auto] {"stage":"sample","ticks":5200,"elapsedMs":261255,"statistics":{"initialBuild":1,"layout":28,"reconcile":18,"resize":2,"paint":13425,"diagnostics":0,"cleanup":0},"disposed":false,"username":"NekoTester","passwordLength":7,"error":"","submitting":true,"lastSubmitted":"NekoTester","renderFault":false,"recoveryCount":0,"profile":5,"packFontWidth":16,"usernameRect":{"x":12,"y":57,"width":196,"height":20},"passwordRect":{"x":12,"y":96,"width":196,"height":20},"submitRect":{"x":12,"y":124,"width":92,"height":20}}
[0710月2026 01:00:34.380] [NekoJS-Log-Flusher/INFO] [NekoJS/]: [client] [ticket48-auto] {"stage":"sample","ticks":5300,"elapsedMs":266267,"statistics":{"initialBuild":1,"layout":28,"reconcile":18,"resize":2,"paint":13575,"diagnostics":0,"cleanup":0},"disposed":false,"username":"NekoTester","passwordLength":7,"error":"","submitting":true,"lastSubmitted":"NekoTester","renderFault":false,"recoveryCount":0,"profile":5,"packFontWidth":16,"usernameRect":{"x":12,"y":57,"width":196,"height":20},"passwordRect":{"x":12,"y":96,"width":196,"height":20},"submitRect":{"x":12,"y":124,"width":92,"height":20}}
[0710月2026 01:00:39.380] [NekoJS-Log-Flusher/INFO] [NekoJS/]: [client] [ticket48-auto] {"stage":"sample","ticks":5400,"elapsedMs":271282,"statistics":{"initialBuild":1,"layout":28,"reconcile":18,"resize":2,"paint":13725,"diagnostics":0,"cleanup":0},"disposed":false,"username":"NekoTester","passwordLength":7,"error":"","submitting":true,"lastSubmitted":"NekoTester","renderFault":false,"recoveryCount":0,"profile":5,"packFontWidth":16,"usernameRect":{"x":12,"y":57,"width":196,"height":20},"passwordRect":{"x":12,"y":96,"width":196,"height":20},"submitRect":{"x":12,"y":124,"width":92,"height":20}}
[0710月2026 01:00:44.381] [NekoJS-Log-Flusher/INFO] [NekoJS/]: [client] [ticket48-auto] {"stage":"sample","ticks":5500,"elapsedMs":276260,"statistics":{"initialBuild":1,"layout":28,"reconcile":18,"resize":2,"paint":13874,"diagnostics":0,"cleanup":0},"disposed":false,"username":"NekoTester","passwordLength":7,"error":"","submitting":true,"lastSubmitted":"NekoTester","renderFault":false,"recoveryCount":0,"profile":5,"packFontWidth":16,"usernameRect":{"x":12,"y":57,"width":196,"height":20},"passwordRect":{"x":12,"y":96,"width":196,"height":20},"submitRect":{"x":12,"y":124,"width":92,"height":20}}
[0710月2026 01:00:49.380] [NekoJS-Log-Flusher/INFO] [NekoJS/]: [client] [ticket48-auto] {"stage":"sample","ticks":5600,"elapsedMs":281274,"statistics":{"initialBuild":1,"layout":28,"reconcile":18,"resize":2,"paint":14024,"diagnostics":0,"cleanup":0},"disposed":false,"username":"NekoTester","passwordLength":7,"error":"","submitting":true,"lastSubmitted":"NekoTester","renderFault":false,"recoveryCount":0,"profile":5,"packFontWidth":16,"usernameRect":{"x":12,"y":57,"width":196,"height":20},"passwordRect":{"x":12,"y":96,"width":196,"height":20},"submitRect":{"x":12,"y":124,"width":92,"height":20}}
[0710月2026 01:00:54.380] [NekoJS-Log-Flusher/INFO] [NekoJS/]: [client] [ticket48-auto] {"stage":"sample","ticks":5700,"elapsedMs":286254,"statistics":{"initialBuild":1,"layout":28,"reconcile":18,"resize":2,"paint":14173,"diagnostics":0,"cleanup":0},"disposed":false,"username":"NekoTester","passwordLength":7,"error":"","submitting":true,"lastSubmitted":"NekoTester","renderFault":false,"recoveryCount":0,"profile":5,"packFontWidth":16,"usernameRect":{"x":12,"y":57,"width":196,"height":20},"passwordRect":{"x":12,"y":96,"width":196,"height":20},"submitRect":{"x":12,"y":124,"width":92,"height":20}}
[0710月2026 01:00:59.380] [NekoJS-Log-Flusher/INFO] [NekoJS/]: [client] [ticket48-auto] {"stage":"sample","ticks":5800,"elapsedMs":291266,"statistics":{"initialBuild":1,"layout":28,"reconcile":18,"resize":2,"paint":14323,"diagnostics":0,"cleanup":0},"disposed":false,"username":"NekoTester","passwordLength":7,"error":"","submitting":true,"lastSubmitted":"NekoTester","renderFault":false,"recoveryCount":0,"profile":5,"packFontWidth":16,"usernameRect":{"x":12,"y":57,"width":196,"height":20},"passwordRect":{"x":12,"y":96,"width":196,"height":20},"submitRect":{"x":12,"y":124,"width":92,"height":20}}
[0710月2026 01:01:04.380] [NekoJS-Log-Flusher/INFO] [NekoJS/]: [client] [ticket48-auto] {"stage":"sample","ticks":5900,"elapsedMs":296280,"statistics":{"initialBuild":1,"layout":28,"reconcile":18,"resize":2,"paint":14473,"diagnostics":0,"cleanup":0},"disposed":false,"username":"NekoTester","passwordLength":7,"error":"","submitting":true,"lastSubmitted":"NekoTester","renderFault":false,"recoveryCount":0,"profile":5,"packFontWidth":16,"usernameRect":{"x":12,"y":57,"width":196,"height":20},"passwordRect":{"x":12,"y":96,"width":196,"height":20},"submitRect":{"x":12,"y":124,"width":92,"height":20}}
[0710月2026 01:01:09.380] [NekoJS-Log-Flusher/INFO] [NekoJS/]: [client] [ticket48-auto] {"stage":"sample","ticks":6000,"elapsedMs":301261,"statistics":{"initialBuild":1,"layout":28,"reconcile":18,"resize":2,"paint":14622,"diagnostics":0,"cleanup":0},"disposed":false,"username":"NekoTester","passwordLength":7,"error":"","submitting":true,"lastSubmitted":"NekoTester","renderFault":false,"recoveryCount":0,"profile":5,"packFontWidth":16,"usernameRect":{"x":12,"y":57,"width":196,"height":20},"passwordRect":{"x":12,"y":96,"width":196,"height":20},"submitRect":{"x":12,"y":124,"width":92,"height":20}}
[0710月2026 01:01:14.380] [NekoJS-Log-Flusher/INFO] [NekoJS/]: [client] [ticket48-auto] {"stage":"sample","ticks":6100,"elapsedMs":306276,"statistics":{"initialBuild":1,"layout":28,"reconcile":18,"resize":2,"paint":14772,"diagnostics":0,"cleanup":0},"disposed":false,"username":"NekoTester","passwordLength":7,"error":"","submitting":true,"lastSubmitted":"NekoTester","renderFault":false,"recoveryCount":0,"profile":5,"packFontWidth":16,"usernameRect":{"x":12,"y":57,"width":196,"height":20},"passwordRect":{"x":12,"y":96,"width":196,"height":20},"submitRect":{"x":12,"y":124,"width":92,"height":20}}
[0710月2026 01:01:19.380] [NekoJS-Log-Flusher/INFO] [NekoJS/]: [client] [ticket48-auto] {"stage":"sample","ticks":6200,"elapsedMs":311257,"statistics":{"initialBuild":1,"layout":28,"reconcile":18,"resize":2,"paint":14917,"diagnostics":0,"cleanup":0},"disposed":false,"username":"NekoTester","passwordLength":7,"error":"","submitting":true,"lastSubmitted":"NekoTester","renderFault":false,"recoveryCount":0,"profile":5,"packFontWidth":16,"usernameRect":{"x":12,"y":57,"width":196,"height":20},"passwordRect":{"x":12,"y":96,"width":196,"height":20},"submitRect":{"x":12,"y":124,"width":92,"height":20}}
[0710月2026 01:01:24.380] [NekoJS-Log-Flusher/INFO] [NekoJS/]: [client] [ticket48-auto] {"stage":"sample","ticks":6300,"elapsedMs":316269,"statistics":{"initialBuild":1,"layout":28,"reconcile":18,"resize":2,"paint":15067,"diagnostics":0,"cleanup":0},"disposed":false,"username":"NekoTester","passwordLength":7,"error":"","submitting":true,"lastSubmitted":"NekoTester","renderFault":false,"recoveryCount":0,"profile":5,"packFontWidth":16,"usernameRect":{"x":12,"y":57,"width":196,"height":20},"passwordRect":{"x":12,"y":96,"width":196,"height":20},"submitRect":{"x":12,"y":124,"width":92,"height":20}}
[0710月2026 01:01:29.380] [NekoJS-Log-Flusher/INFO] [NekoJS/]: [client] [ticket48-auto] {"stage":"sample","ticks":6400,"elapsedMs":321280,"statistics":{"initialBuild":1,"layout":28,"reconcile":18,"resize":2,"paint":15217,"diagnostics":0,"cleanup":0},"disposed":false,"username":"NekoTester","passwordLength":7,"error":"","submitting":true,"lastSubmitted":"NekoTester","renderFault":false,"recoveryCount":0,"profile":5,"packFontWidth":16,"usernameRect":{"x":12,"y":57,"width":196,"height":20},"passwordRect":{"x":12,"y":96,"width":196,"height":20},"submitRect":{"x":12,"y":124,"width":92,"height":20}}
[0710月2026 01:01:34.380] [NekoJS-Log-Flusher/INFO] [NekoJS/]: [client] [ticket48-auto] {"stage":"sample","ticks":6500,"elapsedMs":326258,"statistics":{"initialBuild":1,"layout":28,"reconcile":18,"resize":2,"paint":15366,"diagnostics":0,"cleanup":0},"disposed":false,"username":"NekoTester","passwordLength":7,"error":"","submitting":true,"lastSubmitted":"NekoTester","renderFault":false,"recoveryCount":0,"profile":5,"packFontWidth":16,"usernameRect":{"x":12,"y":57,"width":196,"height":20},"passwordRect":{"x":12,"y":96,"width":196,"height":20},"submitRect":{"x":12,"y":124,"width":92,"height":20}}
[0710月2026 01:01:35.380] [NekoJS-Log-Flusher/INFO] [NekoJS/]: [client] [ticket48-auto] {"stage":"closed","ticks":6505,"elapsedMs":326509,"statistics":{"initialBuild":1,"layout":28,"reconcile":18,"resize":2,"paint":15373,"diagnostics":0,"cleanup":1},"disposed":true,"username":"NekoTester","passwordLength":7,"error":"","submitting":true,"lastSubmitted":"NekoTester","renderFault":false,"recoveryCount":0,"profile":null,"packFontWidth":null,"usernameRect":null,"passwordRect":null,"submitRect":null}
