[0710月2026 00:26:14.993] [main/INFO] [net.neoforged.fml.startup.Entrypoint/]: JVM Uptime at startup: 143ms
[0710月2026 00:26:15.245] [main/INFO] [net.neoforged.fml.loading.FMLLoader/]: Starting FancyModLoader version 11.0.16 (CLIENT in PROD)
[0710月2026 00:26:15.245] [main/INFO] [net.neoforged.fml.loading.FMLLoader/]: Game directory: D:\mcmodDemo\NekoJS-mult\build\ticket48-autonomous
[0710月2026 00:26:15.318] [main/INFO] [net.neoforged.fml.loading.EarlyServiceDiscovery/]: Found 2 early service jars (out of 118) in 40ms
[0710月2026 00:26:15.319] [main/INFO] [net.neoforged.fml.loading.FMLLoader/]: Loading FML Early Services:
[0710月2026 00:26:15.319] [main/INFO] [net.neoforged.fml.loading.FMLLoader/]:  - C:/Users/11515/AppData/Roaming/.minecraft/libraries/net/neoforged/fancymodloader/loader/11.0.16/loader-11.0.16.jar
[0710月2026 00:26:15.323] [main/INFO] [net.neoforged.fml.loading.FMLLoader/]:  - C:/Users/11515/AppData/Roaming/.minecraft/libraries/net/neoforged/fancymodloader/earlydisplay/11.0.16/earlydisplay-11.0.16.jar
[0710月2026 00:26:15.328] [main/INFO] [net.neoforged.fml.loading.ImmediateWindowHandler/]: Loading ImmediateWindowProvider fmlearlywindow
[0710月2026 00:26:15.926] [ForkJoinPool.commonPool-worker-3/INFO] [net.neoforged.fml.loading.moddiscovery.locators.GameLocator/]: Marking unmodified client jar as claimed to prevent loading: C:\Users\11515\AppData\Roaming\.minecraft\versions\26.2\26.2.jar
[0710月2026 00:26:15.938] [ForkJoinPool.commonPool-worker-3/INFO] [net.neoforged.fml.loading.moddiscovery.locators.GameLocator/]: Failed to find common Minecraft classes and resources on the classpath. Assuming we're launching production.
[0710月2026 00:26:16.016] [fml-loadingscreen/INFO] [net.neoforged.fml.earlydisplay.render.LoadingScreenRenderer/]: GL info: NVIDIA GeForce RTX 3060 Laptop GPU/PCIe/SSE2 GL version 3.3.0 NVIDIA 610.88, NVIDIA Corporation
[0710月2026 00:26:16.544] [ForkJoinPool.commonPool-worker-3/INFO] [net.neoforged.fml.loading.moddiscovery.locators.JarInJarDependencyLocator/]: Found 3 dependencies adding them to mods collection
[0710月2026 00:26:16.547] [ForkJoinPool.commonPool-worker-3/INFO] [net.neoforged.fml.loading.moddiscovery.ModDiscoverer/]: 
     Mod List:
		Name Version (Mod Id)

		GraalMC 25.1.3.7 (graalmc)
		Minecraft 26.2 (minecraft)
		ModDev MCP 0.4.2 (mcpmod)
		NekoJS 1.1.0-preview3 (nekojs)
		NeoForge 26.2.0.75 (neoforge)
[0710月2026 00:26:16.827] [main/INFO] [mixin/]: SpongePowered MIXIN Subsystem Version=0.8.7 Source=file:/C:/Users/11515/AppData/Roaming/.minecraft/libraries/net/fabricmc/sponge-mixin/0.17.3+mixin.0.8.7/sponge-mixin-0.17.3+mixin.0.8.7.jar Service=FML Env=CLIENT
[0710月2026 00:26:16.874] [main/INFO] [net.neoforged.fml.loading.FMLLoader/]: Loading FML Plugins:
[0710月2026 00:26:16.874] [main/INFO] [net.neoforged.fml.loading.FMLLoader/]:  - mods/nekojs-neoforge-26.2.0-1.1.0-preview3.jar > icu4j-78.3.jar
[0710月2026 00:26:16.874] [main/INFO] [net.neoforged.fml.loading.FMLLoader/]:  - ~libraries/net/neoforged/neoforge/26.2.0.75/neoforge-26.2.0.75-universal.jar > net.neoforged.neoforge-coremods-26.2.0.75.jar
[0710月2026 00:26:16.965] [main/INFO] [net.neoforged.fml.loading.FMLLoader/]: Building game content classloader:
 - graalmc (jar(mods/graal-1504336-8762962.jar))
 - mcpmod (jar(mods/minecraft-mcp-26.2-neoforge.jar))
 - minecraft (jar(~libraries/net/neoforged/minecraft-client-patched/26.2.0.75/minecraft-client-patched-26.2.0.75.jar))
 - mixinextras.neoforge (jar(~libraries/net/neoforged/neoforge/26.2.0.75/neoforge-26.2.0.75-universal.jar > mixinextras-neoforge-0.5.4.jar))
 - nekojs (jar(mods/nekojs-neoforge-26.2.0-1.1.0-preview3.jar))
 - neoforge (jar(~libraries/net/neoforged/neoforge/26.2.0.75/neoforge-26.2.0.75-universal.jar))
 - net.neoforged.fml.generated (empty(VirtualJar/net.neoforged.fml.generated))
[0710月2026 00:26:16.990] [main/INFO] [net.neoforged.fml.loading.FMLLoader/]: Built game content classloader in 38ms
[0710月2026 00:26:17.458] [main/INFO] [MixinExtras|Service/]: Initializing MixinExtras via com.llamalad7.mixinextras.service.MixinExtrasServiceImpl(version=0.5.4).
[0710月2026 00:26:19.876] [Datafixer Bootstrap #0/INFO] [com.mojang.datafixers.DataFixerBuilder/]: 298 Datafixer optimizations took 1514 milliseconds
[0710月2026 00:26:25.344] [modloading-worker-0/INFO] [net.neoforged.neoforge.common.NeoForgeMod/NEOFORGE-MOD]: NeoForge mod loading, version 26.2.0.75, for MC 26.2
[0710月2026 00:26:25.408] [modloading-worker-0/INFO] [NekoJS/]: Engine config loaded. Unsafe features enabled: false
[0710月2026 00:26:25.715] [modloading-worker-0/INFO] [NekoJS/]: Engine config loaded. Unsafe features enabled: false
[0710月2026 00:26:25.879] [modloading-worker-0/INFO] [NekoJS/]: [startup] 已初始化环境入口: D:\mcmodDemo\NekoJS-mult\build\ticket48-autonomous\nekojs\startup_scripts\src\main.js — workspace entry point created
[0710月2026 00:26:25.881] [modloading-worker-0/INFO] [NekoJS/]: [server] 已初始化环境入口: D:\mcmodDemo\NekoJS-mult\build\ticket48-autonomous\nekojs\server_scripts\src\main.js — workspace entry point created
[0710月2026 00:26:25.882] [modloading-worker-0/INFO] [NekoJS/]: [client] 已初始化环境入口: D:\mcmodDemo\NekoJS-mult\build\ticket48-autonomous\nekojs\client_scripts\src\main.js — workspace entry point created
[0710月2026 00:26:26.371] [NekoJS-Log-Flusher/INFO] [NekoJS/]: [startup] 发现了 1 个 STARTUP 脚本 — scripts discovered
[0710月2026 00:26:26.371] [NekoJS-Log-Flusher/INFO] [NekoJS/]: [server] 发现了 1 个 SERVER 脚本 — scripts discovered
[0710月2026 00:26:26.372] [NekoJS-Log-Flusher/INFO] [NekoJS/]: [client] 发现了 3 个 CLIENT 脚本 — scripts discovered
[0710月2026 00:26:26.372] [NekoJS-Log-Flusher/INFO] [NekoJS/]: [NekoJS] NekoJS plugin runtime bootstrapped once (assembly)
[0710月2026 00:26:27.227] [modloading-worker-0/INFO] [NekoJS/]: 正在为 STARTUP 注册 16 个事件组... — registering event groups
[0710月2026 00:26:27.371] [NekoJS-Log-Flusher/INFO] [NekoJS/]: [startup] Hello, World! (Loaded startup example script)
[0710月2026 00:26:27.479] [modloading-sync-worker/INFO] [NekoJS/]: 正在为 CLIENT 注册 16 个事件组... — registering event groups
[0710月2026 00:26:27.726] [modloading-sync-worker/ERROR] [NekoJS/]: [client] [NEKO-1003] 脚本执行失败: nekojs:client/src/combined-session.tsx
环境: CLIENT
位置: client_scripts/src/combined-session.tsx
原因: client_scripts/src/login-form.output
script-diagnostic id=nekojs:client/src/combined-session.tsx type=client phase=RESOLVE_LINK owner=Module Resolution/Cache generation=1 candidate=false source=client_scripts/src/combined-session.tsx module=./login-form.output cacheRevision=c815b1fde5b89e7e77dccbfb8f2ae0fbb3f7bf07d9ed56f45731815b05a22682 cause=IOException: Module file does not exist: client_scripts/src/login-form.output — script execution failed
[0710月2026 00:26:27.729] [modloading-sync-worker/INFO] [com.tkisor.nekojs.client.posteffect.PostEffectManager/]: Installed client post-effect generation 0 (0 definition(s), 0 removed, 0 re-declared)
[0710月2026 00:26:28.097] [Render thread/INFO] [com.mojang.authlib.yggdrasil.YggdrasilAuthenticationService/]: Environment: Environment[sessionHost=https://sessionserver.mojang.com, servicesHost=https://api.minecraftservices.com, profilesHost=https://api.mojang.com, name=PROD]
[0710月2026 00:26:28.109] [Render thread/INFO] [net.minecraft.client.Minecraft/]: Setting user: NekoDev
[0710月2026 00:26:28.186] [Render thread/ERROR] [net.minecraft.client.OptionInstance/]: Illegal option value 2870 for FOV
[0710月2026 00:26:28.239] [Render thread/INFO] [net.minecraft.client.Minecraft/]: Backend library: LWJGL version 3.4.1+2
[0710月2026 00:26:28.371] [NekoJS-Log-Flusher/INFO] [NekoJS/]: [client] Hello, World! (Loaded client example script)
[0710月2026 00:26:28.406] [Render thread/INFO] [net.minecraft.client.Minecraft/]: Using graphics backend OpenGL, using drivers: 3.3.0 NVIDIA 610.88
[0710月2026 00:26:28.406] [Render thread/INFO] [net.minecraft.client.Minecraft/]: Using graphics device: NVIDIA GeForce RTX 3060 Laptop GPU/PCIe/SSE2 (NVIDIA Corporation)
[0710月2026 00:26:28.407] [Render thread/INFO] [net.minecraft.client.Minecraft/]: Using graphics device extensions: GL_ARB_multi_draw_indirect, GL_ARB_buffer_storage, GL_ARB_shader_draw_parameters, GL_ARB_base_instance, GL_KHR_debug, GL_ARB_draw_indirect, GL_ARB_clip_control, GL_ARB_vertex_attrib_binding, GL_ARB_direct_state_access, GL_EXT_texture_filter_anisotropic
[0710月2026 00:26:28.573] [Render thread/WARN] [net.neoforged.neoforge.resource.ResourcePackLoader/]: Error reading optional pack metadata for mod/mcpmod, attempting fallback type
com.google.gson.JsonParseException: Pack declares support for version newer than 64, but is missing mandatory fields min_format and max_format
	at com.mojang.serialization.DataResult$Error.getOrThrow(DataResult.java:287) ~[datafixerupper-10.0.21.jar:?]
	at TRANSFORMER/minecraft@26.2/net.minecraft.server.packs.resources.ResourceMetadata$2.getSection(ResourceMetadata.java:38) ~[minecraft-client-patched-26.2.0.75.jar:?]
	at TRANSFORMER/minecraft@26.2/net.minecraft.server.packs.AbstractPackResources.getMetadataSection(AbstractPackResources.java:24) ~[minecraft-client-patched-26.2.0.75.jar:?]
	at TRANSFORMER/neoforge@26.2.0.75/net.neoforged.neoforge.resource.ResourcePackLoader.readMeta(ResourcePackLoader.java:202) ~[neoforge-26.2.0.75-universal.jar:?]
	at TRANSFORMER/neoforge@26.2.0.75/net.neoforged.neoforge.resource.ResourcePackLoader.readWithOptionalMeta(ResourcePackLoader.java:193) ~[neoforge-26.2.0.75-universal.jar:?]
	at TRANSFORMER/neoforge@26.2.0.75/net.neoforged.neoforge.resource.ResourcePackLoader.packFinder(ResourcePackLoader.java:134) ~[neoforge-26.2.0.75-universal.jar:?]
	at TRANSFORMER/neoforge@26.2.0.75/net.neoforged.neoforge.resource.ResourcePackLoader.lambda$buildPackFinder$0(ResourcePackLoader.java:97) ~[neoforge-26.2.0.75-universal.jar:?]
	at TRANSFORMER/minecraft@26.2/net.minecraft.server.packs.repository.PackRepository.discoverAvailable(PackRepository.java:45) [minecraft-client-patched-26.2.0.75.jar:?]
	at TRANSFORMER/minecraft@26.2/net.minecraft.server.packs.repository.PackRepository.reload(PackRepository.java:35) [minecraft-client-patched-26.2.0.75.jar:?]
	at TRANSFORMER/minecraft@26.2/net.minecraft.client.Minecraft.<init>(Minecraft.java:563) [minecraft-client-patched-26.2.0.75.jar:?]
	at TRANSFORMER/minecraft@26.2/net.minecraft.client.main.Main.main(Main.java:280) [minecraft-client-patched-26.2.0.75.jar:?]
	at net.neoforged.fml.startup.Client.main(Client.java:19) [loader-11.0.16.jar:11.0]
[0710月2026 00:26:28.877] [Download-2/ERROR] [net.minecraft.client.Minecraft/]: Failed to fetch user properties
com.mojang.authlib.exceptions.InvalidCredentialsException: Status: 401
	at com.mojang.authlib.exceptions.MinecraftClientHttpException.toAuthenticationException(MinecraftClientHttpException.java:70) ~[authlib-9.0.75.jar:?]
	at com.mojang.authlib.yggdrasil.YggdrasilUserApiService.fetchProperties(YggdrasilUserApiService.java:173) ~[authlib-9.0.75.jar:?]
	at TRANSFORMER/minecraft@26.2/net.minecraft.client.Minecraft.lambda$new$1(Minecraft.java:409) [minecraft-client-patched-26.2.0.75.jar:?]
	at java.base/java.util.concurrent.CompletableFuture$AsyncSupply.run(CompletableFuture.java:1789) [?:?]
	at java.base/java.util.concurrent.ThreadPoolExecutor.runWorker(ThreadPoolExecutor.java:1090) [?:?]
	at java.base/java.util.concurrent.ThreadPoolExecutor$Worker.run(ThreadPoolExecutor.java:614) [?:?]
	at java.base/java.lang.Thread.run(Thread.java:1474) [?:?]
Caused by: MinecraftClientHttpException[type=HTTP_ERROR, status=401, response=ErrorResponse[path=/player/attributes, error=null, errorMessage=null, details=null]]
	at com.mojang.authlib.minecraft.client.MinecraftClient.buildHttpException(MinecraftClient.java:170) ~[authlib-9.0.75.jar:?]
	at com.mojang.authlib.minecraft.client.MinecraftClient.readServiceResponse(MinecraftClient.java:147) ~[authlib-9.0.75.jar:?]
	at com.mojang.authlib.minecraft.client.MinecraftClient.getWithEtag(MinecraftClient.java:81) ~[authlib-9.0.75.jar:?]
	at com.mojang.authlib.minecraft.client.MinecraftClient.get(MinecraftClient.java:65) ~[authlib-9.0.75.jar:?]
	at com.mojang.authlib.yggdrasil.YggdrasilUserApiService.fetchProperties(YggdrasilUserApiService.java:123) ~[authlib-9.0.75.jar:?]
	... 5 more
[0710月2026 00:26:29.145] [modloading-sync-worker/INFO] [NekoJS/]: Generated default IDE workspace config at D:\mcmodDemo\NekoJS-mult\build\ticket48-autonomous\nekojs\server_scripts\jsconfig.json; later edits by the user are kept as-is
[0710月2026 00:26:29.145] [modloading-sync-worker/INFO] [NekoJS/]: Generated default IDE workspace config at D:\mcmodDemo\NekoJS-mult\build\ticket48-autonomous\nekojs\client_scripts\jsconfig.json; later edits by the user are kept as-is
[0710月2026 00:26:29.146] [modloading-sync-worker/INFO] [NekoJS/]: Generated default IDE workspace config at D:\mcmodDemo\NekoJS-mult\build\ticket48-autonomous\nekojs\startup_scripts\jsconfig.json; later edits by the user are kept as-is
[0710月2026 00:26:29.146] [modloading-sync-worker/INFO] [NekoJS/]: Generated default IDE workspace config at D:\mcmodDemo\NekoJS-mult\build\ticket48-autonomous\nekojs\test_scripts\jsconfig.json; later edits by the user are kept as-is
[0710月2026 00:26:29.147] [modloading-sync-worker/INFO] [NekoJS/]: Generated default IDE workspace config at D:\mcmodDemo\NekoJS-mult\build\ticket48-autonomous\.neko_probe\jsconfig.json; later edits by the user are kept as-is
[0710月2026 00:26:29.234] [Render thread/INFO] [net.minecraft.server.packs.resources.ReloadableResourceManager/]: Reloading ResourceManager: vanilla, mod_resources, mod/nekojs, mod/graalmc, mod/neoforge, mod/mcpmod, nekojs
[0710月2026 00:26:29.324] [Worker-Main-5/INFO] [net.minecraft.client.gui.font.providers.UnihexProvider/]: Found unifont_all_no_pua-17.0.01.hex, loading
[0710月2026 00:26:29.325] [Worker-Main-19/INFO] [net.minecraft.client.gui.font.providers.UnihexProvider/]: Found unifont_pua-17.0.01.hex, loading
[0710月2026 00:26:29.537] [Worker-Main-9/INFO] [net.minecraft.client.gui.font.providers.UnihexProvider/]: Found unifont_jp_patch-17.0.01.hex, loading
[0710月2026 00:26:29.563] [Download-2/INFO] [com.mojang.realmsclient.client.RealmsClient/]: Could not authorize you against Realms server: javax.ws.rs.BadRequestException: Invalid session
[0710月2026 00:26:29.564] [Download-2/ERROR] [com.mojang.realmsclient.client.RealmsClient/]: Failed to fetch Realms feature flags
com.mojang.realmsclient.exception.RealmsServiceException: Realms authentication error with message 'javax.ws.rs.BadRequestException: Invalid session'
	at TRANSFORMER/minecraft@26.2/com.mojang.realmsclient.client.RealmsClient.execute(RealmsClient.java:517) [minecraft-client-patched-26.2.0.75.jar:?]
	at TRANSFORMER/minecraft@26.2/com.mojang.realmsclient.client.RealmsClient.fetchFeatureFlags(RealmsClient.java:162) [minecraft-client-patched-26.2.0.75.jar:?]
	at java.base/java.util.concurrent.CompletableFuture$AsyncSupply.run(CompletableFuture.java:1789) [?:?]
	at java.base/java.util.concurrent.ThreadPoolExecutor.runWorker(ThreadPoolExecutor.java:1090) [?:?]
	at java.base/java.util.concurrent.ThreadPoolExecutor$Worker.run(ThreadPoolExecutor.java:614) [?:?]
	at java.base/java.lang.Thread.run(Thread.java:1474) [?:?]
[0710月2026 00:26:30.393] [Render thread/WARN] [com.mojang.blaze3d.opengl.GlProgram/]: neoforge:pipeline/item_translucent_unlit shader program does not use sampler Sampler2 defined in the pipeline. This might be a bug.
[0710月2026 00:26:30.398] [Render thread/WARN] [com.mojang.blaze3d.opengl.GlProgram/]: neoforge:pipeline/item_cutout_unlit shader program does not use sampler Sampler2 defined in the pipeline. This might be a bug.
[0710月2026 00:26:30.421] [Render thread/INFO] [com.mojang.blaze3d.audio.Library/]: OpenAL initialized on device OpenAL Soft on 扬声器 (Razer Barracuda X)
[0710月2026 00:26:30.421] [Render thread/INFO] [net.minecraft.client.sounds.SoundEngine/SOUNDS]: Sound engine started
[0710月2026 00:26:30.423] [Render thread/INFO] [net.minecraft.client.renderer.texture.TextureAtlas/]: Created: 512x256x0 minecraft:textures/atlas/particles.png-atlas
[0710月2026 00:26:30.442] [Render thread/INFO] [net.minecraft.client.renderer.texture.TextureAtlas/]: Created: 128x128x0 minecraft:textures/atlas/decorated_pot.png-atlas
[0710月2026 00:26:30.444] [Render thread/INFO] [net.minecraft.client.renderer.texture.TextureAtlas/]: Created: 2048x1024x0 minecraft:textures/atlas/armor_trims.png-atlas
[0710月2026 00:26:30.470] [Render thread/INFO] [net.minecraft.client.renderer.texture.TextureAtlas/]: Created: 512x256x0 minecraft:textures/atlas/paintings.png-atlas
[0710月2026 00:26:30.497] [Render thread/INFO] [net.minecraft.client.renderer.texture.TextureAtlas/]: Created: 1024x512x0 minecraft:textures/atlas/shield_patterns.png-atlas
[0710月2026 00:26:30.499] [Render thread/INFO] [net.minecraft.client.renderer.texture.TextureAtlas/]: Created: 2048x2048x4 minecraft:textures/atlas/blocks.png-atlas
[0710月2026 00:26:30.582] [Render thread/INFO] [net.minecraft.client.renderer.texture.TextureAtlas/]: Created: 512x512x0 minecraft:textures/atlas/chest.png-atlas
[0710月2026 00:26:30.612] [Render thread/INFO] [net.minecraft.client.renderer.texture.TextureAtlas/]: Created: 256x128x0 minecraft:textures/atlas/celestials.png-atlas
[0710月2026 00:26:30.617] [Render thread/INFO] [net.minecraft.client.renderer.texture.TextureAtlas/]: Created: 1024x512x0 minecraft:textures/atlas/banner_patterns.png-atlas
[0710月2026 00:26:30.618] [Render thread/INFO] [net.minecraft.client.renderer.texture.TextureAtlas/]: Created: 1024x512x0 minecraft:textures/atlas/items.png-atlas
[0710月2026 00:26:30.634] [Render thread/INFO] [net.minecraft.client.renderer.texture.TextureAtlas/]: Created: 1024x1024x0 minecraft:textures/atlas/gui.png-atlas
[0710月2026 00:26:30.666] [Render thread/INFO] [net.minecraft.client.renderer.texture.TextureAtlas/]: Created: 128x64x0 minecraft:textures/atlas/map_decorations.png-atlas
[0710月2026 00:26:30.686] [Render thread/INFO] [net.minecraft.client.renderer.texture.TextureAtlas/]: Created: 512x512x0 minecraft:textures/atlas/shulker_boxes.png-atlas
[0710月2026 00:26:30.775] [Render thread/INFO] [net.neoforged.neoforge.client.entity.animation.json.AnimationLoader/]: Loaded 0 entity animations
[0710月2026 00:26:30.989] [Render thread/INFO] [NekoJS/]: 正在为 CLIENT 注册 16 个事件组... — registering event groups
[0710月2026 00:26:30.999] [Render thread/INFO] [NekoJS/]: [client] 正在重载 CLIENT 脚本... — reloading scripts (x2)
[0710月2026 00:26:31.011] [Render thread/INFO] [NekoJS/]: [client] 发现了 3 个 CLIENT 脚本 — scripts discovered
[0710月2026 00:26:31.037] [Render thread/ERROR] [NekoJS/]: [client] [NEKO-1003] 脚本执行失败: nekojs:client/src/combined-session.tsx
环境: CLIENT
位置: client_scripts/src/combined-session.tsx
原因: client_scripts/src/login-form.output
script-diagnostic id=nekojs:client/src/combined-session.tsx type=client phase=RESOLVE_LINK owner=Module Resolution/Cache generation=2 candidate=true source=client_scripts/src/combined-session.tsx module=./login-form.output cacheRevision=c815b1fde5b89e7e77dccbfb8f2ae0fbb3f7bf07d9ed56f45731815b05a22682 cause=IOException: Module file does not exist: client_scripts/src/login-form.output — script execution failed
[0710月2026 00:26:31.041] [Render thread/INFO] [com.tkisor.nekojs.client.posteffect.PostEffectManager/]: Installed client post-effect generation 1 (0 definition(s), 0 removed, 0 re-declared)
[0710月2026 00:26:31.043] [Render thread/INFO] [NekoJS/]: [client] Hello, World! (Loaded client example script)
[0710月2026 00:26:31.307] [Download-2/INFO] [com.mojang.realmsclient.client.RealmsClient/]: Could not authorize you against Realms server: javax.ws.rs.BadRequestException: Invalid session
[0710月2026 00:26:31.308] [Download-2/ERROR] [com.mojang.realmsclient.RealmsAvailability/]: Couldn't connect to realms
com.mojang.realmsclient.exception.RealmsServiceException: Realms authentication error with message 'javax.ws.rs.BadRequestException: Invalid session'
	at TRANSFORMER/minecraft@26.2/com.mojang.realmsclient.client.RealmsClient.execute(RealmsClient.java:517) ~[minecraft-client-patched-26.2.0.75.jar:?]
	at TRANSFORMER/minecraft@26.2/com.mojang.realmsclient.client.RealmsClient.clientCompatible(RealmsClient.java:284) ~[minecraft-client-patched-26.2.0.75.jar:?]
	at TRANSFORMER/minecraft@26.2/com.mojang.realmsclient.RealmsAvailability.lambda$check$0(RealmsAvailability.java:50) [minecraft-client-patched-26.2.0.75.jar:?]
	at java.base/java.util.concurrent.CompletableFuture$AsyncSupply.run(CompletableFuture.java:1789) [?:?]
	at java.base/java.util.concurrent.ThreadPoolExecutor.runWorker(ThreadPoolExecutor.java:1090) [?:?]
	at java.base/java.util.concurrent.ThreadPoolExecutor$Worker.run(ThreadPoolExecutor.java:614) [?:?]
	at java.base/java.lang.Thread.run(Thread.java:1474) [?:?]
[0710月2026 00:26:31.371] [NekoJS-Log-Flusher/INFO] [NekoJS/]: [client] CLIENT 脚本重载完毕 — script reload finished (x2)
[0710月2026 00:28:34.522] [Render thread/INFO] [net.minecraft.client.gui.components.ChatComponent/]: [System] [CHAT] [Debug]: Reloaded resource packs
[0710月2026 00:28:34.528] [Render thread/WARN] [net.neoforged.neoforge.resource.ResourcePackLoader/]: Error reading optional pack metadata for mod/mcpmod, attempting fallback type
com.google.gson.JsonParseException: Pack declares support for version newer than 64, but is missing mandatory fields min_format and max_format
	at com.mojang.serialization.DataResult$Error.getOrThrow(DataResult.java:287) ~[datafixerupper-10.0.21.jar:?]
	at TRANSFORMER/minecraft@26.2/net.minecraft.server.packs.resources.ResourceMetadata$2.getSection(ResourceMetadata.java:38) ~[minecraft-client-patched-26.2.0.75.jar:?]
	at TRANSFORMER/minecraft@26.2/net.minecraft.server.packs.AbstractPackResources.getMetadataSection(AbstractPackResources.java:24) ~[minecraft-client-patched-26.2.0.75.jar:?]
	at TRANSFORMER/neoforge@26.2.0.75/net.neoforged.neoforge.resource.ResourcePackLoader.readMeta(ResourcePackLoader.java:202) ~[neoforge-26.2.0.75-universal.jar:?]
	at TRANSFORMER/neoforge@26.2.0.75/net.neoforged.neoforge.resource.ResourcePackLoader.readWithOptionalMeta(ResourcePackLoader.java:193) ~[neoforge-26.2.0.75-universal.jar:?]
	at TRANSFORMER/neoforge@26.2.0.75/net.neoforged.neoforge.resource.ResourcePackLoader.packFinder(ResourcePackLoader.java:134) ~[neoforge-26.2.0.75-universal.jar:?]
	at TRANSFORMER/neoforge@26.2.0.75/net.neoforged.neoforge.resource.ResourcePackLoader.lambda$buildPackFinder$0(ResourcePackLoader.java:97) ~[neoforge-26.2.0.75-universal.jar:?]
	at TRANSFORMER/minecraft@26.2/net.minecraft.server.packs.repository.PackRepository.discoverAvailable(PackRepository.java:45) ~[minecraft-client-patched-26.2.0.75.jar:?]
	at TRANSFORMER/minecraft@26.2/net.minecraft.server.packs.repository.PackRepository.reload(PackRepository.java:35) ~[minecraft-client-patched-26.2.0.75.jar:?]
	at TRANSFORMER/minecraft@26.2/net.minecraft.client.Minecraft.reloadResourcePacks(Minecraft.java:1046) [minecraft-client-patched-26.2.0.75.jar:?]
	at TRANSFORMER/minecraft@26.2/net.minecraft.client.Minecraft.reloadResourcePacks(Minecraft.java:1032) [minecraft-client-patched-26.2.0.75.jar:?]
	at TRANSFORMER/minecraft@26.2/net.minecraft.client.KeyboardHandler.handleDebugKeys(KeyboardHandler.java:282) [minecraft-client-patched-26.2.0.75.jar:?]
	at TRANSFORMER/minecraft@26.2/net.minecraft.client.KeyboardHandler.keyPress(KeyboardHandler.java:541) [minecraft-client-patched-26.2.0.75.jar:?]
	at TRANSFORMER/minecraft@26.2/net.minecraft.client.KeyboardHandler.lambda$setup$1(KeyboardHandler.java:630) [minecraft-client-patched-26.2.0.75.jar:?]
	at TRANSFORMER/minecraft@26.2/net.minecraft.util.thread.BlockableEventLoop.doRunTask(BlockableEventLoop.java:165) [minecraft-client-patched-26.2.0.75.jar:?]
	at TRANSFORMER/minecraft@26.2/net.minecraft.util.thread.ReentrantBlockableEventLoop.doRunTask(ReentrantBlockableEventLoop.java:24) [minecraft-client-patched-26.2.0.75.jar:?]
	at TRANSFORMER/minecraft@26.2/net.minecraft.util.thread.BlockableEventLoop.execute(BlockableEventLoop.java:108) [minecraft-client-patched-26.2.0.75.jar:?]
	at TRANSFORMER/minecraft@26.2/net.minecraft.client.KeyboardHandler.lambda$setup$0(KeyboardHandler.java:630) [minecraft-client-patched-26.2.0.75.jar:?]
	at org.lwjgl.glfw.GLFWKeyCallbackI.callback(GLFWKeyCallbackI.java:34) [lwjgl-glfw-3.4.1.jar:build 2]
	at org.lwjgl.system.JNI.invokeV(Native Method) [lwjgl-3.4.1-unsafe.jar:build 2]
	at org.lwjgl.glfw.GLFW.glfwPollEvents(GLFW.java:1600) [lwjgl-glfw-3.4.1.jar:build 2]
	at TRANSFORMER/minecraft@26.2/com.mojang.blaze3d.systems.RenderSystem.pollEvents(RenderSystem.java:105) [minecraft-client-patched-26.2.0.75.jar:?]
	at TRANSFORMER/minecraft@26.2/net.minecraft.client.Minecraft.run(Minecraft.java:927) [minecraft-client-patched-26.2.0.75.jar:?]
	at TRANSFORMER/minecraft@26.2/net.minecraft.client.main.Main.main(Main.java:294) [minecraft-client-patched-26.2.0.75.jar:?]
	at net.neoforged.fml.startup.Client.main(Client.java:19) [loader-11.0.16.jar:11.0]
[0710月2026 00:28:34.529] [Render thread/INFO] [net.minecraft.server.packs.resources.ReloadableResourceManager/]: Reloading ResourceManager: vanilla, mod_resources, mod/nekojs, mod/graalmc, mod/neoforge, mod/mcpmod, nekojs
[0710月2026 00:28:34.543] [Worker-Main-36/INFO] [net.minecraft.client.gui.font.providers.UnihexProvider/]: Found unifont_pua-17.0.01.hex, loading
[0710月2026 00:28:34.543] [Worker-Main-37/INFO] [net.minecraft.client.gui.font.providers.UnihexProvider/]: Found unifont_all_no_pua-17.0.01.hex, loading
[0710月2026 00:28:34.618] [Worker-Main-26/INFO] [net.minecraft.client.gui.font.providers.UnihexProvider/]: Found unifont_jp_patch-17.0.01.hex, loading
[0710月2026 00:28:35.038] [Render thread/WARN] [com.mojang.blaze3d.opengl.GlProgram/]: neoforge:pipeline/item_translucent_unlit shader program does not use sampler Sampler2 defined in the pipeline. This might be a bug.
[0710月2026 00:28:35.044] [Render thread/WARN] [com.mojang.blaze3d.opengl.GlProgram/]: neoforge:pipeline/item_cutout_unlit shader program does not use sampler Sampler2 defined in the pipeline. This might be a bug.
[0710月2026 00:28:35.070] [Render thread/INFO] [com.mojang.blaze3d.audio.Library/]: OpenAL initialized on device OpenAL Soft on 扬声器 (Razer Barracuda X)
[0710月2026 00:28:35.070] [Render thread/INFO] [net.minecraft.client.sounds.SoundEngine/SOUNDS]: Sound engine started
[0710月2026 00:28:35.070] [Render thread/INFO] [net.minecraft.client.renderer.texture.TextureAtlas/]: Created: 512x256x0 minecraft:textures/atlas/particles.png-atlas
[0710月2026 00:28:35.081] [Render thread/INFO] [net.minecraft.client.renderer.texture.TextureAtlas/]: Created: 128x128x0 minecraft:textures/atlas/decorated_pot.png-atlas
[0710月2026 00:28:35.083] [Render thread/INFO] [net.minecraft.client.renderer.texture.TextureAtlas/]: Created: 2048x1024x0 minecraft:textures/atlas/armor_trims.png-atlas
[0710月2026 00:28:35.111] [Render thread/INFO] [net.minecraft.client.renderer.texture.TextureAtlas/]: Created: 512x256x0 minecraft:textures/atlas/paintings.png-atlas
[0710月2026 00:28:35.141] [Render thread/INFO] [net.minecraft.client.renderer.texture.TextureAtlas/]: Created: 1024x512x0 minecraft:textures/atlas/shield_patterns.png-atlas
[0710月2026 00:28:35.143] [Render thread/INFO] [net.minecraft.client.renderer.texture.TextureAtlas/]: Created: 2048x2048x4 minecraft:textures/atlas/blocks.png-atlas
[0710月2026 00:28:35.221] [Render thread/INFO] [net.minecraft.client.renderer.texture.TextureAtlas/]: Created: 512x512x0 minecraft:textures/atlas/chest.png-atlas
[0710月2026 00:28:35.257] [Render thread/INFO] [net.minecraft.client.renderer.texture.TextureAtlas/]: Created: 256x128x0 minecraft:textures/atlas/celestials.png-atlas
[0710月2026 00:28:35.259] [Render thread/INFO] [net.minecraft.client.renderer.texture.TextureAtlas/]: Created: 1024x512x0 minecraft:textures/atlas/banner_patterns.png-atlas
[0710月2026 00:28:35.261] [Render thread/INFO] [net.minecraft.client.renderer.texture.TextureAtlas/]: Created: 1024x512x0 minecraft:textures/atlas/items.png-atlas
[0710月2026 00:28:35.280] [Render thread/INFO] [net.minecraft.client.renderer.texture.TextureAtlas/]: Created: 1024x1024x0 minecraft:textures/atlas/gui.png-atlas
[0710月2026 00:28:35.306] [Render thread/INFO] [net.minecraft.client.renderer.texture.TextureAtlas/]: Created: 128x64x0 minecraft:textures/atlas/map_decorations.png-atlas
[0710月2026 00:28:35.327] [Render thread/INFO] [net.minecraft.client.renderer.texture.TextureAtlas/]: Created: 512x512x0 minecraft:textures/atlas/shulker_boxes.png-atlas
[0710月2026 00:28:35.399] [Render thread/INFO] [net.neoforged.neoforge.client.entity.animation.json.AnimationLoader/]: Loaded 0 entity animations
[0710月2026 00:28:35.508] [Render thread/INFO] [NekoJS/]: 正在为 CLIENT 注册 16 个事件组... — registering event groups
[0710月2026 00:28:35.517] [Render thread/INFO] [NekoJS/]: [client] 正在重载 CLIENT 脚本... — reloading scripts (x2)
[0710月2026 00:28:35.574] [Render thread/INFO] [NekoJS/]: [client] 发现了 3 个 CLIENT 脚本 — scripts discovered
[0710月2026 00:28:35.576] [Render thread/INFO] [com.tkisor.nekojs.client.posteffect.PostEffectManager/]: Installed client post-effect generation 2 (0 definition(s), 0 removed, 0 re-declared)
[0710月2026 00:28:35.577] [Render thread/INFO] [NekoJS/]: [client] Hello, World! (Loaded client example script)
[0710月2026 00:28:36.371] [NekoJS-Log-Flusher/INFO] [NekoJS/]: [client] CLIENT 脚本重载完毕 — script reload finished (x2)
[0710月2026 00:28:41.322] [Render thread/INFO] [NekoJS/]: [client] [ticket48-auto] {"stage":"open","ticks":120,"elapsedMs":5732,"statistics":{"initialBuild":1,"layout":2,"reconcile":0,"resize":1,"paint":0,"diagnostics":0,"cleanup":0},"disposed":false,"username":"","passwordLength":0,"error":"","submitting":false,"lastSubmitted":"","profile":2,"usernameRect":{"x":12,"y":57,"width":27,"height":12},"passwordRect":{"x":12,"y":76,"width":18,"height":12},"submitRect":{"x":12,"y":84,"width":18,"height":9}}
[0710月2026 00:28:41.346] [Render thread/INFO] [NekoJS/]: [client] [ticket48-auto] {"stage":"profile-1-result-true","ticks":120,"elapsedMs":5769,"statistics":{"initialBuild":1,"layout":3,"reconcile":0,"resize":1,"paint":0,"diagnostics":0,"cleanup":0},"disposed":false,"username":"","passwordLength":0,"error":"","submitting":false,"lastSubmitted":"","profile":1,"usernameRect":{"x":12,"y":57,"width":27,"height":12},"passwordRect":{"x":12,"y":76,"width":18,"height":12},"submitRect":{"x":12,"y":84,"width":18,"height":9}}
[0710月2026 00:28:41.370] [Render thread/INFO] [NekoJS/]: [client] [ticket48-auto] {"stage":"profile-2-result-true","ticks":120,"elapsedMs":5792,"statistics":{"initialBuild":1,"layout":4,"reconcile":0,"resize":1,"paint":0,"diagnostics":0,"cleanup":0},"disposed":false,"username":"","passwordLength":0,"error":"","submitting":false,"lastSubmitted":"","profile":2,"usernameRect":{"x":12,"y":57,"width":27,"height":12},"passwordRect":{"x":12,"y":76,"width":18,"height":12},"submitRect":{"x":12,"y":84,"width":18,"height":9}}
[0710月2026 00:28:41.371] [NekoJS-Log-Flusher/INFO] [NekoJS/]: [client] [ticket48-auto] {"stage":"profile-3-result-true","ticks":120,"elapsedMs":5817,"statistics":{"initialBuild":1,"layout":5,"reconcile":0,"resize":1,"paint":0,"diagnostics":0,"cleanup":0},"disposed":false,"username":"","passwordLength":0,"error":"","submitting":false,"lastSubmitted":"","profile":3,"usernameRect":{"x":12,"y":57,"width":27,"height":12},"passwordRect":{"x":12,"y":76,"width":18,"height":12},"submitRect":{"x":12,"y":84,"width":18,"height":9}}
[0710月2026 00:28:41.408] [Render thread/INFO] [NekoJS/]: [client] [ticket48-auto] {"stage":"profile-4-result-true","ticks":120,"elapsedMs":5834,"statistics":{"initialBuild":1,"layout":6,"reconcile":0,"resize":1,"paint":0,"diagnostics":0,"cleanup":0},"disposed":false,"username":"","passwordLength":0,"error":"","submitting":false,"lastSubmitted":"","profile":4,"usernameRect":{"x":12,"y":57,"width":27,"height":12},"passwordRect":{"x":12,"y":76,"width":18,"height":12},"submitRect":{"x":12,"y":84,"width":18,"height":9}}
[0710月2026 00:28:41.430] [Render thread/INFO] [NekoJS/]: [client] [ticket48-auto] {"stage":"profile-5-result-true","ticks":120,"elapsedMs":5856,"statistics":{"initialBuild":1,"layout":7,"reconcile":0,"resize":1,"paint":0,"diagnostics":0,"cleanup":0},"disposed":false,"username":"","passwordLength":0,"error":"","submitting":false,"lastSubmitted":"","profile":5,"usernameRect":{"x":12,"y":57,"width":27,"height":12},"passwordRect":{"x":12,"y":76,"width":18,"height":12},"submitRect":{"x":12,"y":84,"width":18,"height":9}}
[0710月2026 00:28:41.446] [Render thread/INFO] [NekoJS/]: [client] [ticket48-auto] {"stage":"profile-6-result-true","ticks":120,"elapsedMs":5876,"statistics":{"initialBuild":1,"layout":8,"reconcile":0,"resize":1,"paint":0,"diagnostics":0,"cleanup":0},"disposed":false,"username":"","passwordLength":0,"error":"","submitting":false,"lastSubmitted":"","profile":6,"usernameRect":{"x":12,"y":59,"width":27,"height":12},"passwordRect":{"x":12,"y":78,"width":18,"height":12},"submitRect":{"x":12,"y":86,"width":18,"height":9}}
[0710月2026 00:28:42.371] [NekoJS-Log-Flusher/INFO] [NekoJS/]: [client] [ticket48-auto] {"stage":"physical-window-restored","ticks":120,"elapsedMs":5894,"statistics":{"initialBuild":1,"layout":9,"reconcile":0,"resize":1,"paint":0,"diagnostics":0,"cleanup":0},"disposed":false,"username":"","passwordLength":0,"error":"","submitting":false,"lastSubmitted":"","profile":2,"usernameRect":{"x":12,"y":57,"width":27,"height":12},"passwordRect":{"x":12,"y":76,"width":18,"height":12},"submitRect":{"x":12,"y":84,"width":18,"height":9}}
[0710月2026 00:28:45.371] [NekoJS-Log-Flusher/INFO] [NekoJS/]: [client] [ticket48-auto] {"stage":"sample","ticks":200,"elapsedMs":9464,"statistics":{"initialBuild":1,"layout":9,"reconcile":0,"resize":1,"paint":213,"diagnostics":0,"cleanup":0},"disposed":false,"username":"","passwordLength":0,"error":"","submitting":false,"lastSubmitted":"","profile":2,"usernameRect":{"x":12,"y":57,"width":27,"height":12},"passwordRect":{"x":12,"y":76,"width":18,"height":12},"submitRect":{"x":12,"y":84,"width":18,"height":9}}
[0710月2026 00:28:50.371] [NekoJS-Log-Flusher/INFO] [NekoJS/]: [client] [ticket48-auto] {"stage":"sample","ticks":300,"elapsedMs":14470,"statistics":{"initialBuild":1,"layout":9,"reconcile":0,"resize":1,"paint":512,"diagnostics":0,"cleanup":0},"disposed":false,"username":"","passwordLength":0,"error":"","submitting":false,"lastSubmitted":"","profile":2,"usernameRect":{"x":12,"y":57,"width":27,"height":12},"passwordRect":{"x":12,"y":76,"width":18,"height":12},"submitRect":{"x":12,"y":84,"width":18,"height":9}}
[0710月2026 00:28:55.371] [NekoJS-Log-Flusher/INFO] [NekoJS/]: [client] [ticket48-auto] {"stage":"sample","ticks":400,"elapsedMs":19461,"statistics":{"initialBuild":1,"layout":9,"reconcile":0,"resize":1,"paint":810,"diagnostics":0,"cleanup":0},"disposed":false,"username":"","passwordLength":0,"error":"","submitting":false,"lastSubmitted":"","profile":2,"usernameRect":{"x":12,"y":57,"width":27,"height":12},"passwordRect":{"x":12,"y":76,"width":18,"height":12},"submitRect":{"x":12,"y":84,"width":18,"height":9}}
[0710月2026 00:29:00.371] [NekoJS-Log-Flusher/INFO] [NekoJS/]: [client] [ticket48-auto] {"stage":"sample","ticks":500,"elapsedMs":24473,"statistics":{"initialBuild":1,"layout":9,"reconcile":0,"resize":1,"paint":1105,"diagnostics":0,"cleanup":0},"disposed":false,"username":"","passwordLength":0,"error":"","submitting":false,"lastSubmitted":"","profile":2,"usernameRect":{"x":12,"y":57,"width":27,"height":12},"passwordRect":{"x":12,"y":76,"width":18,"height":12},"submitRect":{"x":12,"y":84,"width":18,"height":9}}
[0710月2026 00:29:05.371] [NekoJS-Log-Flusher/INFO] [NekoJS/]: [client] [ticket48-auto] {"stage":"sample","ticks":600,"elapsedMs":29462,"statistics":{"initialBuild":1,"layout":9,"reconcile":0,"resize":1,"paint":1403,"diagnostics":0,"cleanup":0},"disposed":false,"username":"","passwordLength":0,"error":"","submitting":false,"lastSubmitted":"","profile":2,"usernameRect":{"x":12,"y":57,"width":27,"height":12},"passwordRect":{"x":12,"y":76,"width":18,"height":12},"submitRect":{"x":12,"y":84,"width":18,"height":9}}
[0710月2026 00:29:10.371] [NekoJS-Log-Flusher/INFO] [NekoJS/]: [client] [ticket48-auto] {"stage":"sample","ticks":700,"elapsedMs":34460,"statistics":{"initialBuild":1,"layout":9,"reconcile":0,"resize":1,"paint":1701,"diagnostics":0,"cleanup":0},"disposed":false,"username":"","passwordLength":0,"error":"","submitting":false,"lastSubmitted":"","profile":2,"usernameRect":{"x":12,"y":57,"width":27,"height":12},"passwordRect":{"x":12,"y":76,"width":18,"height":12},"submitRect":{"x":12,"y":84,"width":18,"height":9}}
[0710月2026 00:29:15.371] [NekoJS-Log-Flusher/INFO] [NekoJS/]: [client] [ticket48-auto] {"stage":"sample","ticks":800,"elapsedMs":39469,"statistics":{"initialBuild":1,"layout":9,"reconcile":0,"resize":1,"paint":2000,"diagnostics":0,"cleanup":0},"disposed":false,"username":"","passwordLength":0,"error":"","submitting":false,"lastSubmitted":"","profile":2,"usernameRect":{"x":12,"y":57,"width":27,"height":12},"passwordRect":{"x":12,"y":76,"width":18,"height":12},"submitRect":{"x":12,"y":84,"width":18,"height":9}}
[0710月2026 00:29:20.371] [NekoJS-Log-Flusher/INFO] [NekoJS/]: [client] [ticket48-auto] {"stage":"sample","ticks":900,"elapsedMs":44463,"statistics":{"initialBuild":1,"layout":9,"reconcile":0,"resize":1,"paint":2298,"diagnostics":0,"cleanup":0},"disposed":false,"username":"","passwordLength":0,"error":"","submitting":false,"lastSubmitted":"","profile":2,"usernameRect":{"x":12,"y":57,"width":27,"height":12},"passwordRect":{"x":12,"y":76,"width":18,"height":12},"submitRect":{"x":12,"y":84,"width":18,"height":9}}
[0710月2026 00:29:25.371] [NekoJS-Log-Flusher/INFO] [NekoJS/]: [client] [ticket48-auto] {"stage":"sample","ticks":1000,"elapsedMs":49469,"statistics":{"initialBuild":1,"layout":26,"reconcile":17,"resize":1,"paint":2595,"diagnostics":0,"cleanup":0},"disposed":false,"username":"NekoTester","passwordLength":7,"error":"","submitting":false,"lastSubmitted":"","profile":2,"usernameRect":{"x":12,"y":57,"width":27,"height":12},"passwordRect":{"x":12,"y":76,"width":18,"height":12},"submitRect":{"x":12,"y":84,"width":18,"height":9}}
[0710月2026 00:29:30.371] [NekoJS-Log-Flusher/INFO] [NekoJS/]: [client] [ticket48-auto] {"stage":"sample","ticks":1100,"elapsedMs":54464,"statistics":{"initialBuild":1,"layout":26,"reconcile":17,"resize":1,"paint":2893,"diagnostics":0,"cleanup":0},"disposed":false,"username":"NekoTester","passwordLength":7,"error":"","submitting":false,"lastSubmitted":"","profile":2,"usernameRect":{"x":12,"y":57,"width":27,"height":12},"passwordRect":{"x":12,"y":76,"width":18,"height":12},"submitRect":{"x":12,"y":84,"width":18,"height":9}}
[0710月2026 00:29:35.370] [NekoJS-Log-Flusher/INFO] [NekoJS/]: [client] [ticket48-auto] {"stage":"sample","ticks":1200,"elapsedMs":59458,"statistics":{"initialBuild":1,"layout":26,"reconcile":17,"resize":1,"paint":3191,"diagnostics":0,"cleanup":0},"disposed":false,"username":"NekoTester","passwordLength":7,"error":"","submitting":false,"lastSubmitted":"","profile":2,"usernameRect":{"x":12,"y":57,"width":27,"height":12},"passwordRect":{"x":12,"y":76,"width":18,"height":12},"submitRect":{"x":12,"y":84,"width":18,"height":9}}
[0710月2026 00:29:40.371] [NekoJS-Log-Flusher/INFO] [NekoJS/]: [client] [ticket48-auto] {"stage":"sample","ticks":1300,"elapsedMs":64467,"statistics":{"initialBuild":1,"layout":26,"reconcile":17,"resize":1,"paint":3490,"diagnostics":0,"cleanup":0},"disposed":false,"username":"NekoTester","passwordLength":7,"error":"","submitting":false,"lastSubmitted":"","profile":2,"usernameRect":{"x":12,"y":57,"width":27,"height":12},"passwordRect":{"x":12,"y":76,"width":18,"height":12},"submitRect":{"x":12,"y":84,"width":18,"height":9}}
[0710月2026 00:29:45.371] [NekoJS-Log-Flusher/INFO] [NekoJS/]: [client] [ticket48-auto] {"stage":"sample","ticks":1400,"elapsedMs":69474,"statistics":{"initialBuild":1,"layout":26,"reconcile":17,"resize":1,"paint":3789,"diagnostics":0,"cleanup":0},"disposed":false,"username":"NekoTester","passwordLength":7,"error":"","submitting":false,"lastSubmitted":"","profile":2,"usernameRect":{"x":12,"y":57,"width":27,"height":12},"passwordRect":{"x":12,"y":76,"width":18,"height":12},"submitRect":{"x":12,"y":84,"width":18,"height":9}}
[0710月2026 00:29:50.371] [NekoJS-Log-Flusher/INFO] [NekoJS/]: [client] [ticket48-auto] {"stage":"sample","ticks":1500,"elapsedMs":74465,"statistics":{"initialBuild":1,"layout":26,"reconcile":17,"resize":1,"paint":4087,"diagnostics":0,"cleanup":0},"disposed":false,"username":"NekoTester","passwordLength":7,"error":"","submitting":false,"lastSubmitted":"","profile":2,"usernameRect":{"x":12,"y":57,"width":27,"height":12},"passwordRect":{"x":12,"y":76,"width":18,"height":12},"submitRect":{"x":12,"y":84,"width":18,"height":9}}
[0710月2026 00:29:55.371] [NekoJS-Log-Flusher/INFO] [NekoJS/]: [client] [ticket48-auto] {"stage":"sample","ticks":1600,"elapsedMs":79469,"statistics":{"initialBuild":1,"layout":26,"reconcile":17,"resize":1,"paint":4386,"diagnostics":0,"cleanup":0},"disposed":false,"username":"NekoTester","passwordLength":7,"error":"","submitting":false,"lastSubmitted":"","profile":2,"usernameRect":{"x":12,"y":57,"width":27,"height":12},"passwordRect":{"x":12,"y":76,"width":18,"height":12},"submitRect":{"x":12,"y":84,"width":18,"height":9}}
[0710月2026 00:30:00.371] [NekoJS-Log-Flusher/INFO] [NekoJS/]: [client] [ticket48-auto] {"stage":"sample","ticks":1700,"elapsedMs":84461,"statistics":{"initialBuild":1,"layout":26,"reconcile":17,"resize":1,"paint":4684,"diagnostics":0,"cleanup":0},"disposed":false,"username":"NekoTester","passwordLength":7,"error":"","submitting":false,"lastSubmitted":"","profile":2,"usernameRect":{"x":12,"y":57,"width":27,"height":12},"passwordRect":{"x":12,"y":76,"width":18,"height":12},"submitRect":{"x":12,"y":84,"width":18,"height":9}}
[0710月2026 00:30:05.371] [NekoJS-Log-Flusher/INFO] [NekoJS/]: [client] [ticket48-auto] {"stage":"sample","ticks":1800,"elapsedMs":89466,"statistics":{"initialBuild":1,"layout":26,"reconcile":17,"resize":1,"paint":4983,"diagnostics":0,"cleanup":0},"disposed":false,"username":"NekoTester","passwordLength":7,"error":"","submitting":false,"lastSubmitted":"","profile":2,"usernameRect":{"x":12,"y":57,"width":27,"height":12},"passwordRect":{"x":12,"y":76,"width":18,"height":12},"submitRect":{"x":12,"y":84,"width":18,"height":9}}
[0710月2026 00:30:10.371] [NekoJS-Log-Flusher/INFO] [NekoJS/]: [client] [ticket48-auto] {"stage":"sample","ticks":1900,"elapsedMs":94458,"statistics":{"initialBuild":1,"layout":27,"reconcile":18,"resize":1,"paint":5281,"diagnostics":0,"cleanup":0},"disposed":false,"username":"NekoTester","passwordLength":7,"error":"","submitting":true,"lastSubmitted":"NekoTester","profile":2,"usernameRect":{"x":12,"y":57,"width":27,"height":12},"passwordRect":{"x":12,"y":76,"width":18,"height":12},"submitRect":{"x":12,"y":84,"width":26.5,"height":9}}
[0710月2026 00:30:15.371] [NekoJS-Log-Flusher/INFO] [NekoJS/]: [client] [ticket48-auto] {"stage":"sample","ticks":2000,"elapsedMs":99466,"statistics":{"initialBuild":1,"layout":27,"reconcile":18,"resize":1,"paint":5580,"diagnostics":0,"cleanup":0},"disposed":false,"username":"NekoTester","passwordLength":7,"error":"","submitting":true,"lastSubmitted":"NekoTester","profile":2,"usernameRect":{"x":12,"y":57,"width":27,"height":12},"passwordRect":{"x":12,"y":76,"width":18,"height":12},"submitRect":{"x":12,"y":84,"width":26.5,"height":9}}
[0710月2026 00:30:20.371] [NekoJS-Log-Flusher/INFO] [NekoJS/]: [client] [ticket48-auto] {"stage":"sample","ticks":2100,"elapsedMs":104458,"statistics":{"initialBuild":1,"layout":27,"reconcile":18,"resize":1,"paint":5878,"diagnostics":0,"cleanup":0},"disposed":false,"username":"NekoTester","passwordLength":7,"error":"","submitting":true,"lastSubmitted":"NekoTester","profile":2,"usernameRect":{"x":12,"y":57,"width":27,"height":12},"passwordRect":{"x":12,"y":76,"width":18,"height":12},"submitRect":{"x":12,"y":84,"width":26.5,"height":9}}
[0710月2026 00:30:25.371] [NekoJS-Log-Flusher/INFO] [NekoJS/]: [client] [ticket48-auto] {"stage":"sample","ticks":2200,"elapsedMs":109467,"statistics":{"initialBuild":1,"layout":27,"reconcile":18,"resize":1,"paint":6177,"diagnostics":0,"cleanup":0},"disposed":false,"username":"NekoTester","passwordLength":7,"error":"","submitting":true,"lastSubmitted":"NekoTester","profile":2,"usernameRect":{"x":12,"y":57,"width":27,"height":12},"passwordRect":{"x":12,"y":76,"width":18,"height":12},"submitRect":{"x":12,"y":84,"width":26.5,"height":9}}
[0710月2026 00:30:30.371] [NekoJS-Log-Flusher/INFO] [NekoJS/]: [client] [ticket48-auto] {"stage":"sample","ticks":2300,"elapsedMs":114458,"statistics":{"initialBuild":1,"layout":27,"reconcile":18,"resize":1,"paint":6475,"diagnostics":0,"cleanup":0},"disposed":false,"username":"NekoTester","passwordLength":7,"error":"","submitting":true,"lastSubmitted":"NekoTester","profile":2,"usernameRect":{"x":12,"y":57,"width":27,"height":12},"passwordRect":{"x":12,"y":76,"width":18,"height":12},"submitRect":{"x":12,"y":84,"width":26.5,"height":9}}
[0710月2026 00:30:35.371] [NekoJS-Log-Flusher/INFO] [NekoJS/]: [client] [ticket48-auto] {"stage":"sample","ticks":2400,"elapsedMs":119466,"statistics":{"initialBuild":1,"layout":27,"reconcile":18,"resize":1,"paint":6774,"diagnostics":0,"cleanup":0},"disposed":false,"username":"NekoTester","passwordLength":7,"error":"","submitting":true,"lastSubmitted":"NekoTester","profile":2,"usernameRect":{"x":12,"y":57,"width":27,"height":12},"passwordRect":{"x":12,"y":76,"width":18,"height":12},"submitRect":{"x":12,"y":84,"width":26.5,"height":9}}
[0710月2026 00:30:40.371] [NekoJS-Log-Flusher/INFO] [NekoJS/]: [client] [ticket48-auto] {"stage":"sample","ticks":2500,"elapsedMs":124472,"statistics":{"initialBuild":1,"layout":27,"reconcile":18,"resize":1,"paint":7073,"diagnostics":0,"cleanup":0},"disposed":false,"username":"NekoTester","passwordLength":7,"error":"","submitting":true,"lastSubmitted":"NekoTester","profile":2,"usernameRect":{"x":12,"y":57,"width":27,"height":12},"passwordRect":{"x":12,"y":76,"width":18,"height":12},"submitRect":{"x":12,"y":84,"width":26.5,"height":9}}
[0710月2026 00:30:45.371] [NekoJS-Log-Flusher/INFO] [NekoJS/]: [client] [ticket48-auto] {"stage":"sample","ticks":2600,"elapsedMs":129462,"statistics":{"initialBuild":1,"layout":27,"reconcile":18,"resize":1,"paint":7371,"diagnostics":0,"cleanup":0},"disposed":false,"username":"NekoTester","passwordLength":7,"error":"","submitting":true,"lastSubmitted":"NekoTester","profile":2,"usernameRect":{"x":12,"y":57,"width":27,"height":12},"passwordRect":{"x":12,"y":76,"width":18,"height":12},"submitRect":{"x":12,"y":84,"width":26.5,"height":9}}
[0710月2026 00:30:50.372] [NekoJS-Log-Flusher/INFO] [NekoJS/]: [client] [ticket48-auto] {"stage":"sample","ticks":2700,"elapsedMs":134469,"statistics":{"initialBuild":1,"layout":27,"reconcile":18,"resize":1,"paint":7670,"diagnostics":0,"cleanup":0},"disposed":false,"username":"NekoTester","passwordLength":7,"error":"","submitting":true,"lastSubmitted":"NekoTester","profile":2,"usernameRect":{"x":12,"y":57,"width":27,"height":12},"passwordRect":{"x":12,"y":76,"width":18,"height":12},"submitRect":{"x":12,"y":84,"width":26.5,"height":9}}
[0710月2026 00:30:55.371] [NekoJS-Log-Flusher/INFO] [NekoJS/]: [client] [ticket48-auto] {"stage":"sample","ticks":2800,"elapsedMs":139462,"statistics":{"initialBuild":1,"layout":27,"reconcile":18,"resize":1,"paint":7968,"diagnostics":0,"cleanup":0},"disposed":false,"username":"NekoTester","passwordLength":7,"error":"","submitting":true,"lastSubmitted":"NekoTester","profile":2,"usernameRect":{"x":12,"y":57,"width":27,"height":12},"passwordRect":{"x":12,"y":76,"width":18,"height":12},"submitRect":{"x":12,"y":84,"width":26.5,"height":9}}
[0710月2026 00:31:00.372] [NekoJS-Log-Flusher/INFO] [NekoJS/]: [client] [ticket48-auto] {"stage":"sample","ticks":2900,"elapsedMs":144469,"statistics":{"initialBuild":1,"layout":27,"reconcile":18,"resize":1,"paint":8267,"diagnostics":0,"cleanup":0},"disposed":false,"username":"NekoTester","passwordLength":7,"error":"","submitting":true,"lastSubmitted":"NekoTester","profile":2,"usernameRect":{"x":12,"y":57,"width":27,"height":12},"passwordRect":{"x":12,"y":76,"width":18,"height":12},"submitRect":{"x":12,"y":84,"width":26.5,"height":9}}
[0710月2026 00:31:02.371] [NekoJS-Log-Flusher/INFO] [NekoJS/]: [client] [ticket48-auto] {"stage":"closed","ticks":2935,"elapsedMs":146215,"statistics":{"initialBuild":1,"layout":27,"reconcile":18,"resize":1,"paint":8370,"diagnostics":0,"cleanup":1},"disposed":true,"username":"NekoTester","passwordLength":7,"error":"","submitting":true,"lastSubmitted":"NekoTester","profile":null,"usernameRect":null,"passwordRect":null,"submitRect":null}
[0710月2026 00:34:42.966] [Render thread/INFO] [net.minecraft.client.gui.components.ChatComponent/]: [System] [CHAT] [Debug]: Reloaded resource packs
[0710月2026 00:34:42.970] [Render thread/WARN] [net.neoforged.neoforge.resource.ResourcePackLoader/]: Error reading optional pack metadata for mod/mcpmod, attempting fallback type
com.google.gson.JsonParseException: Pack declares support for version newer than 64, but is missing mandatory fields min_format and max_format
	at com.mojang.serialization.DataResult$Error.getOrThrow(DataResult.java:287) ~[datafixerupper-10.0.21.jar:?]
	at TRANSFORMER/minecraft@26.2/net.minecraft.server.packs.resources.ResourceMetadata$2.getSection(ResourceMetadata.java:38) ~[minecraft-client-patched-26.2.0.75.jar:?]
	at TRANSFORMER/minecraft@26.2/net.minecraft.server.packs.AbstractPackResources.getMetadataSection(AbstractPackResources.java:24) ~[minecraft-client-patched-26.2.0.75.jar:?]
	at TRANSFORMER/neoforge@26.2.0.75/net.neoforged.neoforge.resource.ResourcePackLoader.readMeta(ResourcePackLoader.java:202) ~[neoforge-26.2.0.75-universal.jar:?]
	at TRANSFORMER/neoforge@26.2.0.75/net.neoforged.neoforge.resource.ResourcePackLoader.readWithOptionalMeta(ResourcePackLoader.java:193) ~[neoforge-26.2.0.75-universal.jar:?]
	at TRANSFORMER/neoforge@26.2.0.75/net.neoforged.neoforge.resource.ResourcePackLoader.packFinder(ResourcePackLoader.java:134) ~[neoforge-26.2.0.75-universal.jar:?]
	at TRANSFORMER/neoforge@26.2.0.75/net.neoforged.neoforge.resource.ResourcePackLoader.lambda$buildPackFinder$0(ResourcePackLoader.java:97) ~[neoforge-26.2.0.75-universal.jar:?]
	at TRANSFORMER/minecraft@26.2/net.minecraft.server.packs.repository.PackRepository.discoverAvailable(PackRepository.java:45) ~[minecraft-client-patched-26.2.0.75.jar:?]
	at TRANSFORMER/minecraft@26.2/net.minecraft.server.packs.repository.PackRepository.reload(PackRepository.java:35) ~[minecraft-client-patched-26.2.0.75.jar:?]
	at TRANSFORMER/minecraft@26.2/net.minecraft.client.Minecraft.reloadResourcePacks(Minecraft.java:1046) [minecraft-client-patched-26.2.0.75.jar:?]
	at TRANSFORMER/minecraft@26.2/net.minecraft.client.Minecraft.reloadResourcePacks(Minecraft.java:1032) [minecraft-client-patched-26.2.0.75.jar:?]
	at TRANSFORMER/minecraft@26.2/net.minecraft.client.KeyboardHandler.handleDebugKeys(KeyboardHandler.java:282) [minecraft-client-patched-26.2.0.75.jar:?]
	at TRANSFORMER/minecraft@26.2/net.minecraft.client.KeyboardHandler.keyPress(KeyboardHandler.java:541) [minecraft-client-patched-26.2.0.75.jar:?]
	at TRANSFORMER/minecraft@26.2/net.minecraft.client.KeyboardHandler.lambda$setup$1(KeyboardHandler.java:630) [minecraft-client-patched-26.2.0.75.jar:?]
	at TRANSFORMER/minecraft@26.2/net.minecraft.util.thread.BlockableEventLoop.doRunTask(BlockableEventLoop.java:165) [minecraft-client-patched-26.2.0.75.jar:?]
	at TRANSFORMER/minecraft@26.2/net.minecraft.util.thread.ReentrantBlockableEventLoop.doRunTask(ReentrantBlockableEventLoop.java:24) [minecraft-client-patched-26.2.0.75.jar:?]
	at TRANSFORMER/minecraft@26.2/net.minecraft.util.thread.BlockableEventLoop.execute(BlockableEventLoop.java:108) [minecraft-client-patched-26.2.0.75.jar:?]
	at TRANSFORMER/minecraft@26.2/net.minecraft.client.KeyboardHandler.lambda$setup$0(KeyboardHandler.java:630) [minecraft-client-patched-26.2.0.75.jar:?]
	at org.lwjgl.glfw.GLFWKeyCallbackI.callback(GLFWKeyCallbackI.java:34) [lwjgl-glfw-3.4.1.jar:build 2]
	at org.lwjgl.system.JNI.invokeV(Native Method) [lwjgl-3.4.1-unsafe.jar:build 2]
	at org.lwjgl.glfw.GLFW.glfwPollEvents(GLFW.java:1600) [lwjgl-glfw-3.4.1.jar:build 2]
	at TRANSFORMER/minecraft@26.2/com.mojang.blaze3d.systems.RenderSystem.pollEvents(RenderSystem.java:105) [minecraft-client-patched-26.2.0.75.jar:?]
	at TRANSFORMER/minecraft@26.2/net.minecraft.client.Minecraft.run(Minecraft.java:927) [minecraft-client-patched-26.2.0.75.jar:?]
	at TRANSFORMER/minecraft@26.2/net.minecraft.client.main.Main.main(Main.java:294) [minecraft-client-patched-26.2.0.75.jar:?]
	at net.neoforged.fml.startup.Client.main(Client.java:19) [loader-11.0.16.jar:11.0]
[0710月2026 00:34:42.971] [Render thread/INFO] [net.minecraft.server.packs.resources.ReloadableResourceManager/]: Reloading ResourceManager: vanilla, mod_resources, mod/nekojs, mod/graalmc, mod/neoforge, mod/mcpmod, nekojs
[0710月2026 00:34:42.981] [Worker-Main-57/INFO] [net.minecraft.client.gui.font.providers.UnihexProvider/]: Found unifont_all_no_pua-17.0.01.hex, loading
[0710月2026 00:34:42.981] [Worker-Main-44/INFO] [net.minecraft.client.gui.font.providers.UnihexProvider/]: Found unifont_pua-17.0.01.hex, loading
[0710月2026 00:34:43.006] [Worker-Main-47/INFO] [net.minecraft.client.gui.font.providers.UnihexProvider/]: Found unifont_jp_patch-17.0.01.hex, loading
[0710月2026 00:34:43.336] [Render thread/WARN] [com.mojang.blaze3d.opengl.GlProgram/]: neoforge:pipeline/item_translucent_unlit shader program does not use sampler Sampler2 defined in the pipeline. This might be a bug.
[0710月2026 00:34:43.339] [Render thread/WARN] [com.mojang.blaze3d.opengl.GlProgram/]: neoforge:pipeline/item_cutout_unlit shader program does not use sampler Sampler2 defined in the pipeline. This might be a bug.
[0710月2026 00:34:43.364] [Render thread/INFO] [com.mojang.blaze3d.audio.Library/]: OpenAL initialized on device OpenAL Soft on 扬声器 (Razer Barracuda X)
[0710月2026 00:34:43.364] [Render thread/INFO] [net.minecraft.client.sounds.SoundEngine/SOUNDS]: Sound engine started
[0710月2026 00:34:43.364] [Render thread/INFO] [net.minecraft.client.renderer.texture.TextureAtlas/]: Created: 512x256x0 minecraft:textures/atlas/particles.png-atlas
[0710月2026 00:34:43.369] [Render thread/INFO] [net.minecraft.client.renderer.texture.TextureAtlas/]: Created: 128x128x0 minecraft:textures/atlas/decorated_pot.png-atlas
[0710月2026 00:34:43.371] [Render thread/INFO] [net.minecraft.client.renderer.texture.TextureAtlas/]: Created: 2048x1024x0 minecraft:textures/atlas/armor_trims.png-atlas
[0710月2026 00:34:43.391] [Render thread/INFO] [net.minecraft.client.renderer.texture.TextureAtlas/]: Created: 512x256x0 minecraft:textures/atlas/paintings.png-atlas
[0710月2026 00:34:43.420] [Render thread/INFO] [net.minecraft.client.renderer.texture.TextureAtlas/]: Created: 1024x512x0 minecraft:textures/atlas/shield_patterns.png-atlas
[0710月2026 00:34:43.422] [Render thread/INFO] [net.minecraft.client.renderer.texture.TextureAtlas/]: Created: 2048x2048x4 minecraft:textures/atlas/blocks.png-atlas
[0710月2026 00:34:43.492] [Render thread/INFO] [net.minecraft.client.renderer.texture.TextureAtlas/]: Created: 512x512x0 minecraft:textures/atlas/chest.png-atlas
[0710月2026 00:34:43.530] [Render thread/INFO] [net.minecraft.client.renderer.texture.TextureAtlas/]: Created: 256x128x0 minecraft:textures/atlas/celestials.png-atlas
[0710月2026 00:34:43.531] [Render thread/INFO] [net.minecraft.client.renderer.texture.TextureAtlas/]: Created: 1024x512x0 minecraft:textures/atlas/banner_patterns.png-atlas
[0710月2026 00:34:43.535] [Render thread/INFO] [net.minecraft.client.renderer.texture.TextureAtlas/]: Created: 1024x512x0 minecraft:textures/atlas/items.png-atlas
[0710月2026 00:34:43.548] [Render thread/INFO] [net.minecraft.client.renderer.texture.TextureAtlas/]: Created: 1024x1024x0 minecraft:textures/atlas/gui.png-atlas
[0710月2026 00:34:43.572] [Render thread/INFO] [net.minecraft.client.renderer.texture.TextureAtlas/]: Created: 128x64x0 minecraft:textures/atlas/map_decorations.png-atlas
[0710月2026 00:34:43.592] [Render thread/INFO] [net.minecraft.client.renderer.texture.TextureAtlas/]: Created: 512x512x0 minecraft:textures/atlas/shulker_boxes.png-atlas
[0710月2026 00:34:43.654] [Render thread/INFO] [net.neoforged.neoforge.client.entity.animation.json.AnimationLoader/]: Loaded 0 entity animations
[0710月2026 00:34:43.719] [Render thread/INFO] [NekoJS/]: 正在为 CLIENT 注册 16 个事件组... — registering event groups
[0710月2026 00:34:43.723] [Render thread/INFO] [NekoJS/]: [client] 正在重载 CLIENT 脚本... — reloading scripts (x2)
[0710月2026 00:34:43.757] [Render thread/INFO] [NekoJS/]: [client] 发现了 3 个 CLIENT 脚本 — scripts discovered
[0710月2026 00:34:43.757] [Render thread/INFO] [com.tkisor.nekojs.client.posteffect.PostEffectManager/]: Installed client post-effect generation 3 (0 definition(s), 0 removed, 0 re-declared)
[0710月2026 00:34:43.758] [Render thread/INFO] [NekoJS/]: [client] Hello, World! (Loaded client example script)
[0710月2026 00:34:44.371] [NekoJS-Log-Flusher/INFO] [NekoJS/]: [client] CLIENT 脚本重载完毕 — script reload finished (x2)
[0710月2026 00:34:49.308] [Render thread/ERROR] [NekoJS/]: [client] Script ui-visual callback exception:
环境: CLIENT
位置: ui-visual/abb041f5
原因: ticket48_auto:probe — root=ticket48-auto-root node=label#pack-font resource=ticket48_auto:probe generation=4
script-diagnostic id=nekojs:rt/CLIENT/ui-visual/abb041f5 type=client phase=EXECUTION owner=Script Execution Environment generation=4 candidate=false cause=IllegalStateException: [NEKO-6004] UI font resource missing: ticket48_auto:probe — root=ticket48-auto-root node=label#pack-font resource=ticket48_auto:probe generation=4
[0710月2026 00:34:49.309] [Render thread/ERROR] [NekoJS/]: [client] Script ui-visual callback exception:
环境: CLIENT
位置: ui-visual/abb041f5
原因: ticket48_auto:probe — root=ticket48-auto-root node=label#pack-font resource=ticket48_auto:probe generation=4
频次: 连续发生了 2 次
script-diagnostic id=nekojs:rt/CLIENT/ui-visual/abb041f5 type=client phase=EXECUTION owner=Script Execution Environment generation=4 candidate=false cause=IllegalStateException: [NEKO-6004] UI font resource missing: ticket48_auto:probe — root=ticket48-auto-root node=label#pack-font resource=ticket48_auto:probe generation=4
[0710月2026 00:34:49.315] [Render thread/INFO] [NekoJS/]: [client] [ticket48-auto] {"stage":"open","ticks":120,"elapsedMs":5563,"statistics":{"initialBuild":1,"layout":2,"reconcile":0,"resize":1,"paint":0,"diagnostics":0,"cleanup":0},"disposed":false,"username":"","passwordLength":0,"error":"","submitting":false,"lastSubmitted":"","profile":2,"packFontWidth":24,"usernameRect":{"x":12,"y":57,"width":196,"height":12},"passwordRect":{"x":12,"y":88,"width":196,"height":12},"submitRect":{"x":12,"y":108,"width":92,"height":9}}
[0710月2026 00:34:49.320] [Render thread/INFO] [NekoJS/]: [client] [ticket48-auto] {"stage":"profile-1-result-true","ticks":120,"elapsedMs":5569,"statistics":{"initialBuild":1,"layout":3,"reconcile":0,"resize":1,"paint":0,"diagnostics":0,"cleanup":0},"disposed":false,"username":"","passwordLength":0,"error":"","submitting":false,"lastSubmitted":"","profile":1,"packFontWidth":24,"usernameRect":{"x":12,"y":57,"width":196,"height":12},"passwordRect":{"x":12,"y":88,"width":196,"height":12},"submitRect":{"x":12,"y":108,"width":92,"height":9}}
[0710月2026 00:34:49.325] [Render thread/INFO] [NekoJS/]: [client] [ticket48-auto] {"stage":"profile-2-result-true","ticks":120,"elapsedMs":5573,"statistics":{"initialBuild":1,"layout":4,"reconcile":0,"resize":1,"paint":0,"diagnostics":0,"cleanup":0},"disposed":false,"username":"","passwordLength":0,"error":"","submitting":false,"lastSubmitted":"","profile":2,"packFontWidth":24,"usernameRect":{"x":12,"y":57,"width":196,"height":12},"passwordRect":{"x":12,"y":88,"width":196,"height":12},"submitRect":{"x":12,"y":108,"width":92,"height":9}}
[0710月2026 00:34:49.326] [Render thread/ERROR] [NekoJS/]: [client] Script ui-visual callback exception:
环境: CLIENT
位置: ui-visual/abb041f5
原因: ticket48_auto:probe — root=ticket48-auto-root node=label#pack-font resource=ticket48_auto:probe generation=4
频次: 连续发生了 5 次
script-diagnostic id=nekojs:rt/CLIENT/ui-visual/abb041f5 type=client phase=EXECUTION owner=Script Execution Environment generation=4 candidate=false cause=IllegalStateException: [NEKO-6004] UI font resource missing: ticket48_auto:probe — root=ticket48-auto-root node=label#pack-font resource=ticket48_auto:probe generation=4
[0710月2026 00:34:49.332] [Render thread/INFO] [NekoJS/]: [client] [ticket48-auto] {"stage":"profile-3-result-true","ticks":120,"elapsedMs":5580,"statistics":{"initialBuild":1,"layout":5,"reconcile":0,"resize":1,"paint":0,"diagnostics":0,"cleanup":0},"disposed":false,"username":"","passwordLength":0,"error":"","submitting":false,"lastSubmitted":"","profile":3,"packFontWidth":24,"usernameRect":{"x":12,"y":57,"width":196,"height":12},"passwordRect":{"x":12,"y":88,"width":196,"height":12},"submitRect":{"x":12,"y":108,"width":92,"height":9}}
[0710月2026 00:34:49.337] [Render thread/INFO] [NekoJS/]: [client] [ticket48-auto] {"stage":"profile-4-result-true","ticks":120,"elapsedMs":5584,"statistics":{"initialBuild":1,"layout":6,"reconcile":0,"resize":1,"paint":0,"diagnostics":0,"cleanup":0},"disposed":false,"username":"","passwordLength":0,"error":"","submitting":false,"lastSubmitted":"","profile":4,"packFontWidth":24,"usernameRect":{"x":12,"y":57,"width":196,"height":12},"passwordRect":{"x":12,"y":88,"width":196,"height":12},"submitRect":{"x":12,"y":108,"width":92,"height":9}}
[0710月2026 00:34:49.342] [Render thread/INFO] [NekoJS/]: [client] [ticket48-auto] {"stage":"profile-5-result-true","ticks":120,"elapsedMs":5590,"statistics":{"initialBuild":1,"layout":7,"reconcile":0,"resize":1,"paint":0,"diagnostics":0,"cleanup":0},"disposed":false,"username":"","passwordLength":0,"error":"","submitting":false,"lastSubmitted":"","profile":5,"packFontWidth":24,"usernameRect":{"x":12,"y":57,"width":196,"height":12},"passwordRect":{"x":12,"y":88,"width":196,"height":12},"submitRect":{"x":12,"y":108,"width":92,"height":9}}
[0710月2026 00:34:49.348] [Render thread/INFO] [NekoJS/]: [client] [ticket48-auto] {"stage":"profile-6-result-true","ticks":120,"elapsedMs":5596,"statistics":{"initialBuild":1,"layout":8,"reconcile":0,"resize":1,"paint":0,"diagnostics":0,"cleanup":0},"disposed":false,"username":"","passwordLength":0,"error":"","submitting":false,"lastSubmitted":"","profile":6,"packFontWidth":24,"usernameRect":{"x":12,"y":59,"width":196,"height":12},"passwordRect":{"x":12,"y":90,"width":196,"height":12},"submitRect":{"x":12,"y":110,"width":92,"height":9}}
[0710月2026 00:34:49.371] [NekoJS-Log-Flusher/INFO] [NekoJS/]: [client] [ticket48-auto] {"stage":"physical-window-restored","ticks":120,"elapsedMs":5602,"statistics":{"initialBuild":1,"layout":9,"reconcile":0,"resize":1,"paint":0,"diagnostics":0,"cleanup":0},"disposed":false,"username":"","passwordLength":0,"error":"","submitting":false,"lastSubmitted":"","profile":2,"packFontWidth":24,"usernameRect":{"x":12,"y":57,"width":196,"height":12},"passwordRect":{"x":12,"y":88,"width":196,"height":12},"submitRect":{"x":12,"y":108,"width":92,"height":9}}
[0710月2026 00:34:53.371] [NekoJS-Log-Flusher/INFO] [NekoJS/]: [client] [ticket48-auto] {"stage":"sample","ticks":200,"elapsedMs":9516,"statistics":{"initialBuild":1,"layout":9,"reconcile":0,"resize":1,"paint":234,"diagnostics":0,"cleanup":0},"disposed":false,"username":"","passwordLength":0,"error":"","submitting":false,"lastSubmitted":"","profile":2,"packFontWidth":24,"usernameRect":{"x":12,"y":57,"width":196,"height":12},"passwordRect":{"x":12,"y":88,"width":196,"height":12},"submitRect":{"x":12,"y":108,"width":92,"height":9}}
[0710月2026 00:34:58.371] [NekoJS-Log-Flusher/INFO] [NekoJS/]: [client] [ticket48-auto] {"stage":"sample","ticks":300,"elapsedMs":14528,"statistics":{"initialBuild":1,"layout":9,"reconcile":0,"resize":1,"paint":533,"diagnostics":0,"cleanup":0},"disposed":false,"username":"","passwordLength":0,"error":"","submitting":false,"lastSubmitted":"","profile":2,"packFontWidth":24,"usernameRect":{"x":12,"y":57,"width":196,"height":12},"passwordRect":{"x":12,"y":88,"width":196,"height":12},"submitRect":{"x":12,"y":108,"width":92,"height":9}}
[0710月2026 00:35:03.371] [NekoJS-Log-Flusher/INFO] [NekoJS/]: [client] [ticket48-auto] {"stage":"sample","ticks":400,"elapsedMs":19518,"statistics":{"initialBuild":1,"layout":9,"reconcile":0,"resize":1,"paint":831,"diagnostics":0,"cleanup":0},"disposed":false,"username":"","passwordLength":0,"error":"","submitting":false,"lastSubmitted":"","profile":2,"packFontWidth":24,"usernameRect":{"x":12,"y":57,"width":196,"height":12},"passwordRect":{"x":12,"y":88,"width":196,"height":12},"submitRect":{"x":12,"y":108,"width":92,"height":9}}
[0710月2026 00:35:08.371] [NekoJS-Log-Flusher/INFO] [NekoJS/]: [client] [ticket48-auto] {"stage":"sample","ticks":500,"elapsedMs":24513,"statistics":{"initialBuild":1,"layout":9,"reconcile":0,"resize":1,"paint":1129,"diagnostics":0,"cleanup":0},"disposed":false,"username":"","passwordLength":0,"error":"","submitting":false,"lastSubmitted":"","profile":2,"packFontWidth":24,"usernameRect":{"x":12,"y":57,"width":196,"height":12},"passwordRect":{"x":12,"y":88,"width":196,"height":12},"submitRect":{"x":12,"y":108,"width":92,"height":9}}
[0710月2026 00:35:13.372] [NekoJS-Log-Flusher/INFO] [NekoJS/]: [client] [ticket48-auto] {"stage":"sample","ticks":600,"elapsedMs":29521,"statistics":{"initialBuild":1,"layout":9,"reconcile":0,"resize":1,"paint":1428,"diagnostics":0,"cleanup":0},"disposed":false,"username":"","passwordLength":0,"error":"","submitting":false,"lastSubmitted":"","profile":2,"packFontWidth":24,"usernameRect":{"x":12,"y":57,"width":196,"height":12},"passwordRect":{"x":12,"y":88,"width":196,"height":12},"submitRect":{"x":12,"y":108,"width":92,"height":9}}
[0710月2026 00:35:18.371] [NekoJS-Log-Flusher/INFO] [NekoJS/]: [client] [ticket48-auto] {"stage":"sample","ticks":700,"elapsedMs":34515,"statistics":{"initialBuild":1,"layout":9,"reconcile":0,"resize":1,"paint":1726,"diagnostics":0,"cleanup":0},"disposed":false,"username":"","passwordLength":0,"error":"","submitting":false,"lastSubmitted":"","profile":2,"packFontWidth":24,"usernameRect":{"x":12,"y":57,"width":196,"height":12},"passwordRect":{"x":12,"y":88,"width":196,"height":12},"submitRect":{"x":12,"y":108,"width":92,"height":9}}
[0710月2026 00:35:23.372] [NekoJS-Log-Flusher/INFO] [NekoJS/]: [client] [ticket48-auto] {"stage":"sample","ticks":800,"elapsedMs":39525,"statistics":{"initialBuild":1,"layout":9,"reconcile":0,"resize":1,"paint":2025,"diagnostics":0,"cleanup":0},"disposed":false,"username":"","passwordLength":0,"error":"","submitting":false,"lastSubmitted":"","profile":2,"packFontWidth":24,"usernameRect":{"x":12,"y":57,"width":196,"height":12},"passwordRect":{"x":12,"y":88,"width":196,"height":12},"submitRect":{"x":12,"y":108,"width":92,"height":9}}
[0710月2026 00:35:28.372] [NekoJS-Log-Flusher/INFO] [NekoJS/]: [client] [ticket48-auto] {"stage":"sample","ticks":900,"elapsedMs":44519,"statistics":{"initialBuild":1,"layout":9,"reconcile":0,"resize":1,"paint":2323,"diagnostics":0,"cleanup":0},"disposed":false,"username":"","passwordLength":0,"error":"","submitting":false,"lastSubmitted":"","profile":2,"packFontWidth":24,"usernameRect":{"x":12,"y":57,"width":196,"height":12},"passwordRect":{"x":12,"y":88,"width":196,"height":12},"submitRect":{"x":12,"y":108,"width":92,"height":9}}
[0710月2026 00:35:33.371] [NekoJS-Log-Flusher/INFO] [NekoJS/]: [client] [ticket48-auto] {"stage":"sample","ticks":1000,"elapsedMs":49527,"statistics":{"initialBuild":1,"layout":9,"reconcile":0,"resize":1,"paint":2622,"diagnostics":0,"cleanup":0},"disposed":false,"username":"","passwordLength":0,"error":"","submitting":false,"lastSubmitted":"","profile":2,"packFontWidth":24,"usernameRect":{"x":12,"y":57,"width":196,"height":12},"passwordRect":{"x":12,"y":88,"width":196,"height":12},"submitRect":{"x":12,"y":108,"width":92,"height":9}}
[0710月2026 00:35:34.371] [NekoJS-Log-Flusher/ERROR] [NekoJS/]: [client] Script ui-visual callback exception:
环境: CLIENT
位置: ui-visual/abb041f5
原因: ticket48_auto:probe — root=ticket48-auto-root node=label#pack-font resource=ticket48_auto:probe generation=4
频次: 连续发生了 10 次
script-diagnostic id=nekojs:rt/CLIENT/ui-visual/abb041f5 type=client phase=EXECUTION owner=Script Execution Environment generation=4 candidate=false cause=IllegalStateException: [NEKO-6004] UI font resource missing: ticket48_auto:probe — root=ticket48-auto-root node=label#pack-font resource=ticket48_auto:probe generation=4
[0710月2026 00:35:35.372] [NekoJS-Log-Flusher/ERROR] [NekoJS/]: [client] Script ui-visual callback exception:
环境: CLIENT
位置: ui-visual/abb041f5
原因: ticket48_auto:probe — root=ticket48-auto-root node=label#pack-font resource=ticket48_auto:probe generation=4
频次: 连续发生了 25 次
script-diagnostic id=nekojs:rt/CLIENT/ui-visual/abb041f5 type=client phase=EXECUTION owner=Script Execution Environment generation=4 candidate=false cause=IllegalStateException: [NEKO-6004] UI font resource missing: ticket48_auto:probe — root=ticket48-auto-root node=label#pack-font resource=ticket48_auto:probe generation=4
[0710月2026 00:35:38.372] [NekoJS-Log-Flusher/INFO] [NekoJS/]: [client] [ticket48-auto] {"stage":"sample","ticks":1100,"elapsedMs":54521,"statistics":{"initialBuild":1,"layout":27,"reconcile":18,"resize":1,"paint":2920,"diagnostics":0,"cleanup":0},"disposed":false,"username":"NekoTester","passwordLength":7,"error":"","submitting":true,"lastSubmitted":"NekoTester","profile":2,"packFontWidth":24,"usernameRect":{"x":12,"y":57,"width":196,"height":12},"passwordRect":{"x":12,"y":88,"width":196,"height":12},"submitRect":{"x":12,"y":108,"width":92,"height":9}}
[0710月2026 00:35:43.371] [NekoJS-Log-Flusher/INFO] [NekoJS/]: [client] [ticket48-auto] {"stage":"sample","ticks":1200,"elapsedMs":59529,"statistics":{"initialBuild":1,"layout":27,"reconcile":18,"resize":1,"paint":3219,"diagnostics":0,"cleanup":0},"disposed":false,"username":"NekoTester","passwordLength":7,"error":"","submitting":true,"lastSubmitted":"NekoTester","profile":2,"packFontWidth":24,"usernameRect":{"x":12,"y":57,"width":196,"height":12},"passwordRect":{"x":12,"y":88,"width":196,"height":12},"submitRect":{"x":12,"y":108,"width":92,"height":9}}
[0710月2026 00:35:48.372] [NekoJS-Log-Flusher/INFO] [NekoJS/]: [client] [ticket48-auto] {"stage":"sample","ticks":1300,"elapsedMs":64518,"statistics":{"initialBuild":1,"layout":27,"reconcile":18,"resize":1,"paint":3517,"diagnostics":0,"cleanup":0},"disposed":false,"username":"NekoTester","passwordLength":7,"error":"","submitting":true,"lastSubmitted":"NekoTester","profile":2,"packFontWidth":24,"usernameRect":{"x":12,"y":57,"width":196,"height":12},"passwordRect":{"x":12,"y":88,"width":196,"height":12},"submitRect":{"x":12,"y":108,"width":92,"height":9}}
[0710月2026 00:35:53.372] [NekoJS-Log-Flusher/INFO] [NekoJS/]: [client] [ticket48-auto] {"stage":"sample","ticks":1400,"elapsedMs":69527,"statistics":{"initialBuild":1,"layout":27,"reconcile":18,"resize":1,"paint":3816,"diagnostics":0,"cleanup":0},"disposed":false,"username":"NekoTester","passwordLength":7,"error":"","submitting":true,"lastSubmitted":"NekoTester","profile":2,"packFontWidth":24,"usernameRect":{"x":12,"y":57,"width":196,"height":12},"passwordRect":{"x":12,"y":88,"width":196,"height":12},"submitRect":{"x":12,"y":108,"width":92,"height":9}}
[0710月2026 00:35:58.372] [NekoJS-Log-Flusher/INFO] [NekoJS/]: [client] [ticket48-auto] {"stage":"sample","ticks":1500,"elapsedMs":74519,"statistics":{"initialBuild":1,"layout":27,"reconcile":18,"resize":1,"paint":4114,"diagnostics":0,"cleanup":0},"disposed":false,"username":"NekoTester","passwordLength":7,"error":"","submitting":true,"lastSubmitted":"NekoTester","profile":2,"packFontWidth":24,"usernameRect":{"x":12,"y":57,"width":196,"height":12},"passwordRect":{"x":12,"y":88,"width":196,"height":12},"submitRect":{"x":12,"y":108,"width":92,"height":9}}
[0710月2026 00:36:03.372] [NekoJS-Log-Flusher/INFO] [NekoJS/]: [client] [ticket48-auto] {"stage":"sample","ticks":1600,"elapsedMs":79528,"statistics":{"initialBuild":1,"layout":27,"reconcile":18,"resize":1,"paint":4413,"diagnostics":0,"cleanup":0},"disposed":false,"username":"NekoTester","passwordLength":7,"error":"","submitting":true,"lastSubmitted":"NekoTester","profile":2,"packFontWidth":24,"usernameRect":{"x":12,"y":57,"width":196,"height":12},"passwordRect":{"x":12,"y":88,"width":196,"height":12},"submitRect":{"x":12,"y":108,"width":92,"height":9}}
[0710月2026 00:36:08.371] [NekoJS-Log-Flusher/INFO] [NekoJS/]: [client] [ticket48-auto] {"stage":"sample","ticks":1700,"elapsedMs":84520,"statistics":{"initialBuild":1,"layout":27,"reconcile":18,"resize":1,"paint":4711,"diagnostics":0,"cleanup":0},"disposed":false,"username":"NekoTester","passwordLength":7,"error":"","submitting":true,"lastSubmitted":"NekoTester","profile":2,"packFontWidth":24,"usernameRect":{"x":12,"y":57,"width":196,"height":12},"passwordRect":{"x":12,"y":88,"width":196,"height":12},"submitRect":{"x":12,"y":108,"width":92,"height":9}}
[0710月2026 00:36:08.467] [Render thread/INFO] [net.minecraft.client.gui.components.ChatComponent/]: [System] [CHAT] [Debug]: Reloaded resource packs
[0710月2026 00:36:08.469] [Render thread/WARN] [net.neoforged.neoforge.resource.ResourcePackLoader/]: Error reading optional pack metadata for mod/mcpmod, attempting fallback type
com.google.gson.JsonParseException: Pack declares support for version newer than 64, but is missing mandatory fields min_format and max_format
	at com.mojang.serialization.DataResult$Error.getOrThrow(DataResult.java:287) ~[datafixerupper-10.0.21.jar:?]
	at TRANSFORMER/minecraft@26.2/net.minecraft.server.packs.resources.ResourceMetadata$2.getSection(ResourceMetadata.java:38) ~[minecraft-client-patched-26.2.0.75.jar:?]
	at TRANSFORMER/minecraft@26.2/net.minecraft.server.packs.AbstractPackResources.getMetadataSection(AbstractPackResources.java:24) ~[minecraft-client-patched-26.2.0.75.jar:?]
	at TRANSFORMER/neoforge@26.2.0.75/net.neoforged.neoforge.resource.ResourcePackLoader.readMeta(ResourcePackLoader.java:202) ~[neoforge-26.2.0.75-universal.jar:?]
	at TRANSFORMER/neoforge@26.2.0.75/net.neoforged.neoforge.resource.ResourcePackLoader.readWithOptionalMeta(ResourcePackLoader.java:193) ~[neoforge-26.2.0.75-universal.jar:?]
	at TRANSFORMER/neoforge@26.2.0.75/net.neoforged.neoforge.resource.ResourcePackLoader.packFinder(ResourcePackLoader.java:134) ~[neoforge-26.2.0.75-universal.jar:?]
	at TRANSFORMER/neoforge@26.2.0.75/net.neoforged.neoforge.resource.ResourcePackLoader.lambda$buildPackFinder$0(ResourcePackLoader.java:97) ~[neoforge-26.2.0.75-universal.jar:?]
	at TRANSFORMER/minecraft@26.2/net.minecraft.server.packs.repository.PackRepository.discoverAvailable(PackRepository.java:45) ~[minecraft-client-patched-26.2.0.75.jar:?]
	at TRANSFORMER/minecraft@26.2/net.minecraft.server.packs.repository.PackRepository.reload(PackRepository.java:35) ~[minecraft-client-patched-26.2.0.75.jar:?]
	at TRANSFORMER/minecraft@26.2/net.minecraft.client.Minecraft.reloadResourcePacks(Minecraft.java:1046) [minecraft-client-patched-26.2.0.75.jar:?]
	at TRANSFORMER/minecraft@26.2/net.minecraft.client.Minecraft.reloadResourcePacks(Minecraft.java:1032) [minecraft-client-patched-26.2.0.75.jar:?]
	at TRANSFORMER/minecraft@26.2/net.minecraft.client.KeyboardHandler.handleDebugKeys(KeyboardHandler.java:282) [minecraft-client-patched-26.2.0.75.jar:?]
	at TRANSFORMER/minecraft@26.2/net.minecraft.client.KeyboardHandler.keyPress(KeyboardHandler.java:541) [minecraft-client-patched-26.2.0.75.jar:?]
	at TRANSFORMER/minecraft@26.2/net.minecraft.client.KeyboardHandler.lambda$setup$1(KeyboardHandler.java:630) [minecraft-client-patched-26.2.0.75.jar:?]
	at TRANSFORMER/minecraft@26.2/net.minecraft.util.thread.BlockableEventLoop.doRunTask(BlockableEventLoop.java:165) [minecraft-client-patched-26.2.0.75.jar:?]
	at TRANSFORMER/minecraft@26.2/net.minecraft.util.thread.ReentrantBlockableEventLoop.doRunTask(ReentrantBlockableEventLoop.java:24) [minecraft-client-patched-26.2.0.75.jar:?]
	at TRANSFORMER/minecraft@26.2/net.minecraft.util.thread.BlockableEventLoop.execute(BlockableEventLoop.java:108) [minecraft-client-patched-26.2.0.75.jar:?]
	at TRANSFORMER/minecraft@26.2/net.minecraft.client.KeyboardHandler.lambda$setup$0(KeyboardHandler.java:630) [minecraft-client-patched-26.2.0.75.jar:?]
	at org.lwjgl.glfw.GLFWKeyCallbackI.callback(GLFWKeyCallbackI.java:34) [lwjgl-glfw-3.4.1.jar:build 2]
	at org.lwjgl.system.JNI.invokeV(Native Method) [lwjgl-3.4.1-unsafe.jar:build 2]
	at org.lwjgl.glfw.GLFW.glfwPollEvents(GLFW.java:1600) [lwjgl-glfw-3.4.1.jar:build 2]
	at TRANSFORMER/minecraft@26.2/com.mojang.blaze3d.systems.RenderSystem.pollEvents(RenderSystem.java:105) [minecraft-client-patched-26.2.0.75.jar:?]
	at TRANSFORMER/minecraft@26.2/net.minecraft.client.Minecraft.run(Minecraft.java:927) [minecraft-client-patched-26.2.0.75.jar:?]
	at TRANSFORMER/minecraft@26.2/net.minecraft.client.main.Main.main(Main.java:294) [minecraft-client-patched-26.2.0.75.jar:?]
	at net.neoforged.fml.startup.Client.main(Client.java:19) [loader-11.0.16.jar:11.0]
[0710月2026 00:36:08.472] [Render thread/INFO] [net.minecraft.server.packs.resources.ReloadableResourceManager/]: Reloading ResourceManager: vanilla, mod_resources, mod/nekojs, mod/graalmc, mod/neoforge, mod/mcpmod, nekojs
[0710月2026 00:36:08.481] [Worker-Main-71/INFO] [net.minecraft.client.gui.font.providers.UnihexProvider/]: Found unifont_pua-17.0.01.hex, loading
[0710月2026 00:36:08.481] [Worker-Main-76/INFO] [net.minecraft.client.gui.font.providers.UnihexProvider/]: Found unifont_all_no_pua-17.0.01.hex, loading
[0710月2026 00:36:08.503] [Worker-Main-69/INFO] [net.minecraft.client.gui.font.providers.UnihexProvider/]: Found unifont_jp_patch-17.0.01.hex, loading
[0710月2026 00:36:08.889] [Render thread/WARN] [com.mojang.blaze3d.opengl.GlProgram/]: neoforge:pipeline/item_translucent_unlit shader program does not use sampler Sampler2 defined in the pipeline. This might be a bug.
[0710月2026 00:36:08.892] [Render thread/WARN] [com.mojang.blaze3d.opengl.GlProgram/]: neoforge:pipeline/item_cutout_unlit shader program does not use sampler Sampler2 defined in the pipeline. This might be a bug.
[0710月2026 00:36:08.918] [Render thread/INFO] [com.mojang.blaze3d.audio.Library/]: OpenAL initialized on device OpenAL Soft on 扬声器 (Razer Barracuda X)
[0710月2026 00:36:08.918] [Render thread/INFO] [net.minecraft.client.sounds.SoundEngine/SOUNDS]: Sound engine started
[0710月2026 00:36:08.919] [Render thread/INFO] [net.minecraft.client.renderer.texture.TextureAtlas/]: Created: 512x256x0 minecraft:textures/atlas/particles.png-atlas
[0710月2026 00:36:08.923] [Render thread/INFO] [net.minecraft.client.renderer.texture.TextureAtlas/]: Created: 128x128x0 minecraft:textures/atlas/decorated_pot.png-atlas
[0710月2026 00:36:08.925] [Render thread/INFO] [net.minecraft.client.renderer.texture.TextureAtlas/]: Created: 2048x1024x0 minecraft:textures/atlas/armor_trims.png-atlas
[0710月2026 00:36:08.948] [Render thread/INFO] [net.minecraft.client.renderer.texture.TextureAtlas/]: Created: 512x256x0 minecraft:textures/atlas/paintings.png-atlas
[0710月2026 00:36:08.979] [Render thread/INFO] [net.minecraft.client.renderer.texture.TextureAtlas/]: Created: 1024x512x0 minecraft:textures/atlas/shield_patterns.png-atlas
[0710月2026 00:36:08.982] [Render thread/INFO] [net.minecraft.client.renderer.texture.TextureAtlas/]: Created: 2048x2048x4 minecraft:textures/atlas/blocks.png-atlas
[0710月2026 00:36:09.053] [Render thread/INFO] [net.minecraft.client.renderer.texture.TextureAtlas/]: Created: 512x512x0 minecraft:textures/atlas/chest.png-atlas
[0710月2026 00:36:09.089] [Render thread/INFO] [net.minecraft.client.renderer.texture.TextureAtlas/]: Created: 256x128x0 minecraft:textures/atlas/celestials.png-atlas
[0710月2026 00:36:09.090] [Render thread/INFO] [net.minecraft.client.renderer.texture.TextureAtlas/]: Created: 1024x512x0 minecraft:textures/atlas/banner_patterns.png-atlas
[0710月2026 00:36:09.092] [Render thread/INFO] [net.minecraft.client.renderer.texture.TextureAtlas/]: Created: 1024x512x0 minecraft:textures/atlas/items.png-atlas
[0710月2026 00:36:09.107] [Render thread/INFO] [net.minecraft.client.renderer.texture.TextureAtlas/]: Created: 1024x1024x0 minecraft:textures/atlas/gui.png-atlas
[0710月2026 00:36:09.129] [Render thread/INFO] [net.minecraft.client.renderer.texture.TextureAtlas/]: Created: 128x64x0 minecraft:textures/atlas/map_decorations.png-atlas
[0710月2026 00:36:09.151] [Render thread/INFO] [net.minecraft.client.renderer.texture.TextureAtlas/]: Created: 512x512x0 minecraft:textures/atlas/shulker_boxes.png-atlas
[0710月2026 00:36:09.225] [Render thread/INFO] [net.neoforged.neoforge.client.entity.animation.json.AnimationLoader/]: Loaded 0 entity animations
[0710月2026 00:36:09.306] [Render thread/INFO] [NekoJS/]: 正在为 CLIENT 注册 16 个事件组... — registering event groups
[0710月2026 00:36:09.310] [Render thread/INFO] [NekoJS/]: [client] 正在重载 CLIENT 脚本... — reloading scripts (x2)
[0710月2026 00:36:09.354] [Render thread/INFO] [NekoJS/]: [client] 发现了 3 个 CLIENT 脚本 — scripts discovered
[0710月2026 00:36:09.355] [Render thread/INFO] [com.tkisor.nekojs.client.posteffect.PostEffectManager/]: Installed client post-effect generation 4 (0 definition(s), 0 removed, 0 re-declared)
[0710月2026 00:36:09.357] [Render thread/INFO] [NekoJS/]: [client] Hello, World! (Loaded client example script)
[0710月2026 00:36:09.371] [NekoJS-Log-Flusher/INFO] [NekoJS/]: [client] CLIENT 脚本重载完毕 — script reload finished (x2)
[0710月2026 00:36:14.867] [Render thread/INFO] [NekoJS/]: [client] [ticket48-auto] {"stage":"open","ticks":120,"elapsedMs":5521,"statistics":{"initialBuild":1,"layout":2,"reconcile":0,"resize":1,"paint":0,"diagnostics":0,"cleanup":0},"disposed":false,"username":"","passwordLength":0,"error":"","submitting":false,"lastSubmitted":"","profile":2,"packFontWidth":16,"usernameRect":{"x":12,"y":57,"width":196,"height":12},"passwordRect":{"x":12,"y":88,"width":196,"height":12},"submitRect":{"x":12,"y":108,"width":92,"height":20}}
[0710月2026 00:36:14.872] [Render thread/INFO] [NekoJS/]: [client] [ticket48-auto] {"stage":"profile-1-result-true","ticks":120,"elapsedMs":5527,"statistics":{"initialBuild":1,"layout":3,"reconcile":0,"resize":1,"paint":0,"diagnostics":0,"cleanup":0},"disposed":false,"username":"","passwordLength":0,"error":"","submitting":false,"lastSubmitted":"","profile":1,"packFontWidth":16,"usernameRect":{"x":12,"y":57,"width":196,"height":12},"passwordRect":{"x":12,"y":88,"width":196,"height":12},"submitRect":{"x":12,"y":108,"width":92,"height":20}}
[0710月2026 00:36:14.877] [Render thread/INFO] [NekoJS/]: [client] [ticket48-auto] {"stage":"profile-2-result-true","ticks":120,"elapsedMs":5532,"statistics":{"initialBuild":1,"layout":4,"reconcile":0,"resize":1,"paint":0,"diagnostics":0,"cleanup":0},"disposed":false,"username":"","passwordLength":0,"error":"","submitting":false,"lastSubmitted":"","profile":2,"packFontWidth":16,"usernameRect":{"x":12,"y":57,"width":196,"height":12},"passwordRect":{"x":12,"y":88,"width":196,"height":12},"submitRect":{"x":12,"y":108,"width":92,"height":20}}
[0710月2026 00:36:14.884] [Render thread/INFO] [NekoJS/]: [client] [ticket48-auto] {"stage":"profile-3-result-true","ticks":120,"elapsedMs":5537,"statistics":{"initialBuild":1,"layout":5,"reconcile":0,"resize":1,"paint":0,"diagnostics":0,"cleanup":0},"disposed":false,"username":"","passwordLength":0,"error":"","submitting":false,"lastSubmitted":"","profile":3,"packFontWidth":16,"usernameRect":{"x":12,"y":57,"width":196,"height":12},"passwordRect":{"x":12,"y":88,"width":196,"height":12},"submitRect":{"x":12,"y":108,"width":92,"height":20}}
[0710月2026 00:36:14.890] [Render thread/INFO] [NekoJS/]: [client] [ticket48-auto] {"stage":"profile-4-result-true","ticks":120,"elapsedMs":5543,"statistics":{"initialBuild":1,"layout":6,"reconcile":0,"resize":1,"paint":0,"diagnostics":0,"cleanup":0},"disposed":false,"username":"","passwordLength":0,"error":"","submitting":false,"lastSubmitted":"","profile":4,"packFontWidth":16,"usernameRect":{"x":12,"y":57,"width":196,"height":12},"passwordRect":{"x":12,"y":88,"width":196,"height":12},"submitRect":{"x":12,"y":108,"width":92,"height":20}}
[0710月2026 00:36:14.896] [Render thread/INFO] [NekoJS/]: [client] [ticket48-auto] {"stage":"profile-5-result-true","ticks":120,"elapsedMs":5550,"statistics":{"initialBuild":1,"layout":7,"reconcile":0,"resize":1,"paint":0,"diagnostics":0,"cleanup":0},"disposed":false,"username":"","passwordLength":0,"error":"","submitting":false,"lastSubmitted":"","profile":5,"packFontWidth":16,"usernameRect":{"x":12,"y":57,"width":196,"height":12},"passwordRect":{"x":12,"y":88,"width":196,"height":12},"submitRect":{"x":12,"y":108,"width":92,"height":20}}
[0710月2026 00:36:14.902] [Render thread/INFO] [NekoJS/]: [client] [ticket48-auto] {"stage":"profile-6-result-true","ticks":120,"elapsedMs":5556,"statistics":{"initialBuild":1,"layout":8,"reconcile":0,"resize":1,"paint":0,"diagnostics":0,"cleanup":0},"disposed":false,"username":"","passwordLength":0,"error":"","submitting":false,"lastSubmitted":"","profile":6,"packFontWidth":16,"usernameRect":{"x":12,"y":59,"width":196,"height":12},"passwordRect":{"x":12,"y":90,"width":196,"height":12},"submitRect":{"x":12,"y":110,"width":92,"height":20}}
[0710月2026 00:36:15.372] [NekoJS-Log-Flusher/INFO] [NekoJS/]: [client] [ticket48-auto] {"stage":"physical-window-restored","ticks":120,"elapsedMs":5562,"statistics":{"initialBuild":1,"layout":9,"reconcile":0,"resize":1,"paint":0,"diagnostics":0,"cleanup":0},"disposed":false,"username":"","passwordLength":0,"error":"","submitting":false,"lastSubmitted":"","profile":2,"packFontWidth":16,"usernameRect":{"x":12,"y":57,"width":196,"height":12},"passwordRect":{"x":12,"y":88,"width":196,"height":12},"submitRect":{"x":12,"y":108,"width":92,"height":20}}
[0710月2026 00:36:19.371] [NekoJS-Log-Flusher/INFO] [NekoJS/]: [client] [ticket48-auto] {"stage":"sample","ticks":200,"elapsedMs":9472,"statistics":{"initialBuild":1,"layout":9,"reconcile":0,"resize":1,"paint":234,"diagnostics":0,"cleanup":0},"disposed":false,"username":"","passwordLength":0,"error":"","submitting":false,"lastSubmitted":"","profile":2,"packFontWidth":16,"usernameRect":{"x":12,"y":57,"width":196,"height":12},"passwordRect":{"x":12,"y":88,"width":196,"height":12},"submitRect":{"x":12,"y":108,"width":92,"height":20}}
[0710月2026 00:36:24.372] [NekoJS-Log-Flusher/INFO] [NekoJS/]: [client] [ticket48-auto] {"stage":"sample","ticks":300,"elapsedMs":14480,"statistics":{"initialBuild":1,"layout":9,"reconcile":0,"resize":1,"paint":533,"diagnostics":0,"cleanup":0},"disposed":false,"username":"","passwordLength":0,"error":"","submitting":false,"lastSubmitted":"","profile":2,"packFontWidth":16,"usernameRect":{"x":12,"y":57,"width":196,"height":12},"passwordRect":{"x":12,"y":88,"width":196,"height":12},"submitRect":{"x":12,"y":108,"width":92,"height":20}}
[0710月2026 00:36:29.371] [NekoJS-Log-Flusher/INFO] [NekoJS/]: [client] [ticket48-auto] {"stage":"sample","ticks":400,"elapsedMs":19469,"statistics":{"initialBuild":1,"layout":9,"reconcile":0,"resize":1,"paint":831,"diagnostics":0,"cleanup":0},"disposed":false,"username":"","passwordLength":0,"error":"","submitting":false,"lastSubmitted":"","profile":2,"packFontWidth":16,"usernameRect":{"x":12,"y":57,"width":196,"height":12},"passwordRect":{"x":12,"y":88,"width":196,"height":12},"submitRect":{"x":12,"y":108,"width":92,"height":20}}
[0710月2026 00:36:34.371] [NekoJS-Log-Flusher/INFO] [NekoJS/]: [client] [ticket48-auto] {"stage":"sample","ticks":500,"elapsedMs":24477,"statistics":{"initialBuild":1,"layout":9,"reconcile":0,"resize":1,"paint":1130,"diagnostics":0,"cleanup":0},"disposed":false,"username":"","passwordLength":0,"error":"","submitting":false,"lastSubmitted":"","profile":2,"packFontWidth":16,"usernameRect":{"x":12,"y":57,"width":196,"height":12},"passwordRect":{"x":12,"y":88,"width":196,"height":12},"submitRect":{"x":12,"y":108,"width":92,"height":20}}
[0710月2026 00:36:39.372] [NekoJS-Log-Flusher/INFO] [NekoJS/]: [client] [ticket48-auto] {"stage":"sample","ticks":600,"elapsedMs":29473,"statistics":{"initialBuild":1,"layout":9,"reconcile":0,"resize":1,"paint":1428,"diagnostics":0,"cleanup":0},"disposed":false,"username":"","passwordLength":0,"error":"","submitting":false,"lastSubmitted":"","profile":2,"packFontWidth":16,"usernameRect":{"x":12,"y":57,"width":196,"height":12},"passwordRect":{"x":12,"y":88,"width":196,"height":12},"submitRect":{"x":12,"y":108,"width":92,"height":20}}
[0710月2026 00:36:44.371] [NekoJS-Log-Flusher/INFO] [NekoJS/]: [client] [ticket48-auto] {"stage":"sample","ticks":700,"elapsedMs":34484,"statistics":{"initialBuild":1,"layout":9,"reconcile":0,"resize":1,"paint":1727,"diagnostics":0,"cleanup":0},"disposed":false,"username":"","passwordLength":0,"error":"","submitting":false,"lastSubmitted":"","profile":2,"packFontWidth":16,"usernameRect":{"x":12,"y":57,"width":196,"height":12},"passwordRect":{"x":12,"y":88,"width":196,"height":12},"submitRect":{"x":12,"y":108,"width":92,"height":20}}
[0710月2026 00:36:49.371] [NekoJS-Log-Flusher/INFO] [NekoJS/]: [client] [ticket48-auto] {"stage":"sample","ticks":800,"elapsedMs":39475,"statistics":{"initialBuild":1,"layout":9,"reconcile":0,"resize":1,"paint":2025,"diagnostics":0,"cleanup":0},"disposed":false,"username":"","passwordLength":0,"error":"","submitting":false,"lastSubmitted":"","profile":2,"packFontWidth":16,"usernameRect":{"x":12,"y":57,"width":196,"height":12},"passwordRect":{"x":12,"y":88,"width":196,"height":12},"submitRect":{"x":12,"y":108,"width":92,"height":20}}
[0710月2026 00:36:54.372] [NekoJS-Log-Flusher/INFO] [NekoJS/]: [client] [ticket48-auto] {"stage":"sample","ticks":900,"elapsedMs":44479,"statistics":{"initialBuild":1,"layout":9,"reconcile":0,"resize":1,"paint":2324,"diagnostics":0,"cleanup":0},"disposed":false,"username":"","passwordLength":0,"error":"","submitting":false,"lastSubmitted":"","profile":2,"packFontWidth":16,"usernameRect":{"x":12,"y":57,"width":196,"height":12},"passwordRect":{"x":12,"y":88,"width":196,"height":12},"submitRect":{"x":12,"y":108,"width":92,"height":20}}
[0710月2026 00:36:59.372] [NekoJS-Log-Flusher/INFO] [NekoJS/]: [client] [ticket48-auto] {"stage":"sample","ticks":1000,"elapsedMs":49474,"statistics":{"initialBuild":1,"layout":9,"reconcile":0,"resize":1,"paint":2622,"diagnostics":0,"cleanup":0},"disposed":false,"username":"","passwordLength":0,"error":"","submitting":false,"lastSubmitted":"","profile":2,"packFontWidth":16,"usernameRect":{"x":12,"y":57,"width":196,"height":12},"passwordRect":{"x":12,"y":88,"width":196,"height":12},"submitRect":{"x":12,"y":108,"width":92,"height":20}}
[0710月2026 00:37:04.371] [NekoJS-Log-Flusher/INFO] [NekoJS/]: [client] [ticket48-auto] {"stage":"sample","ticks":1100,"elapsedMs":54478,"statistics":{"initialBuild":1,"layout":9,"reconcile":0,"resize":1,"paint":2921,"diagnostics":0,"cleanup":0},"disposed":false,"username":"","passwordLength":0,"error":"","submitting":false,"lastSubmitted":"","profile":2,"packFontWidth":16,"usernameRect":{"x":12,"y":57,"width":196,"height":12},"passwordRect":{"x":12,"y":88,"width":196,"height":12},"submitRect":{"x":12,"y":108,"width":92,"height":20}}
[0710月2026 00:37:09.372] [NekoJS-Log-Flusher/INFO] [NekoJS/]: [client] [ticket48-auto] {"stage":"sample","ticks":1200,"elapsedMs":59490,"statistics":{"initialBuild":1,"layout":9,"reconcile":0,"resize":1,"paint":3212,"diagnostics":0,"cleanup":0},"disposed":false,"username":"","passwordLength":0,"error":"","submitting":false,"lastSubmitted":"","profile":2,"packFontWidth":16,"usernameRect":{"x":12,"y":57,"width":196,"height":12},"passwordRect":{"x":12,"y":88,"width":196,"height":12},"submitRect":{"x":12,"y":108,"width":92,"height":20}}
[0710月2026 00:37:14.372] [NekoJS-Log-Flusher/INFO] [NekoJS/]: [client] [ticket48-auto] {"stage":"sample","ticks":1300,"elapsedMs":64500,"statistics":{"initialBuild":1,"layout":9,"reconcile":0,"resize":1,"paint":3362,"diagnostics":0,"cleanup":0},"disposed":false,"username":"","passwordLength":0,"error":"","submitting":false,"lastSubmitted":"","profile":2,"packFontWidth":16,"usernameRect":{"x":12,"y":57,"width":196,"height":12},"passwordRect":{"x":12,"y":88,"width":196,"height":12},"submitRect":{"x":12,"y":108,"width":92,"height":20}}
[0710月2026 00:37:19.371] [NekoJS-Log-Flusher/INFO] [NekoJS/]: [client] [ticket48-auto] {"stage":"sample","ticks":1400,"elapsedMs":69482,"statistics":{"initialBuild":1,"layout":9,"reconcile":0,"resize":1,"paint":3511,"diagnostics":0,"cleanup":0},"disposed":false,"username":"","passwordLength":0,"error":"","submitting":false,"lastSubmitted":"","profile":2,"packFontWidth":16,"usernameRect":{"x":12,"y":57,"width":196,"height":12},"passwordRect":{"x":12,"y":88,"width":196,"height":12},"submitRect":{"x":12,"y":108,"width":92,"height":20}}
[0710月2026 00:37:22.469] [Render thread/INFO] [net.minecraft.client.gui.components.ChatComponent/]: [System] [CHAT] [Debug]: Reloaded resource packs
[0710月2026 00:37:22.472] [Render thread/WARN] [net.neoforged.neoforge.resource.ResourcePackLoader/]: Error reading optional pack metadata for mod/mcpmod, attempting fallback type
com.google.gson.JsonParseException: Pack declares support for version newer than 64, but is missing mandatory fields min_format and max_format
	at com.mojang.serialization.DataResult$Error.getOrThrow(DataResult.java:287) ~[datafixerupper-10.0.21.jar:?]
	at TRANSFORMER/minecraft@26.2/net.minecraft.server.packs.resources.ResourceMetadata$2.getSection(ResourceMetadata.java:38) ~[minecraft-client-patched-26.2.0.75.jar:?]
	at TRANSFORMER/minecraft@26.2/net.minecraft.server.packs.AbstractPackResources.getMetadataSection(AbstractPackResources.java:24) ~[minecraft-client-patched-26.2.0.75.jar:?]
	at TRANSFORMER/neoforge@26.2.0.75/net.neoforged.neoforge.resource.ResourcePackLoader.readMeta(ResourcePackLoader.java:202) ~[neoforge-26.2.0.75-universal.jar:?]
	at TRANSFORMER/neoforge@26.2.0.75/net.neoforged.neoforge.resource.ResourcePackLoader.readWithOptionalMeta(ResourcePackLoader.java:193) ~[neoforge-26.2.0.75-universal.jar:?]
	at TRANSFORMER/neoforge@26.2.0.75/net.neoforged.neoforge.resource.ResourcePackLoader.packFinder(ResourcePackLoader.java:134) ~[neoforge-26.2.0.75-universal.jar:?]
	at TRANSFORMER/neoforge@26.2.0.75/net.neoforged.neoforge.resource.ResourcePackLoader.lambda$buildPackFinder$0(ResourcePackLoader.java:97) ~[neoforge-26.2.0.75-universal.jar:?]
	at TRANSFORMER/minecraft@26.2/net.minecraft.server.packs.repository.PackRepository.discoverAvailable(PackRepository.java:45) ~[minecraft-client-patched-26.2.0.75.jar:?]
	at TRANSFORMER/minecraft@26.2/net.minecraft.server.packs.repository.PackRepository.reload(PackRepository.java:35) ~[minecraft-client-patched-26.2.0.75.jar:?]
	at TRANSFORMER/minecraft@26.2/net.minecraft.client.Minecraft.reloadResourcePacks(Minecraft.java:1046) [minecraft-client-patched-26.2.0.75.jar:?]
	at TRANSFORMER/minecraft@26.2/net.minecraft.client.Minecraft.reloadResourcePacks(Minecraft.java:1032) [minecraft-client-patched-26.2.0.75.jar:?]
	at TRANSFORMER/minecraft@26.2/net.minecraft.client.KeyboardHandler.handleDebugKeys(KeyboardHandler.java:282) [minecraft-client-patched-26.2.0.75.jar:?]
	at TRANSFORMER/minecraft@26.2/net.minecraft.client.KeyboardHandler.keyPress(KeyboardHandler.java:541) [minecraft-client-patched-26.2.0.75.jar:?]
	at TRANSFORMER/minecraft@26.2/net.minecraft.client.KeyboardHandler.lambda$setup$1(KeyboardHandler.java:630) [minecraft-client-patched-26.2.0.75.jar:?]
	at TRANSFORMER/minecraft@26.2/net.minecraft.util.thread.BlockableEventLoop.doRunTask(BlockableEventLoop.java:165) [minecraft-client-patched-26.2.0.75.jar:?]
	at TRANSFORMER/minecraft@26.2/net.minecraft.util.thread.ReentrantBlockableEventLoop.doRunTask(ReentrantBlockableEventLoop.java:24) [minecraft-client-patched-26.2.0.75.jar:?]
	at TRANSFORMER/minecraft@26.2/net.minecraft.util.thread.BlockableEventLoop.execute(BlockableEventLoop.java:108) [minecraft-client-patched-26.2.0.75.jar:?]
	at TRANSFORMER/minecraft@26.2/net.minecraft.client.KeyboardHandler.lambda$setup$0(KeyboardHandler.java:630) [minecraft-client-patched-26.2.0.75.jar:?]
	at org.lwjgl.glfw.GLFWKeyCallbackI.callback(GLFWKeyCallbackI.java:34) [lwjgl-glfw-3.4.1.jar:build 2]
	at org.lwjgl.system.JNI.invokeV(Native Method) [lwjgl-3.4.1-unsafe.jar:build 2]
	at org.lwjgl.glfw.GLFW.glfwPollEvents(GLFW.java:1600) [lwjgl-glfw-3.4.1.jar:build 2]
	at TRANSFORMER/minecraft@26.2/com.mojang.blaze3d.systems.RenderSystem.pollEvents(RenderSystem.java:105) [minecraft-client-patched-26.2.0.75.jar:?]
	at TRANSFORMER/minecraft@26.2/net.minecraft.client.Minecraft.run(Minecraft.java:927) [minecraft-client-patched-26.2.0.75.jar:?]
	at TRANSFORMER/minecraft@26.2/net.minecraft.client.main.Main.main(Main.java:294) [minecraft-client-patched-26.2.0.75.jar:?]
	at net.neoforged.fml.startup.Client.main(Client.java:19) [loader-11.0.16.jar:11.0]
[0710月2026 00:37:22.473] [Render thread/INFO] [net.minecraft.server.packs.resources.ReloadableResourceManager/]: Reloading ResourceManager: vanilla, mod_resources, mod/nekojs, mod/graalmc, mod/neoforge, mod/mcpmod, nekojs
[0710月2026 00:37:22.481] [Worker-Main-95/INFO] [net.minecraft.client.gui.font.providers.UnihexProvider/]: Found unifont_pua-17.0.01.hex, loading
[0710月2026 00:37:22.481] [Worker-Main-94/INFO] [net.minecraft.client.gui.font.providers.UnihexProvider/]: Found unifont_all_no_pua-17.0.01.hex, loading
[0710月2026 00:37:22.592] [Worker-Main-94/INFO] [net.minecraft.client.gui.font.providers.UnihexProvider/]: Found unifont_jp_patch-17.0.01.hex, loading
[0710月2026 00:37:22.843] [Render thread/WARN] [com.mojang.blaze3d.opengl.GlProgram/]: neoforge:pipeline/item_translucent_unlit shader program does not use sampler Sampler2 defined in the pipeline. This might be a bug.
[0710月2026 00:37:22.846] [Render thread/WARN] [com.mojang.blaze3d.opengl.GlProgram/]: neoforge:pipeline/item_cutout_unlit shader program does not use sampler Sampler2 defined in the pipeline. This might be a bug.
[0710月2026 00:37:22.864] [Render thread/INFO] [com.mojang.blaze3d.audio.Library/]: OpenAL initialized on device OpenAL Soft on 扬声器 (Razer Barracuda X)
[0710月2026 00:37:22.864] [Render thread/INFO] [net.minecraft.client.sounds.SoundEngine/SOUNDS]: Sound engine started
[0710月2026 00:37:22.864] [Render thread/INFO] [net.minecraft.client.renderer.texture.TextureAtlas/]: Created: 512x256x0 minecraft:textures/atlas/particles.png-atlas
[0710月2026 00:37:22.874] [Render thread/INFO] [net.minecraft.client.renderer.texture.TextureAtlas/]: Created: 128x128x0 minecraft:textures/atlas/decorated_pot.png-atlas
[0710月2026 00:37:22.884] [Render thread/INFO] [net.minecraft.client.renderer.texture.TextureAtlas/]: Created: 2048x1024x0 minecraft:textures/atlas/armor_trims.png-atlas
[0710月2026 00:37:22.898] [Render thread/INFO] [net.minecraft.client.renderer.texture.TextureAtlas/]: Created: 512x256x0 minecraft:textures/atlas/paintings.png-atlas
[0710月2026 00:37:22.928] [Render thread/INFO] [net.minecraft.client.renderer.texture.TextureAtlas/]: Created: 1024x512x0 minecraft:textures/atlas/shield_patterns.png-atlas
[0710月2026 00:37:22.929] [Render thread/INFO] [net.minecraft.client.renderer.texture.TextureAtlas/]: Created: 2048x2048x4 minecraft:textures/atlas/blocks.png-atlas
[0710月2026 00:37:22.985] [Render thread/INFO] [net.minecraft.client.renderer.texture.TextureAtlas/]: Created: 512x512x0 minecraft:textures/atlas/chest.png-atlas
[0710月2026 00:37:23.022] [Render thread/INFO] [net.minecraft.client.renderer.texture.TextureAtlas/]: Created: 256x128x0 minecraft:textures/atlas/celestials.png-atlas
[0710月2026 00:37:23.023] [Render thread/INFO] [net.minecraft.client.renderer.texture.TextureAtlas/]: Created: 1024x512x0 minecraft:textures/atlas/banner_patterns.png-atlas
[0710月2026 00:37:23.026] [Render thread/INFO] [net.minecraft.client.renderer.texture.TextureAtlas/]: Created: 1024x512x0 minecraft:textures/atlas/items.png-atlas
[0710月2026 00:37:23.038] [Render thread/INFO] [net.minecraft.client.renderer.texture.TextureAtlas/]: Created: 1024x1024x0 minecraft:textures/atlas/gui.png-atlas
[0710月2026 00:37:23.057] [Render thread/INFO] [net.minecraft.client.renderer.texture.TextureAtlas/]: Created: 128x64x0 minecraft:textures/atlas/map_decorations.png-atlas
[0710月2026 00:37:23.077] [Render thread/INFO] [net.minecraft.client.renderer.texture.TextureAtlas/]: Created: 512x512x0 minecraft:textures/atlas/shulker_boxes.png-atlas
[0710月2026 00:37:23.138] [Render thread/INFO] [net.neoforged.neoforge.client.entity.animation.json.AnimationLoader/]: Loaded 0 entity animations
[0710月2026 00:37:23.201] [Render thread/INFO] [NekoJS/]: 正在为 CLIENT 注册 16 个事件组... — registering event groups
[0710月2026 00:37:23.204] [Render thread/INFO] [NekoJS/]: [client] 正在重载 CLIENT 脚本... — reloading scripts (x2)
[0710月2026 00:37:23.235] [Render thread/INFO] [NekoJS/]: [client] 发现了 3 个 CLIENT 脚本 — scripts discovered
[0710月2026 00:37:23.235] [Render thread/INFO] [com.tkisor.nekojs.client.posteffect.PostEffectManager/]: Installed client post-effect generation 5 (0 definition(s), 0 removed, 0 re-declared)
[0710月2026 00:37:23.237] [Render thread/INFO] [NekoJS/]: [client] Hello, World! (Loaded client example script)
[0710月2026 00:37:23.371] [NekoJS-Log-Flusher/INFO] [NekoJS/]: [client] CLIENT 脚本重载完毕 — script reload finished (x2)
[0710月2026 00:37:28.787] [Render thread/INFO] [NekoJS/]: [client] [ticket48-auto] {"stage":"open","ticks":120,"elapsedMs":5558,"statistics":{"initialBuild":1,"layout":2,"reconcile":0,"resize":1,"paint":0,"diagnostics":0,"cleanup":0},"disposed":false,"username":"","passwordLength":0,"error":"","submitting":false,"lastSubmitted":"","profile":2,"packFontWidth":36,"usernameRect":{"x":12,"y":57,"width":196,"height":12},"passwordRect":{"x":12,"y":88,"width":196,"height":12},"submitRect":{"x":12,"y":108,"width":92,"height":20}}
[0710月2026 00:37:28.791] [Render thread/INFO] [NekoJS/]: [client] [ticket48-auto] {"stage":"profile-1-result-true","ticks":120,"elapsedMs":5561,"statistics":{"initialBuild":1,"layout":3,"reconcile":0,"resize":1,"paint":0,"diagnostics":0,"cleanup":0},"disposed":false,"username":"","passwordLength":0,"error":"","submitting":false,"lastSubmitted":"","profile":1,"packFontWidth":36,"usernameRect":{"x":12,"y":57,"width":196,"height":12},"passwordRect":{"x":12,"y":88,"width":196,"height":12},"submitRect":{"x":12,"y":108,"width":92,"height":20}}
[0710月2026 00:37:28.795] [Render thread/INFO] [NekoJS/]: [client] [ticket48-auto] {"stage":"profile-2-result-true","ticks":120,"elapsedMs":5566,"statistics":{"initialBuild":1,"layout":4,"reconcile":0,"resize":1,"paint":0,"diagnostics":0,"cleanup":0},"disposed":false,"username":"","passwordLength":0,"error":"","submitting":false,"lastSubmitted":"","profile":2,"packFontWidth":36,"usernameRect":{"x":12,"y":57,"width":196,"height":12},"passwordRect":{"x":12,"y":88,"width":196,"height":12},"submitRect":{"x":12,"y":108,"width":92,"height":20}}
[0710月2026 00:37:28.798] [Render thread/INFO] [NekoJS/]: [client] [ticket48-auto] {"stage":"profile-3-result-true","ticks":120,"elapsedMs":5569,"statistics":{"initialBuild":1,"layout":5,"reconcile":0,"resize":1,"paint":0,"diagnostics":0,"cleanup":0},"disposed":false,"username":"","passwordLength":0,"error":"","submitting":false,"lastSubmitted":"","profile":3,"packFontWidth":36,"usernameRect":{"x":12,"y":57,"width":196,"height":12},"passwordRect":{"x":12,"y":88,"width":196,"height":12},"submitRect":{"x":12,"y":108,"width":92,"height":20}}
[0710月2026 00:37:28.801] [Render thread/INFO] [NekoJS/]: [client] [ticket48-auto] {"stage":"profile-4-result-true","ticks":120,"elapsedMs":5572,"statistics":{"initialBuild":1,"layout":6,"reconcile":0,"resize":1,"paint":0,"diagnostics":0,"cleanup":0},"disposed":false,"username":"","passwordLength":0,"error":"","submitting":false,"lastSubmitted":"","profile":4,"packFontWidth":36,"usernameRect":{"x":12,"y":57,"width":196,"height":12},"passwordRect":{"x":12,"y":88,"width":196,"height":12},"submitRect":{"x":12,"y":108,"width":92,"height":20}}
[0710月2026 00:37:28.804] [Render thread/INFO] [NekoJS/]: [client] [ticket48-auto] {"stage":"profile-5-result-true","ticks":120,"elapsedMs":5576,"statistics":{"initialBuild":1,"layout":7,"reconcile":0,"resize":1,"paint":0,"diagnostics":0,"cleanup":0},"disposed":false,"username":"","passwordLength":0,"error":"","submitting":false,"lastSubmitted":"","profile":5,"packFontWidth":36,"usernameRect":{"x":12,"y":57,"width":196,"height":12},"passwordRect":{"x":12,"y":88,"width":196,"height":12},"submitRect":{"x":12,"y":108,"width":92,"height":20}}
[0710月2026 00:37:28.810] [Render thread/INFO] [NekoJS/]: [client] [ticket48-auto] {"stage":"profile-6-result-true","ticks":120,"elapsedMs":5579,"statistics":{"initialBuild":1,"layout":8,"reconcile":0,"resize":1,"paint":0,"diagnostics":0,"cleanup":0},"disposed":false,"username":"","passwordLength":0,"error":"","submitting":false,"lastSubmitted":"","profile":6,"packFontWidth":36,"usernameRect":{"x":12,"y":59,"width":196,"height":12},"passwordRect":{"x":12,"y":90,"width":196,"height":12},"submitRect":{"x":12,"y":110,"width":92,"height":20}}
[0710月2026 00:37:29.371] [NekoJS-Log-Flusher/INFO] [NekoJS/]: [client] [ticket48-auto] {"stage":"physical-window-restored","ticks":120,"elapsedMs":5585,"statistics":{"initialBuild":1,"layout":9,"reconcile":0,"resize":1,"paint":0,"diagnostics":0,"cleanup":0},"disposed":false,"username":"","passwordLength":0,"error":"","submitting":false,"lastSubmitted":"","profile":2,"packFontWidth":36,"usernameRect":{"x":12,"y":57,"width":196,"height":12},"passwordRect":{"x":12,"y":88,"width":196,"height":12},"submitRect":{"x":12,"y":108,"width":92,"height":20}}
[0710月2026 00:37:33.372] [NekoJS-Log-Flusher/INFO] [NekoJS/]: [client] [ticket48-auto] {"stage":"sample","ticks":200,"elapsedMs":9544,"statistics":{"initialBuild":1,"layout":9,"reconcile":0,"resize":1,"paint":237,"diagnostics":0,"cleanup":0},"disposed":false,"username":"","passwordLength":0,"error":"","submitting":false,"lastSubmitted":"","profile":2,"packFontWidth":36,"usernameRect":{"x":12,"y":57,"width":196,"height":12},"passwordRect":{"x":12,"y":88,"width":196,"height":12},"submitRect":{"x":12,"y":108,"width":92,"height":20}}
[0710月2026 00:37:38.371] [NekoJS-Log-Flusher/INFO] [NekoJS/]: [client] [ticket48-auto] {"stage":"sample","ticks":300,"elapsedMs":14537,"statistics":{"initialBuild":1,"layout":9,"reconcile":0,"resize":1,"paint":535,"diagnostics":0,"cleanup":0},"disposed":false,"username":"","passwordLength":0,"error":"","submitting":false,"lastSubmitted":"","profile":2,"packFontWidth":36,"usernameRect":{"x":12,"y":57,"width":196,"height":12},"passwordRect":{"x":12,"y":88,"width":196,"height":12},"submitRect":{"x":12,"y":108,"width":92,"height":20}}
[0710月2026 00:37:43.372] [NekoJS-Log-Flusher/INFO] [NekoJS/]: [client] [ticket48-auto] {"stage":"sample","ticks":400,"elapsedMs":19541,"statistics":{"initialBuild":1,"layout":9,"reconcile":0,"resize":1,"paint":834,"diagnostics":0,"cleanup":0},"disposed":false,"username":"","passwordLength":0,"error":"","submitting":false,"lastSubmitted":"","profile":2,"packFontWidth":36,"usernameRect":{"x":12,"y":57,"width":196,"height":12},"passwordRect":{"x":12,"y":88,"width":196,"height":12},"submitRect":{"x":12,"y":108,"width":92,"height":20}}
[0710月2026 00:37:48.372] [NekoJS-Log-Flusher/INFO] [NekoJS/]: [client] [ticket48-auto] {"stage":"sample","ticks":500,"elapsedMs":24549,"statistics":{"initialBuild":1,"layout":9,"reconcile":0,"resize":1,"paint":1133,"diagnostics":0,"cleanup":0},"disposed":false,"username":"","passwordLength":0,"error":"","submitting":false,"lastSubmitted":"","profile":2,"packFontWidth":36,"usernameRect":{"x":12,"y":57,"width":196,"height":12},"passwordRect":{"x":12,"y":88,"width":196,"height":12},"submitRect":{"x":12,"y":108,"width":92,"height":20}}
[0710月2026 00:37:53.372] [NekoJS-Log-Flusher/INFO] [NekoJS/]: [client] [ticket48-auto] {"stage":"sample","ticks":600,"elapsedMs":29541,"statistics":{"initialBuild":1,"layout":9,"reconcile":0,"resize":1,"paint":1431,"diagnostics":0,"cleanup":0},"disposed":false,"username":"","passwordLength":0,"error":"","submitting":false,"lastSubmitted":"","profile":2,"packFontWidth":36,"usernameRect":{"x":12,"y":57,"width":196,"height":12},"passwordRect":{"x":12,"y":88,"width":196,"height":12},"submitRect":{"x":12,"y":108,"width":92,"height":20}}
[0710月2026 00:37:58.372] [NekoJS-Log-Flusher/INFO] [NekoJS/]: [client] [ticket48-auto] {"stage":"sample","ticks":700,"elapsedMs":34534,"statistics":{"initialBuild":1,"layout":9,"reconcile":0,"resize":1,"paint":1729,"diagnostics":0,"cleanup":0},"disposed":false,"username":"","passwordLength":0,"error":"","submitting":false,"lastSubmitted":"","profile":2,"packFontWidth":36,"usernameRect":{"x":12,"y":57,"width":196,"height":12},"passwordRect":{"x":12,"y":88,"width":196,"height":12},"submitRect":{"x":12,"y":108,"width":92,"height":20}}
[0710月2026 00:38:03.371] [NekoJS-Log-Flusher/INFO] [NekoJS/]: [client] [ticket48-auto] {"stage":"sample","ticks":800,"elapsedMs":39543,"statistics":{"initialBuild":1,"layout":9,"reconcile":0,"resize":1,"paint":2028,"diagnostics":0,"cleanup":0},"disposed":false,"username":"","passwordLength":0,"error":"","submitting":false,"lastSubmitted":"","profile":2,"packFontWidth":36,"usernameRect":{"x":12,"y":57,"width":196,"height":12},"passwordRect":{"x":12,"y":88,"width":196,"height":12},"submitRect":{"x":12,"y":108,"width":92,"height":20}}
[0710月2026 00:38:08.372] [NekoJS-Log-Flusher/INFO] [NekoJS/]: [client] [ticket48-auto] {"stage":"sample","ticks":900,"elapsedMs":44534,"statistics":{"initialBuild":1,"layout":9,"reconcile":0,"resize":1,"paint":2326,"diagnostics":0,"cleanup":0},"disposed":false,"username":"","passwordLength":0,"error":"","submitting":false,"lastSubmitted":"","profile":2,"packFontWidth":36,"usernameRect":{"x":12,"y":57,"width":196,"height":12},"passwordRect":{"x":12,"y":88,"width":196,"height":12},"submitRect":{"x":12,"y":108,"width":92,"height":20}}
[0710月2026 00:38:13.372] [NekoJS-Log-Flusher/INFO] [NekoJS/]: [client] [ticket48-auto] {"stage":"sample","ticks":1000,"elapsedMs":49534,"statistics":{"initialBuild":1,"layout":27,"reconcile":18,"resize":1,"paint":2624,"diagnostics":0,"cleanup":0},"disposed":false,"username":"NekoTester","passwordLength":7,"error":"","submitting":true,"lastSubmitted":"NekoTester","profile":2,"packFontWidth":36,"usernameRect":{"x":12,"y":57,"width":196,"height":12},"passwordRect":{"x":12,"y":88,"width":196,"height":12},"submitRect":{"x":12,"y":108,"width":92,"height":20}}
[0710月2026 00:38:18.372] [NekoJS-Log-Flusher/INFO] [NekoJS/]: [client] [ticket48-auto] {"stage":"sample","ticks":1100,"elapsedMs":54547,"statistics":{"initialBuild":1,"layout":27,"reconcile":18,"resize":1,"paint":2923,"diagnostics":0,"cleanup":0},"disposed":false,"username":"NekoTester","passwordLength":7,"error":"","submitting":true,"lastSubmitted":"NekoTester","profile":2,"packFontWidth":36,"usernameRect":{"x":12,"y":57,"width":196,"height":12},"passwordRect":{"x":12,"y":88,"width":196,"height":12},"submitRect":{"x":12,"y":108,"width":92,"height":20}}
[0710月2026 00:38:23.372] [NekoJS-Log-Flusher/INFO] [NekoJS/]: [client] [ticket48-auto] {"stage":"sample","ticks":1200,"elapsedMs":59547,"statistics":{"initialBuild":1,"layout":27,"reconcile":18,"resize":1,"paint":3221,"diagnostics":0,"cleanup":0},"disposed":false,"username":"NekoTester","passwordLength":7,"error":"","submitting":true,"lastSubmitted":"NekoTester","profile":2,"packFontWidth":36,"usernameRect":{"x":12,"y":57,"width":196,"height":12},"passwordRect":{"x":12,"y":88,"width":196,"height":12},"submitRect":{"x":12,"y":108,"width":92,"height":20}}
[0710月2026 00:38:28.372] [NekoJS-Log-Flusher/INFO] [NekoJS/]: [client] [ticket48-auto] {"stage":"sample","ticks":1300,"elapsedMs":64541,"statistics":{"initialBuild":1,"layout":27,"reconcile":18,"resize":1,"paint":3519,"diagnostics":0,"cleanup":0},"disposed":false,"username":"NekoTester","passwordLength":7,"error":"","submitting":true,"lastSubmitted":"NekoTester","profile":2,"packFontWidth":36,"usernameRect":{"x":12,"y":57,"width":196,"height":12},"passwordRect":{"x":12,"y":88,"width":196,"height":12},"submitRect":{"x":12,"y":108,"width":92,"height":20}}
[0710月2026 00:38:33.372] [NekoJS-Log-Flusher/INFO] [NekoJS/]: [client] [ticket48-auto] {"stage":"sample","ticks":1400,"elapsedMs":69534,"statistics":{"initialBuild":1,"layout":27,"reconcile":18,"resize":1,"paint":3817,"diagnostics":0,"cleanup":0},"disposed":false,"username":"NekoTester","passwordLength":7,"error":"","submitting":true,"lastSubmitted":"NekoTester","profile":2,"packFontWidth":36,"usernameRect":{"x":12,"y":57,"width":196,"height":12},"passwordRect":{"x":12,"y":88,"width":196,"height":12},"submitRect":{"x":12,"y":108,"width":92,"height":20}}
[0710月2026 00:38:38.372] [NekoJS-Log-Flusher/INFO] [NekoJS/]: [client] [ticket48-auto] {"stage":"sample","ticks":1500,"elapsedMs":74542,"statistics":{"initialBuild":1,"layout":27,"reconcile":18,"resize":1,"paint":4116,"diagnostics":0,"cleanup":0},"disposed":false,"username":"NekoTester","passwordLength":7,"error":"","submitting":true,"lastSubmitted":"NekoTester","profile":2,"packFontWidth":36,"usernameRect":{"x":12,"y":57,"width":196,"height":12},"passwordRect":{"x":12,"y":88,"width":196,"height":12},"submitRect":{"x":12,"y":108,"width":92,"height":20}}
[0710月2026 00:38:43.372] [NekoJS-Log-Flusher/INFO] [NekoJS/]: [client] [ticket48-auto] {"stage":"sample","ticks":1600,"elapsedMs":79550,"statistics":{"initialBuild":1,"layout":27,"reconcile":18,"resize":1,"paint":4415,"diagnostics":0,"cleanup":0},"disposed":false,"username":"NekoTester","passwordLength":7,"error":"","submitting":true,"lastSubmitted":"NekoTester","profile":2,"packFontWidth":36,"usernameRect":{"x":12,"y":57,"width":196,"height":12},"passwordRect":{"x":12,"y":88,"width":196,"height":12},"submitRect":{"x":12,"y":108,"width":92,"height":20}}
[0710月2026 00:38:48.372] [NekoJS-Log-Flusher/INFO] [NekoJS/]: [client] [ticket48-auto] {"stage":"sample","ticks":1700,"elapsedMs":84544,"statistics":{"initialBuild":1,"layout":27,"reconcile":18,"resize":1,"paint":4713,"diagnostics":0,"cleanup":0},"disposed":false,"username":"NekoTester","passwordLength":7,"error":"","submitting":true,"lastSubmitted":"NekoTester","profile":2,"packFontWidth":36,"usernameRect":{"x":12,"y":57,"width":196,"height":12},"passwordRect":{"x":12,"y":88,"width":196,"height":12},"submitRect":{"x":12,"y":108,"width":92,"height":20}}
[0710月2026 00:38:51.674] [Render thread/INFO] [net.minecraft.client.gui.components.ChatComponent/]: [System] [CHAT] [Debug]: Reloaded resource packs
[0710月2026 00:38:51.677] [Render thread/WARN] [net.neoforged.neoforge.resource.ResourcePackLoader/]: Error reading optional pack metadata for mod/mcpmod, attempting fallback type
com.google.gson.JsonParseException: Pack declares support for version newer than 64, but is missing mandatory fields min_format and max_format
	at com.mojang.serialization.DataResult$Error.getOrThrow(DataResult.java:287) ~[datafixerupper-10.0.21.jar:?]
	at TRANSFORMER/minecraft@26.2/net.minecraft.server.packs.resources.ResourceMetadata$2.getSection(ResourceMetadata.java:38) ~[minecraft-client-patched-26.2.0.75.jar:?]
	at TRANSFORMER/minecraft@26.2/net.minecraft.server.packs.AbstractPackResources.getMetadataSection(AbstractPackResources.java:24) ~[minecraft-client-patched-26.2.0.75.jar:?]
	at TRANSFORMER/neoforge@26.2.0.75/net.neoforged.neoforge.resource.ResourcePackLoader.readMeta(ResourcePackLoader.java:202) ~[neoforge-26.2.0.75-universal.jar:?]
	at TRANSFORMER/neoforge@26.2.0.75/net.neoforged.neoforge.resource.ResourcePackLoader.readWithOptionalMeta(ResourcePackLoader.java:193) ~[neoforge-26.2.0.75-universal.jar:?]
	at TRANSFORMER/neoforge@26.2.0.75/net.neoforged.neoforge.resource.ResourcePackLoader.packFinder(ResourcePackLoader.java:134) ~[neoforge-26.2.0.75-universal.jar:?]
	at TRANSFORMER/neoforge@26.2.0.75/net.neoforged.neoforge.resource.ResourcePackLoader.lambda$buildPackFinder$0(ResourcePackLoader.java:97) ~[neoforge-26.2.0.75-universal.jar:?]
	at TRANSFORMER/minecraft@26.2/net.minecraft.server.packs.repository.PackRepository.discoverAvailable(PackRepository.java:45) ~[minecraft-client-patched-26.2.0.75.jar:?]
	at TRANSFORMER/minecraft@26.2/net.minecraft.server.packs.repository.PackRepository.reload(PackRepository.java:35) ~[minecraft-client-patched-26.2.0.75.jar:?]
	at TRANSFORMER/minecraft@26.2/net.minecraft.client.Minecraft.reloadResourcePacks(Minecraft.java:1046) [minecraft-client-patched-26.2.0.75.jar:?]
	at TRANSFORMER/minecraft@26.2/net.minecraft.client.Minecraft.reloadResourcePacks(Minecraft.java:1032) [minecraft-client-patched-26.2.0.75.jar:?]
	at TRANSFORMER/minecraft@26.2/net.minecraft.client.KeyboardHandler.handleDebugKeys(KeyboardHandler.java:282) [minecraft-client-patched-26.2.0.75.jar:?]
	at TRANSFORMER/minecraft@26.2/net.minecraft.client.KeyboardHandler.keyPress(KeyboardHandler.java:541) [minecraft-client-patched-26.2.0.75.jar:?]
	at TRANSFORMER/minecraft@26.2/net.minecraft.client.KeyboardHandler.lambda$setup$1(KeyboardHandler.java:630) [minecraft-client-patched-26.2.0.75.jar:?]
	at TRANSFORMER/minecraft@26.2/net.minecraft.util.thread.BlockableEventLoop.doRunTask(BlockableEventLoop.java:165) [minecraft-client-patched-26.2.0.75.jar:?]
	at TRANSFORMER/minecraft@26.2/net.minecraft.util.thread.ReentrantBlockableEventLoop.doRunTask(ReentrantBlockableEventLoop.java:24) [minecraft-client-patched-26.2.0.75.jar:?]
	at TRANSFORMER/minecraft@26.2/net.minecraft.util.thread.BlockableEventLoop.execute(BlockableEventLoop.java:108) [minecraft-client-patched-26.2.0.75.jar:?]
	at TRANSFORMER/minecraft@26.2/net.minecraft.client.KeyboardHandler.lambda$setup$0(KeyboardHandler.java:630) [minecraft-client-patched-26.2.0.75.jar:?]
	at org.lwjgl.glfw.GLFWKeyCallbackI.callback(GLFWKeyCallbackI.java:34) [lwjgl-glfw-3.4.1.jar:build 2]
	at org.lwjgl.system.JNI.invokeV(Native Method) [lwjgl-3.4.1-unsafe.jar:build 2]
	at org.lwjgl.glfw.GLFW.glfwPollEvents(GLFW.java:1600) [lwjgl-glfw-3.4.1.jar:build 2]
	at TRANSFORMER/minecraft@26.2/com.mojang.blaze3d.systems.RenderSystem.pollEvents(RenderSystem.java:105) [minecraft-client-patched-26.2.0.75.jar:?]
	at TRANSFORMER/minecraft@26.2/net.minecraft.client.Minecraft.run(Minecraft.java:927) [minecraft-client-patched-26.2.0.75.jar:?]
	at TRANSFORMER/minecraft@26.2/net.minecraft.client.main.Main.main(Main.java:294) [minecraft-client-patched-26.2.0.75.jar:?]
	at net.neoforged.fml.startup.Client.main(Client.java:19) [loader-11.0.16.jar:11.0]
[0710月2026 00:38:51.678] [Render thread/INFO] [net.minecraft.server.packs.resources.ReloadableResourceManager/]: Reloading ResourceManager: vanilla, mod_resources, mod/nekojs, mod/graalmc, mod/neoforge, mod/mcpmod, nekojs
[0710月2026 00:38:51.685] [Worker-Main-110/INFO] [net.minecraft.client.gui.font.providers.UnihexProvider/]: Found unifont_pua-17.0.01.hex, loading
[0710月2026 00:38:51.685] [Worker-Main-114/INFO] [net.minecraft.client.gui.font.providers.UnihexProvider/]: Found unifont_all_no_pua-17.0.01.hex, loading
[0710月2026 00:38:51.706] [Worker-Main-108/INFO] [net.minecraft.client.gui.font.providers.UnihexProvider/]: Found unifont_jp_patch-17.0.01.hex, loading
[0710月2026 00:38:52.066] [Render thread/WARN] [com.mojang.blaze3d.opengl.GlProgram/]: neoforge:pipeline/item_translucent_unlit shader program does not use sampler Sampler2 defined in the pipeline. This might be a bug.
[0710月2026 00:38:52.069] [Render thread/WARN] [com.mojang.blaze3d.opengl.GlProgram/]: neoforge:pipeline/item_cutout_unlit shader program does not use sampler Sampler2 defined in the pipeline. This might be a bug.
[0710月2026 00:38:52.098] [Render thread/INFO] [com.mojang.blaze3d.audio.Library/]: OpenAL initialized on device OpenAL Soft on 扬声器 (Razer Barracuda X)
[0710月2026 00:38:52.098] [Render thread/INFO] [net.minecraft.client.sounds.SoundEngine/SOUNDS]: Sound engine started
[0710月2026 00:38:52.098] [Render thread/INFO] [net.minecraft.client.renderer.texture.TextureAtlas/]: Created: 512x256x0 minecraft:textures/atlas/particles.png-atlas
[0710月2026 00:38:52.102] [Render thread/INFO] [net.minecraft.client.renderer.texture.TextureAtlas/]: Created: 128x128x0 minecraft:textures/atlas/decorated_pot.png-atlas
[0710月2026 00:38:52.104] [Render thread/INFO] [net.minecraft.client.renderer.texture.TextureAtlas/]: Created: 2048x1024x0 minecraft:textures/atlas/armor_trims.png-atlas
[0710月2026 00:38:52.123] [Render thread/INFO] [net.minecraft.client.renderer.texture.TextureAtlas/]: Created: 512x256x0 minecraft:textures/atlas/paintings.png-atlas
[0710月2026 00:38:52.151] [Render thread/INFO] [net.minecraft.client.renderer.texture.TextureAtlas/]: Created: 1024x512x0 minecraft:textures/atlas/shield_patterns.png-atlas
[0710月2026 00:38:52.153] [Render thread/INFO] [net.minecraft.client.renderer.texture.TextureAtlas/]: Created: 2048x2048x4 minecraft:textures/atlas/blocks.png-atlas
[0710月2026 00:38:52.201] [Render thread/INFO] [net.minecraft.client.renderer.texture.TextureAtlas/]: Created: 512x512x0 minecraft:textures/atlas/chest.png-atlas
[0710月2026 00:38:52.240] [Render thread/INFO] [net.minecraft.client.renderer.texture.TextureAtlas/]: Created: 256x128x0 minecraft:textures/atlas/celestials.png-atlas
[0710月2026 00:38:52.241] [Render thread/INFO] [net.minecraft.client.renderer.texture.TextureAtlas/]: Created: 1024x512x0 minecraft:textures/atlas/banner_patterns.png-atlas
[0710月2026 00:38:52.243] [Render thread/INFO] [net.minecraft.client.renderer.texture.TextureAtlas/]: Created: 1024x512x0 minecraft:textures/atlas/items.png-atlas
[0710月2026 00:38:52.256] [Render thread/INFO] [net.minecraft.client.renderer.texture.TextureAtlas/]: Created: 1024x1024x0 minecraft:textures/atlas/gui.png-atlas
[0710月2026 00:38:52.279] [Render thread/INFO] [net.minecraft.client.renderer.texture.TextureAtlas/]: Created: 128x64x0 minecraft:textures/atlas/map_decorations.png-atlas
[0710月2026 00:38:52.300] [Render thread/INFO] [net.minecraft.client.renderer.texture.TextureAtlas/]: Created: 512x512x0 minecraft:textures/atlas/shulker_boxes.png-atlas
[0710月2026 00:38:52.368] [Render thread/INFO] [net.neoforged.neoforge.client.entity.animation.json.AnimationLoader/]: Loaded 0 entity animations
[0710月2026 00:38:52.419] [Render thread/INFO] [NekoJS/]: 正在为 CLIENT 注册 16 个事件组... — registering event groups
[0710月2026 00:38:52.424] [Render thread/INFO] [NekoJS/]: [client] 正在重载 CLIENT 脚本... — reloading scripts (x2)
[0710月2026 00:38:52.475] [Render thread/INFO] [NekoJS/]: [client] 发现了 4 个 CLIENT 脚本 — scripts discovered
[0710月2026 00:38:52.485] [Render thread/ERROR] [NekoJS/]: [client] [NEKO-1003] 脚本执行失败: nekojs:client/src/deliberate-failure.js
环境: CLIENT
位置: client_scripts/src/deliberate-failure.js:3:7
原因: ticket48 deliberate candidate failure

new Error('ticket48 deliberate candidate failure')

堆栈: at anonymous (client_scripts/src/deliberate-failure.js:3)
script-diagnostic id=nekojs:client/src/deliberate-failure.js type=client phase=EXECUTION owner=Script Execution Environment generation=7 candidate=true source=client_scripts/src/deliberate-failure.js:1:7 module=client_scripts/src/deliberate-failure.js cacheRevision=e1216c14d365494fceee85744cb819b820097bf083bcf29bbb146fdb519734ac cause=PolyglotException: Error: ticket48 deliberate candidate failure — script execution failed
[0710月2026 00:38:52.486] [Render thread/INFO] [com.tkisor.nekojs.client.posteffect.PostEffectManager/]: Installed client post-effect generation 6 (0 definition(s), 0 removed, 0 re-declared)
[0710月2026 00:38:52.489] [Render thread/INFO] [NekoJS/]: [client] Hello, World! (Loaded client example script)
[0710月2026 00:38:53.372] [NekoJS-Log-Flusher/INFO] [NekoJS/]: [client] CLIENT 脚本重载完毕 — script reload finished (x2)
[0710月2026 00:38:58.044] [Render thread/INFO] [NekoJS/]: [client] [ticket48-auto] {"stage":"open","ticks":120,"elapsedMs":5596,"statistics":{"initialBuild":1,"layout":2,"reconcile":0,"resize":1,"paint":0,"diagnostics":0,"cleanup":0},"disposed":false,"username":"","passwordLength":0,"error":"","submitting":false,"lastSubmitted":"","profile":2,"packFontWidth":36,"usernameRect":{"x":12,"y":57,"width":196,"height":12},"passwordRect":{"x":12,"y":88,"width":196,"height":12},"submitRect":{"x":12,"y":108,"width":92,"height":20}}
[0710月2026 00:38:58.051] [Render thread/INFO] [NekoJS/]: [client] [ticket48-auto] {"stage":"profile-1-result-true","ticks":120,"elapsedMs":5601,"statistics":{"initialBuild":1,"layout":3,"reconcile":0,"resize":1,"paint":0,"diagnostics":0,"cleanup":0},"disposed":false,"username":"","passwordLength":0,"error":"","submitting":false,"lastSubmitted":"","profile":1,"packFontWidth":36,"usernameRect":{"x":12,"y":57,"width":196,"height":12},"passwordRect":{"x":12,"y":88,"width":196,"height":12},"submitRect":{"x":12,"y":108,"width":92,"height":20}}
[0710月2026 00:38:58.056] [Render thread/INFO] [NekoJS/]: [client] [ticket48-auto] {"stage":"profile-2-result-true","ticks":120,"elapsedMs":5608,"statistics":{"initialBuild":1,"layout":4,"reconcile":0,"resize":1,"paint":0,"diagnostics":0,"cleanup":0},"disposed":false,"username":"","passwordLength":0,"error":"","submitting":false,"lastSubmitted":"","profile":2,"packFontWidth":36,"usernameRect":{"x":12,"y":57,"width":196,"height":12},"passwordRect":{"x":12,"y":88,"width":196,"height":12},"submitRect":{"x":12,"y":108,"width":92,"height":20}}
[0710月2026 00:38:58.059] [Render thread/INFO] [NekoJS/]: [client] [ticket48-auto] {"stage":"profile-3-result-true","ticks":120,"elapsedMs":5612,"statistics":{"initialBuild":1,"layout":5,"reconcile":0,"resize":1,"paint":0,"diagnostics":0,"cleanup":0},"disposed":false,"username":"","passwordLength":0,"error":"","submitting":false,"lastSubmitted":"","profile":3,"packFontWidth":36,"usernameRect":{"x":12,"y":57,"width":196,"height":12},"passwordRect":{"x":12,"y":88,"width":196,"height":12},"submitRect":{"x":12,"y":108,"width":92,"height":20}}
[0710月2026 00:38:58.063] [Render thread/INFO] [NekoJS/]: [client] [ticket48-auto] {"stage":"profile-4-result-true","ticks":120,"elapsedMs":5616,"statistics":{"initialBuild":1,"layout":6,"reconcile":0,"resize":1,"paint":0,"diagnostics":0,"cleanup":0},"disposed":false,"username":"","passwordLength":0,"error":"","submitting":false,"lastSubmitted":"","profile":4,"packFontWidth":36,"usernameRect":{"x":12,"y":57,"width":196,"height":12},"passwordRect":{"x":12,"y":88,"width":196,"height":12},"submitRect":{"x":12,"y":108,"width":92,"height":20}}
[0710月2026 00:38:58.067] [Render thread/INFO] [NekoJS/]: [client] [ticket48-auto] {"stage":"profile-5-result-true","ticks":120,"elapsedMs":5620,"statistics":{"initialBuild":1,"layout":7,"reconcile":0,"resize":1,"paint":0,"diagnostics":0,"cleanup":0},"disposed":false,"username":"","passwordLength":0,"error":"","submitting":false,"lastSubmitted":"","profile":5,"packFontWidth":36,"usernameRect":{"x":12,"y":57,"width":196,"height":12},"passwordRect":{"x":12,"y":88,"width":196,"height":12},"submitRect":{"x":12,"y":108,"width":92,"height":20}}
[0710月2026 00:38:58.070] [Render thread/INFO] [NekoJS/]: [client] [ticket48-auto] {"stage":"profile-6-result-true","ticks":120,"elapsedMs":5624,"statistics":{"initialBuild":1,"layout":8,"reconcile":0,"resize":1,"paint":0,"diagnostics":0,"cleanup":0},"disposed":false,"username":"","passwordLength":0,"error":"","submitting":false,"lastSubmitted":"","profile":6,"packFontWidth":36,"usernameRect":{"x":12,"y":59,"width":196,"height":12},"passwordRect":{"x":12,"y":90,"width":196,"height":12},"submitRect":{"x":12,"y":110,"width":92,"height":20}}
[0710月2026 00:38:58.372] [NekoJS-Log-Flusher/INFO] [NekoJS/]: [client] [ticket48-auto] {"stage":"physical-window-restored","ticks":120,"elapsedMs":5626,"statistics":{"initialBuild":1,"layout":9,"reconcile":0,"resize":1,"paint":0,"diagnostics":0,"cleanup":0},"disposed":false,"username":"","passwordLength":0,"error":"","submitting":false,"lastSubmitted":"","profile":2,"packFontWidth":36,"usernameRect":{"x":12,"y":57,"width":196,"height":12},"passwordRect":{"x":12,"y":88,"width":196,"height":12},"submitRect":{"x":12,"y":108,"width":92,"height":20}}
[0710月2026 00:39:02.372] [NekoJS-Log-Flusher/INFO] [NekoJS/]: [client] [ticket48-auto] {"stage":"sample","ticks":200,"elapsedMs":9570,"statistics":{"initialBuild":1,"layout":9,"reconcile":0,"resize":1,"paint":236,"diagnostics":0,"cleanup":0},"disposed":false,"username":"","passwordLength":0,"error":"","submitting":false,"lastSubmitted":"","profile":2,"packFontWidth":36,"usernameRect":{"x":12,"y":57,"width":196,"height":12},"passwordRect":{"x":12,"y":88,"width":196,"height":12},"submitRect":{"x":12,"y":108,"width":92,"height":20}}
[0710月2026 00:39:07.371] [NekoJS-Log-Flusher/INFO] [NekoJS/]: [client] [ticket48-auto] {"stage":"sample","ticks":300,"elapsedMs":14575,"statistics":{"initialBuild":1,"layout":9,"reconcile":0,"resize":1,"paint":535,"diagnostics":0,"cleanup":0},"disposed":false,"username":"","passwordLength":0,"error":"","submitting":false,"lastSubmitted":"","profile":2,"packFontWidth":36,"usernameRect":{"x":12,"y":57,"width":196,"height":12},"passwordRect":{"x":12,"y":88,"width":196,"height":12},"submitRect":{"x":12,"y":108,"width":92,"height":20}}
[0710月2026 00:39:12.371] [NekoJS-Log-Flusher/INFO] [NekoJS/]: [client] [ticket48-auto] {"stage":"sample","ticks":400,"elapsedMs":19580,"statistics":{"initialBuild":1,"layout":9,"reconcile":0,"resize":1,"paint":834,"diagnostics":0,"cleanup":0},"disposed":false,"username":"","passwordLength":0,"error":"","submitting":false,"lastSubmitted":"","profile":2,"packFontWidth":36,"usernameRect":{"x":12,"y":57,"width":196,"height":12},"passwordRect":{"x":12,"y":88,"width":196,"height":12},"submitRect":{"x":12,"y":108,"width":92,"height":20}}
[0710月2026 00:39:17.372] [NekoJS-Log-Flusher/INFO] [NekoJS/]: [client] [ticket48-auto] {"stage":"sample","ticks":500,"elapsedMs":24571,"statistics":{"initialBuild":1,"layout":9,"reconcile":0,"resize":1,"paint":1132,"diagnostics":0,"cleanup":0},"disposed":false,"username":"","passwordLength":0,"error":"","submitting":false,"lastSubmitted":"","profile":2,"packFontWidth":36,"usernameRect":{"x":12,"y":57,"width":196,"height":12},"passwordRect":{"x":12,"y":88,"width":196,"height":12},"submitRect":{"x":12,"y":108,"width":92,"height":20}}
[0710月2026 00:39:22.372] [NekoJS-Log-Flusher/INFO] [NekoJS/]: [client] [ticket48-auto] {"stage":"sample","ticks":600,"elapsedMs":29579,"statistics":{"initialBuild":1,"layout":9,"reconcile":0,"resize":1,"paint":1431,"diagnostics":0,"cleanup":0},"disposed":false,"username":"","passwordLength":0,"error":"","submitting":false,"lastSubmitted":"","profile":2,"packFontWidth":36,"usernameRect":{"x":12,"y":57,"width":196,"height":12},"passwordRect":{"x":12,"y":88,"width":196,"height":12},"submitRect":{"x":12,"y":108,"width":92,"height":20}}
[0710月2026 00:39:27.372] [NekoJS-Log-Flusher/INFO] [NekoJS/]: [client] [ticket48-auto] {"stage":"sample","ticks":700,"elapsedMs":34569,"statistics":{"initialBuild":1,"layout":9,"reconcile":0,"resize":1,"paint":1729,"diagnostics":0,"cleanup":0},"disposed":false,"username":"","passwordLength":0,"error":"","submitting":false,"lastSubmitted":"","profile":2,"packFontWidth":36,"usernameRect":{"x":12,"y":57,"width":196,"height":12},"passwordRect":{"x":12,"y":88,"width":196,"height":12},"submitRect":{"x":12,"y":108,"width":92,"height":20}}
[0710月2026 00:39:32.372] [NekoJS-Log-Flusher/INFO] [NekoJS/]: [client] [ticket48-auto] {"stage":"sample","ticks":800,"elapsedMs":39575,"statistics":{"initialBuild":1,"layout":9,"reconcile":0,"resize":1,"paint":2028,"diagnostics":0,"cleanup":0},"disposed":false,"username":"","passwordLength":0,"error":"","submitting":false,"lastSubmitted":"","profile":2,"packFontWidth":36,"usernameRect":{"x":12,"y":57,"width":196,"height":12},"passwordRect":{"x":12,"y":88,"width":196,"height":12},"submitRect":{"x":12,"y":108,"width":92,"height":20}}
[0710月2026 00:39:37.371] [NekoJS-Log-Flusher/INFO] [NekoJS/]: [client] [ticket48-auto] {"stage":"sample","ticks":900,"elapsedMs":44579,"statistics":{"initialBuild":1,"layout":9,"reconcile":0,"resize":1,"paint":2327,"diagnostics":0,"cleanup":0},"disposed":false,"username":"","passwordLength":0,"error":"","submitting":false,"lastSubmitted":"","profile":2,"packFontWidth":36,"usernameRect":{"x":12,"y":57,"width":196,"height":12},"passwordRect":{"x":12,"y":88,"width":196,"height":12},"submitRect":{"x":12,"y":108,"width":92,"height":20}}
[0710月2026 00:39:42.371] [NekoJS-Log-Flusher/INFO] [NekoJS/]: [client] [ticket48-auto] {"stage":"sample","ticks":1000,"elapsedMs":49570,"statistics":{"initialBuild":1,"layout":9,"reconcile":0,"resize":1,"paint":2625,"diagnostics":0,"cleanup":0},"disposed":false,"username":"","passwordLength":0,"error":"","submitting":false,"lastSubmitted":"","profile":2,"packFontWidth":36,"usernameRect":{"x":12,"y":57,"width":196,"height":12},"passwordRect":{"x":12,"y":88,"width":196,"height":12},"submitRect":{"x":12,"y":108,"width":92,"height":20}}
[0710月2026 00:39:47.372] [NekoJS-Log-Flusher/INFO] [NekoJS/]: [client] [ticket48-auto] {"stage":"sample","ticks":1100,"elapsedMs":54576,"statistics":{"initialBuild":1,"layout":9,"reconcile":0,"resize":1,"paint":2924,"diagnostics":0,"cleanup":0},"disposed":false,"username":"","passwordLength":0,"error":"","submitting":false,"lastSubmitted":"","profile":2,"packFontWidth":36,"usernameRect":{"x":12,"y":57,"width":196,"height":12},"passwordRect":{"x":12,"y":88,"width":196,"height":12},"submitRect":{"x":12,"y":108,"width":92,"height":20}}
[0710月2026 00:39:52.372] [NekoJS-Log-Flusher/INFO] [NekoJS/]: [client] [ticket48-auto] {"stage":"sample","ticks":1200,"elapsedMs":59584,"statistics":{"initialBuild":1,"layout":9,"reconcile":0,"resize":1,"paint":3216,"diagnostics":0,"cleanup":0},"disposed":false,"username":"","passwordLength":0,"error":"","submitting":false,"lastSubmitted":"","profile":2,"packFontWidth":36,"usernameRect":{"x":12,"y":57,"width":196,"height":12},"passwordRect":{"x":12,"y":88,"width":196,"height":12},"submitRect":{"x":12,"y":108,"width":92,"height":20}}
[0710月2026 00:39:57.372] [NekoJS-Log-Flusher/INFO] [NekoJS/]: [client] [ticket48-auto] {"stage":"sample","ticks":1300,"elapsedMs":64599,"statistics":{"initialBuild":1,"layout":9,"reconcile":0,"resize":1,"paint":3366,"diagnostics":0,"cleanup":0},"disposed":false,"username":"","passwordLength":0,"error":"","submitting":false,"lastSubmitted":"","profile":2,"packFontWidth":36,"usernameRect":{"x":12,"y":57,"width":196,"height":12},"passwordRect":{"x":12,"y":88,"width":196,"height":12},"submitRect":{"x":12,"y":108,"width":92,"height":20}}
[0710月2026 00:40:02.372] [NekoJS-Log-Flusher/INFO] [NekoJS/]: [client] [ticket48-auto] {"stage":"sample","ticks":1400,"elapsedMs":69576,"statistics":{"initialBuild":1,"layout":9,"reconcile":0,"resize":1,"paint":3515,"diagnostics":0,"cleanup":0},"disposed":false,"username":"","passwordLength":0,"error":"","submitting":false,"lastSubmitted":"","profile":2,"packFontWidth":36,"usernameRect":{"x":12,"y":57,"width":196,"height":12},"passwordRect":{"x":12,"y":88,"width":196,"height":12},"submitRect":{"x":12,"y":108,"width":92,"height":20}}
[0710月2026 00:40:07.372] [NekoJS-Log-Flusher/INFO] [NekoJS/]: [client] [ticket48-auto] {"stage":"sample","ticks":1500,"elapsedMs":74593,"statistics":{"initialBuild":1,"layout":9,"reconcile":0,"resize":1,"paint":3665,"diagnostics":0,"cleanup":0},"disposed":false,"username":"","passwordLength":0,"error":"","submitting":false,"lastSubmitted":"","profile":2,"packFontWidth":36,"usernameRect":{"x":12,"y":57,"width":196,"height":12},"passwordRect":{"x":12,"y":88,"width":196,"height":12},"submitRect":{"x":12,"y":108,"width":92,"height":20}}
[0710月2026 00:40:12.372] [NekoJS-Log-Flusher/INFO] [NekoJS/]: [client] [ticket48-auto] {"stage":"sample","ticks":1600,"elapsedMs":79571,"statistics":{"initialBuild":1,"layout":9,"reconcile":0,"resize":1,"paint":3814,"diagnostics":0,"cleanup":0},"disposed":false,"username":"","passwordLength":0,"error":"","submitting":false,"lastSubmitted":"","profile":2,"packFontWidth":36,"usernameRect":{"x":12,"y":57,"width":196,"height":12},"passwordRect":{"x":12,"y":88,"width":196,"height":12},"submitRect":{"x":12,"y":108,"width":92,"height":20}}
[0710月2026 00:40:17.372] [NekoJS-Log-Flusher/INFO] [NekoJS/]: [client] [ticket48-auto] {"stage":"sample","ticks":1700,"elapsedMs":84583,"statistics":{"initialBuild":1,"layout":9,"reconcile":0,"resize":1,"paint":3964,"diagnostics":0,"cleanup":0},"disposed":false,"username":"","passwordLength":0,"error":"","submitting":false,"lastSubmitted":"","profile":2,"packFontWidth":36,"usernameRect":{"x":12,"y":57,"width":196,"height":12},"passwordRect":{"x":12,"y":88,"width":196,"height":12},"submitRect":{"x":12,"y":108,"width":92,"height":20}}
[0710月2026 00:40:22.371] [NekoJS-Log-Flusher/INFO] [NekoJS/]: [client] [ticket48-auto] {"stage":"sample","ticks":1800,"elapsedMs":89596,"statistics":{"initialBuild":1,"layout":9,"reconcile":0,"resize":1,"paint":4114,"diagnostics":0,"cleanup":0},"disposed":false,"username":"","passwordLength":0,"error":"","submitting":false,"lastSubmitted":"","profile":2,"packFontWidth":36,"usernameRect":{"x":12,"y":57,"width":196,"height":12},"passwordRect":{"x":12,"y":88,"width":196,"height":12},"submitRect":{"x":12,"y":108,"width":92,"height":20}}
[0710月2026 00:40:27.372] [NekoJS-Log-Flusher/INFO] [NekoJS/]: [client] [ticket48-auto] {"stage":"sample","ticks":1900,"elapsedMs":94578,"statistics":{"initialBuild":1,"layout":9,"reconcile":0,"resize":1,"paint":4263,"diagnostics":0,"cleanup":0},"disposed":false,"username":"","passwordLength":0,"error":"","submitting":false,"lastSubmitted":"","profile":2,"packFontWidth":36,"usernameRect":{"x":12,"y":57,"width":196,"height":12},"passwordRect":{"x":12,"y":88,"width":196,"height":12},"submitRect":{"x":12,"y":108,"width":92,"height":20}}
[0710月2026 00:40:32.372] [NekoJS-Log-Flusher/INFO] [NekoJS/]: [client] [ticket48-auto] {"stage":"sample","ticks":2000,"elapsedMs":99596,"statistics":{"initialBuild":1,"layout":9,"reconcile":0,"resize":1,"paint":4413,"diagnostics":0,"cleanup":0},"disposed":false,"username":"","passwordLength":0,"error":"","submitting":false,"lastSubmitted":"","profile":2,"packFontWidth":36,"usernameRect":{"x":12,"y":57,"width":196,"height":12},"passwordRect":{"x":12,"y":88,"width":196,"height":12},"submitRect":{"x":12,"y":108,"width":92,"height":20}}
[0710月2026 00:40:37.372] [NekoJS-Log-Flusher/INFO] [NekoJS/]: [client] [ticket48-auto] {"stage":"sample","ticks":2100,"elapsedMs":104577,"statistics":{"initialBuild":1,"layout":9,"reconcile":0,"resize":1,"paint":4562,"diagnostics":0,"cleanup":0},"disposed":false,"username":"","passwordLength":0,"error":"","submitting":false,"lastSubmitted":"","profile":2,"packFontWidth":36,"usernameRect":{"x":12,"y":57,"width":196,"height":12},"passwordRect":{"x":12,"y":88,"width":196,"height":12},"submitRect":{"x":12,"y":108,"width":92,"height":20}}
[0710月2026 00:40:42.372] [NekoJS-Log-Flusher/INFO] [NekoJS/]: [client] [ticket48-auto] {"stage":"sample","ticks":2200,"elapsedMs":109593,"statistics":{"initialBuild":1,"layout":9,"reconcile":0,"resize":1,"paint":4712,"diagnostics":0,"cleanup":0},"disposed":false,"username":"","passwordLength":0,"error":"","submitting":false,"lastSubmitted":"","profile":2,"packFontWidth":36,"usernameRect":{"x":12,"y":57,"width":196,"height":12},"passwordRect":{"x":12,"y":88,"width":196,"height":12},"submitRect":{"x":12,"y":108,"width":92,"height":20}}
[0710月2026 00:40:47.373] [NekoJS-Log-Flusher/INFO] [NekoJS/]: [client] [ticket48-auto] {"stage":"sample","ticks":2300,"elapsedMs":114571,"statistics":{"initialBuild":1,"layout":9,"reconcile":0,"resize":1,"paint":4861,"diagnostics":0,"cleanup":0},"disposed":false,"username":"","passwordLength":0,"error":"","submitting":false,"lastSubmitted":"","profile":2,"packFontWidth":36,"usernameRect":{"x":12,"y":57,"width":196,"height":12},"passwordRect":{"x":12,"y":88,"width":196,"height":12},"submitRect":{"x":12,"y":108,"width":92,"height":20}}
[0710月2026 00:40:52.372] [NekoJS-Log-Flusher/INFO] [NekoJS/]: [client] [ticket48-auto] {"stage":"sample","ticks":2400,"elapsedMs":119585,"statistics":{"initialBuild":1,"layout":9,"reconcile":0,"resize":1,"paint":5011,"diagnostics":0,"cleanup":0},"disposed":false,"username":"","passwordLength":0,"error":"","submitting":false,"lastSubmitted":"","profile":2,"packFontWidth":36,"usernameRect":{"x":12,"y":57,"width":196,"height":12},"passwordRect":{"x":12,"y":88,"width":196,"height":12},"submitRect":{"x":12,"y":108,"width":92,"height":20}}
[0710月2026 00:40:57.372] [NekoJS-Log-Flusher/INFO] [NekoJS/]: [client] [ticket48-auto] {"stage":"sample","ticks":2500,"elapsedMs":124598,"statistics":{"initialBuild":1,"layout":9,"reconcile":0,"resize":1,"paint":5161,"diagnostics":0,"cleanup":0},"disposed":false,"username":"","passwordLength":0,"error":"","submitting":false,"lastSubmitted":"","profile":2,"packFontWidth":36,"usernameRect":{"x":12,"y":57,"width":196,"height":12},"passwordRect":{"x":12,"y":88,"width":196,"height":12},"submitRect":{"x":12,"y":108,"width":92,"height":20}}
[0710月2026 00:41:02.372] [NekoJS-Log-Flusher/INFO] [NekoJS/]: [client] [ticket48-auto] {"stage":"sample","ticks":2600,"elapsedMs":129579,"statistics":{"initialBuild":1,"layout":9,"reconcile":0,"resize":1,"paint":5310,"diagnostics":0,"cleanup":0},"disposed":false,"username":"","passwordLength":0,"error":"","submitting":false,"lastSubmitted":"","profile":2,"packFontWidth":36,"usernameRect":{"x":12,"y":57,"width":196,"height":12},"passwordRect":{"x":12,"y":88,"width":196,"height":12},"submitRect":{"x":12,"y":108,"width":92,"height":20}}
[0710月2026 00:41:07.372] [NekoJS-Log-Flusher/INFO] [NekoJS/]: [client] [ticket48-auto] {"stage":"sample","ticks":2700,"elapsedMs":134594,"statistics":{"initialBuild":1,"layout":9,"reconcile":0,"resize":1,"paint":5460,"diagnostics":0,"cleanup":0},"disposed":false,"username":"","passwordLength":0,"error":"","submitting":false,"lastSubmitted":"","profile":2,"packFontWidth":36,"usernameRect":{"x":12,"y":57,"width":196,"height":12},"passwordRect":{"x":12,"y":88,"width":196,"height":12},"submitRect":{"x":12,"y":108,"width":92,"height":20}}
[0710月2026 00:41:12.372] [NekoJS-Log-Flusher/INFO] [NekoJS/]: [client] [ticket48-auto] {"stage":"sample","ticks":2800,"elapsedMs":139575,"statistics":{"initialBuild":1,"layout":9,"reconcile":0,"resize":1,"paint":5609,"diagnostics":0,"cleanup":0},"disposed":false,"username":"","passwordLength":0,"error":"","submitting":false,"lastSubmitted":"","profile":2,"packFontWidth":36,"usernameRect":{"x":12,"y":57,"width":196,"height":12},"passwordRect":{"x":12,"y":88,"width":196,"height":12},"submitRect":{"x":12,"y":108,"width":92,"height":20}}
[0710月2026 00:41:17.373] [NekoJS-Log-Flusher/INFO] [NekoJS/]: [client] [ticket48-auto] {"stage":"sample","ticks":2900,"elapsedMs":144591,"statistics":{"initialBuild":1,"layout":9,"reconcile":0,"resize":1,"paint":5759,"diagnostics":0,"cleanup":0},"disposed":false,"username":"","passwordLength":0,"error":"","submitting":false,"lastSubmitted":"","profile":2,"packFontWidth":36,"usernameRect":{"x":12,"y":57,"width":196,"height":12},"passwordRect":{"x":12,"y":88,"width":196,"height":12},"submitRect":{"x":12,"y":108,"width":92,"height":20}}
[0710月2026 00:41:22.372] [NekoJS-Log-Flusher/INFO] [NekoJS/]: [client] [ticket48-auto] {"stage":"sample","ticks":3000,"elapsedMs":149573,"statistics":{"initialBuild":1,"layout":9,"reconcile":0,"resize":1,"paint":5908,"diagnostics":0,"cleanup":0},"disposed":false,"username":"","passwordLength":0,"error":"","submitting":false,"lastSubmitted":"","profile":2,"packFontWidth":36,"usernameRect":{"x":12,"y":57,"width":196,"height":12},"passwordRect":{"x":12,"y":88,"width":196,"height":12},"submitRect":{"x":12,"y":108,"width":92,"height":20}}
[0710月2026 00:41:27.372] [NekoJS-Log-Flusher/INFO] [NekoJS/]: [client] [ticket48-auto] {"stage":"sample","ticks":3100,"elapsedMs":154586,"statistics":{"initialBuild":1,"layout":9,"reconcile":0,"resize":1,"paint":6058,"diagnostics":0,"cleanup":0},"disposed":false,"username":"","passwordLength":0,"error":"","submitting":false,"lastSubmitted":"","profile":2,"packFontWidth":36,"usernameRect":{"x":12,"y":57,"width":196,"height":12},"passwordRect":{"x":12,"y":88,"width":196,"height":12},"submitRect":{"x":12,"y":108,"width":92,"height":20}}
[0710月2026 00:41:32.372] [NekoJS-Log-Flusher/INFO] [NekoJS/]: [client] [ticket48-auto] {"stage":"sample","ticks":3200,"elapsedMs":159568,"statistics":{"initialBuild":1,"layout":9,"reconcile":0,"resize":1,"paint":6207,"diagnostics":0,"cleanup":0},"disposed":false,"username":"","passwordLength":0,"error":"","submitting":false,"lastSubmitted":"","profile":2,"packFontWidth":36,"usernameRect":{"x":12,"y":57,"width":196,"height":12},"passwordRect":{"x":12,"y":88,"width":196,"height":12},"submitRect":{"x":12,"y":108,"width":92,"height":20}}
[0710月2026 00:41:37.372] [NekoJS-Log-Flusher/INFO] [NekoJS/]: [client] [ticket48-auto] {"stage":"sample","ticks":3300,"elapsedMs":164584,"statistics":{"initialBuild":1,"layout":9,"reconcile":0,"resize":1,"paint":6357,"diagnostics":0,"cleanup":0},"disposed":false,"username":"","passwordLength":0,"error":"","submitting":false,"lastSubmitted":"","profile":2,"packFontWidth":36,"usernameRect":{"x":12,"y":57,"width":196,"height":12},"passwordRect":{"x":12,"y":88,"width":196,"height":12},"submitRect":{"x":12,"y":108,"width":92,"height":20}}
[0710月2026 00:41:42.372] [NekoJS-Log-Flusher/INFO] [NekoJS/]: [client] [ticket48-auto] {"stage":"sample","ticks":3400,"elapsedMs":169598,"statistics":{"initialBuild":1,"layout":9,"reconcile":0,"resize":1,"paint":6507,"diagnostics":0,"cleanup":0},"disposed":false,"username":"","passwordLength":0,"error":"","submitting":false,"lastSubmitted":"","profile":2,"packFontWidth":36,"usernameRect":{"x":12,"y":57,"width":196,"height":12},"passwordRect":{"x":12,"y":88,"width":196,"height":12},"submitRect":{"x":12,"y":108,"width":92,"height":20}}
[0710月2026 00:41:47.372] [NekoJS-Log-Flusher/INFO] [NekoJS/]: [client] [ticket48-auto] {"stage":"sample","ticks":3500,"elapsedMs":174576,"statistics":{"initialBuild":1,"layout":9,"reconcile":0,"resize":1,"paint":6656,"diagnostics":0,"cleanup":0},"disposed":false,"username":"","passwordLength":0,"error":"","submitting":false,"lastSubmitted":"","profile":2,"packFontWidth":36,"usernameRect":{"x":12,"y":57,"width":196,"height":12},"passwordRect":{"x":12,"y":88,"width":196,"height":12},"submitRect":{"x":12,"y":108,"width":92,"height":20}}
[0710月2026 00:41:52.372] [NekoJS-Log-Flusher/INFO] [NekoJS/]: [client] [ticket48-auto] {"stage":"sample","ticks":3600,"elapsedMs":179594,"statistics":{"initialBuild":1,"layout":9,"reconcile":0,"resize":1,"paint":6806,"diagnostics":0,"cleanup":0},"disposed":false,"username":"","passwordLength":0,"error":"","submitting":false,"lastSubmitted":"","profile":2,"packFontWidth":36,"usernameRect":{"x":12,"y":57,"width":196,"height":12},"passwordRect":{"x":12,"y":88,"width":196,"height":12},"submitRect":{"x":12,"y":108,"width":92,"height":20}}
[0710月2026 00:41:57.372] [NekoJS-Log-Flusher/INFO] [NekoJS/]: [client] [ticket48-auto] {"stage":"sample","ticks":3700,"elapsedMs":184574,"statistics":{"initialBuild":1,"layout":9,"reconcile":0,"resize":1,"paint":6955,"diagnostics":0,"cleanup":0},"disposed":false,"username":"","passwordLength":0,"error":"","submitting":false,"lastSubmitted":"","profile":2,"packFontWidth":36,"usernameRect":{"x":12,"y":57,"width":196,"height":12},"passwordRect":{"x":12,"y":88,"width":196,"height":12},"submitRect":{"x":12,"y":108,"width":92,"height":20}}
[0710月2026 00:42:02.372] [NekoJS-Log-Flusher/INFO] [NekoJS/]: [client] [ticket48-auto] {"stage":"sample","ticks":3800,"elapsedMs":189586,"statistics":{"initialBuild":1,"layout":9,"reconcile":0,"resize":1,"paint":7105,"diagnostics":0,"cleanup":0},"disposed":false,"username":"","passwordLength":0,"error":"","submitting":false,"lastSubmitted":"","profile":2,"packFontWidth":36,"usernameRect":{"x":12,"y":57,"width":196,"height":12},"passwordRect":{"x":12,"y":88,"width":196,"height":12},"submitRect":{"x":12,"y":108,"width":92,"height":20}}
[0710月2026 00:42:07.373] [NekoJS-Log-Flusher/INFO] [NekoJS/]: [client] [ticket48-auto] {"stage":"sample","ticks":3900,"elapsedMs":194567,"statistics":{"initialBuild":1,"layout":9,"reconcile":0,"resize":1,"paint":7254,"diagnostics":0,"cleanup":0},"disposed":false,"username":"","passwordLength":0,"error":"","submitting":false,"lastSubmitted":"","profile":2,"packFontWidth":36,"usernameRect":{"x":12,"y":57,"width":196,"height":12},"passwordRect":{"x":12,"y":88,"width":196,"height":12},"submitRect":{"x":12,"y":108,"width":92,"height":20}}
[0710月2026 00:42:12.372] [NekoJS-Log-Flusher/INFO] [NekoJS/]: [client] [ticket48-auto] {"stage":"sample","ticks":4000,"elapsedMs":199583,"statistics":{"initialBuild":1,"layout":9,"reconcile":0,"resize":1,"paint":7404,"diagnostics":0,"cleanup":0},"disposed":false,"username":"","passwordLength":0,"error":"","submitting":false,"lastSubmitted":"","profile":2,"packFontWidth":36,"usernameRect":{"x":12,"y":57,"width":196,"height":12},"passwordRect":{"x":12,"y":88,"width":196,"height":12},"submitRect":{"x":12,"y":108,"width":92,"height":20}}
[0710月2026 00:42:17.372] [NekoJS-Log-Flusher/INFO] [NekoJS/]: [client] [ticket48-auto] {"stage":"sample","ticks":4100,"elapsedMs":204597,"statistics":{"initialBuild":1,"layout":9,"reconcile":0,"resize":1,"paint":7554,"diagnostics":0,"cleanup":0},"disposed":false,"username":"","passwordLength":0,"error":"","submitting":false,"lastSubmitted":"","profile":2,"packFontWidth":36,"usernameRect":{"x":12,"y":57,"width":196,"height":12},"passwordRect":{"x":12,"y":88,"width":196,"height":12},"submitRect":{"x":12,"y":108,"width":92,"height":20}}
[0710月2026 00:42:22.372] [NekoJS-Log-Flusher/INFO] [NekoJS/]: [client] [ticket48-auto] {"stage":"sample","ticks":4200,"elapsedMs":209577,"statistics":{"initialBuild":1,"layout":9,"reconcile":0,"resize":1,"paint":7703,"diagnostics":0,"cleanup":0},"disposed":false,"username":"","passwordLength":0,"error":"","submitting":false,"lastSubmitted":"","profile":2,"packFontWidth":36,"usernameRect":{"x":12,"y":57,"width":196,"height":12},"passwordRect":{"x":12,"y":88,"width":196,"height":12},"submitRect":{"x":12,"y":108,"width":92,"height":20}}
[0710月2026 00:42:27.372] [NekoJS-Log-Flusher/INFO] [NekoJS/]: [client] [ticket48-auto] {"stage":"sample","ticks":4300,"elapsedMs":214590,"statistics":{"initialBuild":1,"layout":9,"reconcile":0,"resize":1,"paint":7853,"diagnostics":0,"cleanup":0},"disposed":false,"username":"","passwordLength":0,"error":"","submitting":false,"lastSubmitted":"","profile":2,"packFontWidth":36,"usernameRect":{"x":12,"y":57,"width":196,"height":12},"passwordRect":{"x":12,"y":88,"width":196,"height":12},"submitRect":{"x":12,"y":108,"width":92,"height":20}}
[0710月2026 00:42:32.372] [NekoJS-Log-Flusher/INFO] [NekoJS/]: [client] [ticket48-auto] {"stage":"sample","ticks":4400,"elapsedMs":219570,"statistics":{"initialBuild":1,"layout":9,"reconcile":0,"resize":1,"paint":8002,"diagnostics":0,"cleanup":0},"disposed":false,"username":"","passwordLength":0,"error":"","submitting":false,"lastSubmitted":"","profile":2,"packFontWidth":36,"usernameRect":{"x":12,"y":57,"width":196,"height":12},"passwordRect":{"x":12,"y":88,"width":196,"height":12},"submitRect":{"x":12,"y":108,"width":92,"height":20}}
[0710月2026 00:42:37.372] [NekoJS-Log-Flusher/INFO] [NekoJS/]: [client] [ticket48-auto] {"stage":"sample","ticks":4500,"elapsedMs":224583,"statistics":{"initialBuild":1,"layout":9,"reconcile":0,"resize":1,"paint":8152,"diagnostics":0,"cleanup":0},"disposed":false,"username":"","passwordLength":0,"error":"","submitting":false,"lastSubmitted":"","profile":2,"packFontWidth":36,"usernameRect":{"x":12,"y":57,"width":196,"height":12},"passwordRect":{"x":12,"y":88,"width":196,"height":12},"submitRect":{"x":12,"y":108,"width":92,"height":20}}
[0710月2026 00:42:42.372] [NekoJS-Log-Flusher/INFO] [NekoJS/]: [client] [ticket48-auto] {"stage":"sample","ticks":4600,"elapsedMs":229596,"statistics":{"initialBuild":1,"layout":9,"reconcile":0,"resize":1,"paint":8302,"diagnostics":0,"cleanup":0},"disposed":false,"username":"","passwordLength":0,"error":"","submitting":false,"lastSubmitted":"","profile":2,"packFontWidth":36,"usernameRect":{"x":12,"y":57,"width":196,"height":12},"passwordRect":{"x":12,"y":88,"width":196,"height":12},"submitRect":{"x":12,"y":108,"width":92,"height":20}}
[0710月2026 00:42:47.372] [NekoJS-Log-Flusher/INFO] [NekoJS/]: [client] [ticket48-auto] {"stage":"sample","ticks":4700,"elapsedMs":234571,"statistics":{"initialBuild":1,"layout":9,"reconcile":0,"resize":1,"paint":8451,"diagnostics":0,"cleanup":0},"disposed":false,"username":"","passwordLength":0,"error":"","submitting":false,"lastSubmitted":"","profile":2,"packFontWidth":36,"usernameRect":{"x":12,"y":57,"width":196,"height":12},"passwordRect":{"x":12,"y":88,"width":196,"height":12},"submitRect":{"x":12,"y":108,"width":92,"height":20}}
[0710月2026 00:42:52.372] [NekoJS-Log-Flusher/INFO] [NekoJS/]: [client] [ticket48-auto] {"stage":"sample","ticks":4800,"elapsedMs":239585,"statistics":{"initialBuild":1,"layout":9,"reconcile":0,"resize":1,"paint":8601,"diagnostics":0,"cleanup":0},"disposed":false,"username":"","passwordLength":0,"error":"","submitting":false,"lastSubmitted":"","profile":2,"packFontWidth":36,"usernameRect":{"x":12,"y":57,"width":196,"height":12},"passwordRect":{"x":12,"y":88,"width":196,"height":12},"submitRect":{"x":12,"y":108,"width":92,"height":20}}
[0710月2026 00:42:57.372] [NekoJS-Log-Flusher/INFO] [NekoJS/]: [client] [ticket48-auto] {"stage":"sample","ticks":4900,"elapsedMs":244596,"statistics":{"initialBuild":1,"layout":9,"reconcile":0,"resize":1,"paint":8751,"diagnostics":0,"cleanup":0},"disposed":false,"username":"","passwordLength":0,"error":"","submitting":false,"lastSubmitted":"","profile":2,"packFontWidth":36,"usernameRect":{"x":12,"y":57,"width":196,"height":12},"passwordRect":{"x":12,"y":88,"width":196,"height":12},"submitRect":{"x":12,"y":108,"width":92,"height":20}}
[0710月2026 00:43:02.372] [NekoJS-Log-Flusher/INFO] [NekoJS/]: [client] [ticket48-auto] {"stage":"sample","ticks":5000,"elapsedMs":249575,"statistics":{"initialBuild":1,"layout":9,"reconcile":0,"resize":1,"paint":8900,"diagnostics":0,"cleanup":0},"disposed":false,"username":"","passwordLength":0,"error":"","submitting":false,"lastSubmitted":"","profile":2,"packFontWidth":36,"usernameRect":{"x":12,"y":57,"width":196,"height":12},"passwordRect":{"x":12,"y":88,"width":196,"height":12},"submitRect":{"x":12,"y":108,"width":92,"height":20}}
[0710月2026 00:43:07.373] [NekoJS-Log-Flusher/INFO] [NekoJS/]: [client] [ticket48-auto] {"stage":"sample","ticks":5100,"elapsedMs":254586,"statistics":{"initialBuild":1,"layout":9,"reconcile":0,"resize":1,"paint":9050,"diagnostics":0,"cleanup":0},"disposed":false,"username":"","passwordLength":0,"error":"","submitting":false,"lastSubmitted":"","profile":2,"packFontWidth":36,"usernameRect":{"x":12,"y":57,"width":196,"height":12},"passwordRect":{"x":12,"y":88,"width":196,"height":12},"submitRect":{"x":12,"y":108,"width":92,"height":20}}
[0710月2026 00:43:12.372] [NekoJS-Log-Flusher/INFO] [NekoJS/]: [client] [ticket48-auto] {"stage":"sample","ticks":5200,"elapsedMs":259567,"statistics":{"initialBuild":1,"layout":9,"reconcile":0,"resize":1,"paint":9199,"diagnostics":0,"cleanup":0},"disposed":false,"username":"","passwordLength":0,"error":"","submitting":false,"lastSubmitted":"","profile":2,"packFontWidth":36,"usernameRect":{"x":12,"y":57,"width":196,"height":12},"passwordRect":{"x":12,"y":88,"width":196,"height":12},"submitRect":{"x":12,"y":108,"width":92,"height":20}}
[0710月2026 00:43:17.372] [NekoJS-Log-Flusher/INFO] [NekoJS/]: [client] [ticket48-auto] {"stage":"sample","ticks":5300,"elapsedMs":264578,"statistics":{"initialBuild":1,"layout":9,"reconcile":0,"resize":1,"paint":9349,"diagnostics":0,"cleanup":0},"disposed":false,"username":"","passwordLength":0,"error":"","submitting":false,"lastSubmitted":"","profile":2,"packFontWidth":36,"usernameRect":{"x":12,"y":57,"width":196,"height":12},"passwordRect":{"x":12,"y":88,"width":196,"height":12},"submitRect":{"x":12,"y":108,"width":92,"height":20}}
[0710月2026 00:43:22.372] [NekoJS-Log-Flusher/INFO] [NekoJS/]: [client] [ticket48-auto] {"stage":"sample","ticks":5400,"elapsedMs":269592,"statistics":{"initialBuild":1,"layout":9,"reconcile":0,"resize":1,"paint":9499,"diagnostics":0,"cleanup":0},"disposed":false,"username":"","passwordLength":0,"error":"","submitting":false,"lastSubmitted":"","profile":2,"packFontWidth":36,"usernameRect":{"x":12,"y":57,"width":196,"height":12},"passwordRect":{"x":12,"y":88,"width":196,"height":12},"submitRect":{"x":12,"y":108,"width":92,"height":20}}
[0710月2026 00:43:27.372] [NekoJS-Log-Flusher/INFO] [NekoJS/]: [client] [ticket48-auto] {"stage":"sample","ticks":5500,"elapsedMs":274570,"statistics":{"initialBuild":1,"layout":9,"reconcile":0,"resize":1,"paint":9648,"diagnostics":0,"cleanup":0},"disposed":false,"username":"","passwordLength":0,"error":"","submitting":false,"lastSubmitted":"","profile":2,"packFontWidth":36,"usernameRect":{"x":12,"y":57,"width":196,"height":12},"passwordRect":{"x":12,"y":88,"width":196,"height":12},"submitRect":{"x":12,"y":108,"width":92,"height":20}}
[0710月2026 00:43:32.373] [NekoJS-Log-Flusher/INFO] [NekoJS/]: [client] [ticket48-auto] {"stage":"sample","ticks":5600,"elapsedMs":279588,"statistics":{"initialBuild":1,"layout":9,"reconcile":0,"resize":1,"paint":9798,"diagnostics":0,"cleanup":0},"disposed":false,"username":"","passwordLength":0,"error":"","submitting":false,"lastSubmitted":"","profile":2,"packFontWidth":36,"usernameRect":{"x":12,"y":57,"width":196,"height":12},"passwordRect":{"x":12,"y":88,"width":196,"height":12},"submitRect":{"x":12,"y":108,"width":92,"height":20}}
[0710月2026 00:43:37.372] [NekoJS-Log-Flusher/INFO] [NekoJS/]: [client] [ticket48-auto] {"stage":"sample","ticks":5700,"elapsedMs":284568,"statistics":{"initialBuild":1,"layout":9,"reconcile":0,"resize":1,"paint":9947,"diagnostics":0,"cleanup":0},"disposed":false,"username":"","passwordLength":0,"error":"","submitting":false,"lastSubmitted":"","profile":2,"packFontWidth":36,"usernameRect":{"x":12,"y":57,"width":196,"height":12},"passwordRect":{"x":12,"y":88,"width":196,"height":12},"submitRect":{"x":12,"y":108,"width":92,"height":20}}
[0710月2026 00:43:42.372] [NekoJS-Log-Flusher/INFO] [NekoJS/]: [client] [ticket48-auto] {"stage":"sample","ticks":5800,"elapsedMs":289583,"statistics":{"initialBuild":1,"layout":9,"reconcile":0,"resize":1,"paint":10097,"diagnostics":0,"cleanup":0},"disposed":false,"username":"","passwordLength":0,"error":"","submitting":false,"lastSubmitted":"","profile":2,"packFontWidth":36,"usernameRect":{"x":12,"y":57,"width":196,"height":12},"passwordRect":{"x":12,"y":88,"width":196,"height":12},"submitRect":{"x":12,"y":108,"width":92,"height":20}}
[0710月2026 00:43:47.372] [NekoJS-Log-Flusher/INFO] [NekoJS/]: [client] [ticket48-auto] {"stage":"sample","ticks":5900,"elapsedMs":294598,"statistics":{"initialBuild":1,"layout":9,"reconcile":0,"resize":1,"paint":10247,"diagnostics":0,"cleanup":0},"disposed":false,"username":"","passwordLength":0,"error":"","submitting":false,"lastSubmitted":"","profile":2,"packFontWidth":36,"usernameRect":{"x":12,"y":57,"width":196,"height":12},"passwordRect":{"x":12,"y":88,"width":196,"height":12},"submitRect":{"x":12,"y":108,"width":92,"height":20}}
[0710月2026 00:43:52.372] [NekoJS-Log-Flusher/INFO] [NekoJS/]: [client] [ticket48-auto] {"stage":"sample","ticks":6000,"elapsedMs":299579,"statistics":{"initialBuild":1,"layout":9,"reconcile":0,"resize":1,"paint":10396,"diagnostics":0,"cleanup":0},"disposed":false,"username":"","passwordLength":0,"error":"","submitting":false,"lastSubmitted":"","profile":2,"packFontWidth":36,"usernameRect":{"x":12,"y":57,"width":196,"height":12},"passwordRect":{"x":12,"y":88,"width":196,"height":12},"submitRect":{"x":12,"y":108,"width":92,"height":20}}
[0710月2026 00:43:57.372] [NekoJS-Log-Flusher/INFO] [NekoJS/]: [client] [ticket48-auto] {"stage":"sample","ticks":6100,"elapsedMs":304592,"statistics":{"initialBuild":1,"layout":9,"reconcile":0,"resize":1,"paint":10546,"diagnostics":0,"cleanup":0},"disposed":false,"username":"","passwordLength":0,"error":"","submitting":false,"lastSubmitted":"","profile":2,"packFontWidth":36,"usernameRect":{"x":12,"y":57,"width":196,"height":12},"passwordRect":{"x":12,"y":88,"width":196,"height":12},"submitRect":{"x":12,"y":108,"width":92,"height":20}}
[0710月2026 00:44:02.372] [NekoJS-Log-Flusher/INFO] [NekoJS/]: [client] [ticket48-auto] {"stage":"sample","ticks":6200,"elapsedMs":309577,"statistics":{"initialBuild":1,"layout":9,"reconcile":0,"resize":1,"paint":10695,"diagnostics":0,"cleanup":0},"disposed":false,"username":"","passwordLength":0,"error":"","submitting":false,"lastSubmitted":"","profile":2,"packFontWidth":36,"usernameRect":{"x":12,"y":57,"width":196,"height":12},"passwordRect":{"x":12,"y":88,"width":196,"height":12},"submitRect":{"x":12,"y":108,"width":92,"height":20}}
[0710月2026 00:44:07.373] [NekoJS-Log-Flusher/INFO] [NekoJS/]: [client] [ticket48-auto] {"stage":"sample","ticks":6300,"elapsedMs":314588,"statistics":{"initialBuild":1,"layout":9,"reconcile":0,"resize":1,"paint":10845,"diagnostics":0,"cleanup":0},"disposed":false,"username":"","passwordLength":0,"error":"","submitting":false,"lastSubmitted":"","profile":2,"packFontWidth":36,"usernameRect":{"x":12,"y":57,"width":196,"height":12},"passwordRect":{"x":12,"y":88,"width":196,"height":12},"submitRect":{"x":12,"y":108,"width":92,"height":20}}
[0710月2026 00:44:12.372] [NekoJS-Log-Flusher/INFO] [NekoJS/]: [client] [ticket48-auto] {"stage":"sample","ticks":6400,"elapsedMs":319601,"statistics":{"initialBuild":1,"layout":9,"reconcile":0,"resize":1,"paint":10995,"diagnostics":0,"cleanup":0},"disposed":false,"username":"","passwordLength":0,"error":"","submitting":false,"lastSubmitted":"","profile":2,"packFontWidth":36,"usernameRect":{"x":12,"y":57,"width":196,"height":12},"passwordRect":{"x":12,"y":88,"width":196,"height":12},"submitRect":{"x":12,"y":108,"width":92,"height":20}}
[0710月2026 00:44:17.372] [NekoJS-Log-Flusher/INFO] [NekoJS/]: [client] [ticket48-auto] {"stage":"sample","ticks":6500,"elapsedMs":324581,"statistics":{"initialBuild":1,"layout":9,"reconcile":0,"resize":1,"paint":11144,"diagnostics":0,"cleanup":0},"disposed":false,"username":"","passwordLength":0,"error":"","submitting":false,"lastSubmitted":"","profile":2,"packFontWidth":36,"usernameRect":{"x":12,"y":57,"width":196,"height":12},"passwordRect":{"x":12,"y":88,"width":196,"height":12},"submitRect":{"x":12,"y":108,"width":92,"height":20}}
[0710月2026 00:44:22.372] [NekoJS-Log-Flusher/INFO] [NekoJS/]: [client] [ticket48-auto] {"stage":"sample","ticks":6600,"elapsedMs":329595,"statistics":{"initialBuild":1,"layout":9,"reconcile":0,"resize":1,"paint":11294,"diagnostics":0,"cleanup":0},"disposed":false,"username":"","passwordLength":0,"error":"","submitting":false,"lastSubmitted":"","profile":2,"packFontWidth":36,"usernameRect":{"x":12,"y":57,"width":196,"height":12},"passwordRect":{"x":12,"y":88,"width":196,"height":12},"submitRect":{"x":12,"y":108,"width":92,"height":20}}
[0710月2026 00:44:27.372] [NekoJS-Log-Flusher/INFO] [NekoJS/]: [client] [ticket48-auto] {"stage":"sample","ticks":6700,"elapsedMs":334576,"statistics":{"initialBuild":1,"layout":9,"reconcile":0,"resize":1,"paint":11443,"diagnostics":0,"cleanup":0},"disposed":false,"username":"","passwordLength":0,"error":"","submitting":false,"lastSubmitted":"","profile":2,"packFontWidth":36,"usernameRect":{"x":12,"y":57,"width":196,"height":12},"passwordRect":{"x":12,"y":88,"width":196,"height":12},"submitRect":{"x":12,"y":108,"width":92,"height":20}}
[0710月2026 00:44:32.372] [NekoJS-Log-Flusher/INFO] [NekoJS/]: [client] [ticket48-auto] {"stage":"sample","ticks":6800,"elapsedMs":339590,"statistics":{"initialBuild":1,"layout":9,"reconcile":0,"resize":1,"paint":11593,"diagnostics":0,"cleanup":0},"disposed":false,"username":"","passwordLength":0,"error":"","submitting":false,"lastSubmitted":"","profile":2,"packFontWidth":36,"usernameRect":{"x":12,"y":57,"width":196,"height":12},"passwordRect":{"x":12,"y":88,"width":196,"height":12},"submitRect":{"x":12,"y":108,"width":92,"height":20}}
[0710月2026 00:44:37.372] [NekoJS-Log-Flusher/INFO] [NekoJS/]: [client] [ticket48-auto] {"stage":"sample","ticks":6900,"elapsedMs":344569,"statistics":{"initialBuild":1,"layout":9,"reconcile":0,"resize":1,"paint":11742,"diagnostics":0,"cleanup":0},"disposed":false,"username":"","passwordLength":0,"error":"","submitting":false,"lastSubmitted":"","profile":2,"packFontWidth":36,"usernameRect":{"x":12,"y":57,"width":196,"height":12},"passwordRect":{"x":12,"y":88,"width":196,"height":12},"submitRect":{"x":12,"y":108,"width":92,"height":20}}
[0710月2026 00:44:42.373] [NekoJS-Log-Flusher/INFO] [NekoJS/]: [client] [ticket48-auto] {"stage":"sample","ticks":7000,"elapsedMs":349581,"statistics":{"initialBuild":1,"layout":9,"reconcile":0,"resize":1,"paint":11892,"diagnostics":0,"cleanup":0},"disposed":false,"username":"","passwordLength":0,"error":"","submitting":false,"lastSubmitted":"","profile":2,"packFontWidth":36,"usernameRect":{"x":12,"y":57,"width":196,"height":12},"passwordRect":{"x":12,"y":88,"width":196,"height":12},"submitRect":{"x":12,"y":108,"width":92,"height":20}}
