[0710月2026 03:21:00.875] [main/INFO] [net.neoforged.fml.startup.Entrypoint/]: JVM Uptime at startup: 143ms
[0710月2026 03:21:01.178] [main/INFO] [net.neoforged.fml.loading.FMLLoader/]: Starting FancyModLoader version 11.0.16 (CLIENT in PROD)
[0710月2026 03:21:01.179] [main/INFO] [net.neoforged.fml.loading.FMLLoader/]: Game directory: D:\mcmodDemo\NekoJS-mult\build\ticket48-autonomous
[0710月2026 03:21:01.263] [main/INFO] [net.neoforged.fml.loading.EarlyServiceDiscovery/]: Found 2 early service jars (out of 118) in 46ms
[0710月2026 03:21:01.264] [main/INFO] [net.neoforged.fml.loading.FMLLoader/]: Loading FML Early Services:
[0710月2026 03:21:01.265] [main/INFO] [net.neoforged.fml.loading.FMLLoader/]:  - C:/Users/11515/AppData/Roaming/.minecraft/libraries/net/neoforged/fancymodloader/loader/11.0.16/loader-11.0.16.jar
[0710月2026 03:21:01.265] [main/INFO] [net.neoforged.fml.loading.FMLLoader/]:  - C:/Users/11515/AppData/Roaming/.minecraft/libraries/net/neoforged/fancymodloader/earlydisplay/11.0.16/earlydisplay-11.0.16.jar
[0710月2026 03:21:01.274] [main/INFO] [net.neoforged.fml.loading.ImmediateWindowHandler/]: Loading ImmediateWindowProvider fmlearlywindow
[0710月2026 03:21:01.929] [ForkJoinPool.commonPool-worker-9/INFO] [net.neoforged.fml.loading.moddiscovery.locators.GameLocator/]: Marking unmodified client jar as claimed to prevent loading: C:\Users\11515\AppData\Roaming\.minecraft\versions\26.2\26.2.jar
[0710月2026 03:21:01.937] [ForkJoinPool.commonPool-worker-9/INFO] [net.neoforged.fml.loading.moddiscovery.locators.GameLocator/]: Failed to find common Minecraft classes and resources on the classpath. Assuming we're launching production.
[0710月2026 03:21:01.987] [fml-loadingscreen/INFO] [net.neoforged.fml.earlydisplay.render.LoadingScreenRenderer/]: GL info: NVIDIA GeForce RTX 3060 Laptop GPU/PCIe/SSE2 GL version 3.3.0 NVIDIA 610.88, NVIDIA Corporation
[0710月2026 03:21:02.399] [ForkJoinPool.commonPool-worker-9/INFO] [net.neoforged.fml.loading.moddiscovery.locators.JarInJarDependencyLocator/]: Found 3 dependencies adding them to mods collection
[0710月2026 03:21:02.403] [ForkJoinPool.commonPool-worker-9/INFO] [net.neoforged.fml.loading.moddiscovery.ModDiscoverer/]: 
     Mod List:
		Name Version (Mod Id)

		GraalMC 25.1.3.7 (graalmc)
		Minecraft 26.2 (minecraft)
		ModDev MCP 0.4.2 (mcpmod)
		NekoJS 1.1.0-preview3 (nekojs)
		NeoForge 26.2.0.75 (neoforge)
[0710月2026 03:21:02.584] [main/INFO] [mixin/]: SpongePowered MIXIN Subsystem Version=0.8.7 Source=file:/C:/Users/11515/AppData/Roaming/.minecraft/libraries/net/fabricmc/sponge-mixin/0.17.3+mixin.0.8.7/sponge-mixin-0.17.3+mixin.0.8.7.jar Service=FML Env=CLIENT
[0710月2026 03:21:02.626] [main/INFO] [net.neoforged.fml.loading.FMLLoader/]: Loading FML Plugins:
[0710月2026 03:21:02.626] [main/INFO] [net.neoforged.fml.loading.FMLLoader/]:  - mods/nekojs-neoforge-26.2.0-1.1.0-preview3.jar > icu4j-78.3.jar
[0710月2026 03:21:02.627] [main/INFO] [net.neoforged.fml.loading.FMLLoader/]:  - ~libraries/net/neoforged/neoforge/26.2.0.75/neoforge-26.2.0.75-universal.jar > net.neoforged.neoforge-coremods-26.2.0.75.jar
[0710月2026 03:21:02.728] [main/INFO] [net.neoforged.fml.loading.FMLLoader/]: Building game content classloader:
 - graalmc (jar(mods/graal-1504336-8762962.jar))
 - mcpmod (jar(mods/minecraft-mcp-26.2-neoforge.jar))
 - minecraft (jar(~libraries/net/neoforged/minecraft-client-patched/26.2.0.75/minecraft-client-patched-26.2.0.75.jar))
 - mixinextras.neoforge (jar(~libraries/net/neoforged/neoforge/26.2.0.75/neoforge-26.2.0.75-universal.jar > mixinextras-neoforge-0.5.4.jar))
 - nekojs (jar(mods/nekojs-neoforge-26.2.0-1.1.0-preview3.jar))
 - neoforge (jar(~libraries/net/neoforged/neoforge/26.2.0.75/neoforge-26.2.0.75-universal.jar))
 - net.neoforged.fml.generated (empty(VirtualJar/net.neoforged.fml.generated))
[0710月2026 03:21:02.754] [main/INFO] [net.neoforged.fml.loading.FMLLoader/]: Built game content classloader in 37ms
[0710月2026 03:21:03.299] [main/INFO] [MixinExtras|Service/]: Initializing MixinExtras via com.llamalad7.mixinextras.service.MixinExtrasServiceImpl(version=0.5.4).
[0710月2026 03:21:04.661] [Datafixer Bootstrap #0/INFO] [com.mojang.datafixers.DataFixerBuilder/]: 298 Datafixer optimizations took 396 milliseconds
[0710月2026 03:21:09.426] [modloading-worker-0/INFO] [net.neoforged.neoforge.common.NeoForgeMod/NEOFORGE-MOD]: NeoForge mod loading, version 26.2.0.75, for MC 26.2
[0710月2026 03:21:09.450] [modloading-worker-0/INFO] [NekoJS/]: Engine config loaded. Unsafe features enabled: false
[0710月2026 03:21:09.789] [modloading-worker-0/ERROR] [NekoJS/]: Failed to create or backup log file for script: D:\mcmodDemo\NekoJS-mult\build\ticket48-autonomous\logs\nekojs\NekoJS.log
java.nio.file.FileSystemException: D:\mcmodDemo\NekoJS-mult\build\ticket48-autonomous\logs\nekojs\NekoJS.log -> D:\mcmodDemo\NekoJS-mult\build\ticket48-autonomous\logs\nekojs\old\NekoJS.log: 另一个程序正在使用此文件，进程无法访问。
	at java.base/sun.nio.fs.WindowsException.translateToIOException(WindowsException.java:92) ~[?:?]
	at java.base/sun.nio.fs.WindowsException.rethrowAsIOException(WindowsException.java:103) ~[?:?]
	at java.base/sun.nio.fs.WindowsFileCopy.move(WindowsFileCopy.java:400) ~[?:?]
	at java.base/sun.nio.fs.WindowsFileSystemProvider.move(WindowsFileSystemProvider.java:287) ~[?:?]
	at java.base/java.nio.file.Files.move(Files.java:1319) ~[?:?]
	at TRANSFORMER/nekojs@1.1.0-preview3/com.tkisor.nekojs.core.log.NekoJSLoggers.createLogger(NekoJSLoggers.java:104) ~[nekojs-neoforge-26.2.0-1.1.0-preview3.jar:?]
	at java.base/java.util.concurrent.ConcurrentHashMap.computeIfAbsent(ConcurrentHashMap.java:1724) ~[?:?]
	at TRANSFORMER/nekojs@1.1.0-preview3/com.tkisor.nekojs.core.log.NekoJSLoggers.get(NekoJSLoggers.java:68) ~[nekojs-neoforge-26.2.0-1.1.0-preview3.jar:?]
	at TRANSFORMER/nekojs@1.1.0-preview3/com.tkisor.nekojs.core.lifecycle.NekoRuntimeAssembly.assemble(NekoRuntimeAssembly.java:96) ~[nekojs-neoforge-26.2.0-1.1.0-preview3.jar:?]
	at TRANSFORMER/nekojs@1.1.0-preview3/com.tkisor.nekojs.core.lifecycle.NekoRuntimeAssembly.assemble(NekoRuntimeAssembly.java:76) ~[nekojs-neoforge-26.2.0-1.1.0-preview3.jar:?]
	at TRANSFORMER/nekojs@1.1.0-preview3/com.tkisor.nekojs.NekoJSMod.initializeScripts(NekoJSMod.java:169) ~[nekojs-neoforge-26.2.0-1.1.0-preview3.jar:?]
	at TRANSFORMER/nekojs@1.1.0-preview3/com.tkisor.nekojs.NekoJSMod.<init>(NekoJSMod.java:70) ~[nekojs-neoforge-26.2.0-1.1.0-preview3.jar:?]
	at TRANSFORMER/nekojs@1.1.0-preview3/com.tkisor.nekojs.NekoJSMod.<init>(NekoJSMod.java:52) ~[nekojs-neoforge-26.2.0-1.1.0-preview3.jar:?]
	at java.base/jdk.internal.reflect.DirectConstructorHandleAccessor.newInstance(DirectConstructorHandleAccessor.java:62) ~[?:?]
	at java.base/java.lang.reflect.Constructor.newInstanceWithCaller(Constructor.java:499) ~[?:?]
	at java.base/java.lang.reflect.Constructor.newInstance(Constructor.java:483) ~[?:?]
	at net.neoforged.fml.javafmlmod.FMLModContainer.constructMod(FMLModContainer.java:124) ~[loader-11.0.16.jar:11.0]
	at net.neoforged.fml.ModLoader.lambda$constructMods$0(ModLoader.java:125) [loader-11.0.16.jar:11.0]
	at net.neoforged.fml.ModLoader.lambda$dispatchParallelTask$3(ModLoader.java:203) [loader-11.0.16.jar:11.0]
	at java.base/java.util.concurrent.CompletableFuture.uniHandle(CompletableFuture.java:955) [?:?]
	at java.base/java.util.concurrent.CompletableFuture$UniHandle.tryFire(CompletableFuture.java:932) [?:?]
	at java.base/java.util.concurrent.CompletableFuture$Completion.exec(CompletableFuture.java:504) [?:?]
	at java.base/java.util.concurrent.ForkJoinTask.doExec(ForkJoinTask.java:511) [?:?]
	at java.base/java.util.concurrent.ForkJoinPool$WorkQueue.topLevelExec(ForkJoinPool.java:1450) [?:?]
	at java.base/java.util.concurrent.ForkJoinPool.runWorker(ForkJoinPool.java:2019) [?:?]
	at java.base/java.util.concurrent.ForkJoinWorkerThread.run(ForkJoinWorkerThread.java:187) [?:?]
[0710月2026 03:21:09.802] [modloading-worker-0/INFO] [NekoJS/]: Engine config loaded. Unsafe features enabled: false
[0710月2026 03:21:09.991] [modloading-worker-0/ERROR] [NekoJS/]: Failed to create or backup log file for script: D:\mcmodDemo\NekoJS-mult\build\ticket48-autonomous\logs\nekojs\startup.log
java.nio.file.FileSystemException: D:\mcmodDemo\NekoJS-mult\build\ticket48-autonomous\logs\nekojs\startup.log -> D:\mcmodDemo\NekoJS-mult\build\ticket48-autonomous\logs\nekojs\old\startup.log: 另一个程序正在使用此文件，进程无法访问。
	at java.base/sun.nio.fs.WindowsException.translateToIOException(WindowsException.java:92) ~[?:?]
	at java.base/sun.nio.fs.WindowsException.rethrowAsIOException(WindowsException.java:103) ~[?:?]
	at java.base/sun.nio.fs.WindowsFileCopy.move(WindowsFileCopy.java:400) ~[?:?]
	at java.base/sun.nio.fs.WindowsFileSystemProvider.move(WindowsFileSystemProvider.java:287) ~[?:?]
	at java.base/java.nio.file.Files.move(Files.java:1319) ~[?:?]
	at TRANSFORMER/nekojs@1.1.0-preview3/com.tkisor.nekojs.core.log.NekoJSLoggers.createLogger(NekoJSLoggers.java:104) ~[nekojs-neoforge-26.2.0-1.1.0-preview3.jar:?]
	at TRANSFORMER/nekojs@1.1.0-preview3/com.tkisor.nekojs.script.ScriptTypeEnv.logger(ScriptTypeEnv.java:38) ~[nekojs-neoforge-26.2.0-1.1.0-preview3.jar:?]
	at TRANSFORMER/nekojs@1.1.0-preview3/com.tkisor.nekojs.core.ScriptLocator.discover(ScriptLocator.java:56) ~[nekojs-neoforge-26.2.0-1.1.0-preview3.jar:?]
	at TRANSFORMER/nekojs@1.1.0-preview3/com.tkisor.nekojs.core.ScriptLocator.discover(ScriptLocator.java:38) ~[nekojs-neoforge-26.2.0-1.1.0-preview3.jar:?]
	at TRANSFORMER/nekojs@1.1.0-preview3/com.tkisor.nekojs.core.ScriptLocator.discover(ScriptLocator.java:34) ~[nekojs-neoforge-26.2.0-1.1.0-preview3.jar:?]
	at TRANSFORMER/nekojs@1.1.0-preview3/com.tkisor.nekojs.script.ScriptManager.discoverWithPacks(ScriptManager.java:601) ~[nekojs-neoforge-26.2.0-1.1.0-preview3.jar:?]
	at TRANSFORMER/nekojs@1.1.0-preview3/com.tkisor.nekojs.script.ScriptManager.discoverScripts(ScriptManager.java:590) ~[nekojs-neoforge-26.2.0-1.1.0-preview3.jar:?]
	at TRANSFORMER/nekojs@1.1.0-preview3/com.tkisor.nekojs.core.lifecycle.NekoRuntimeAssembly.assemble(NekoRuntimeAssembly.java:131) ~[nekojs-neoforge-26.2.0-1.1.0-preview3.jar:?]
	at TRANSFORMER/nekojs@1.1.0-preview3/com.tkisor.nekojs.core.lifecycle.NekoRuntimeAssembly.assemble(NekoRuntimeAssembly.java:76) ~[nekojs-neoforge-26.2.0-1.1.0-preview3.jar:?]
	at TRANSFORMER/nekojs@1.1.0-preview3/com.tkisor.nekojs.NekoJSMod.initializeScripts(NekoJSMod.java:169) ~[nekojs-neoforge-26.2.0-1.1.0-preview3.jar:?]
	at TRANSFORMER/nekojs@1.1.0-preview3/com.tkisor.nekojs.NekoJSMod.<init>(NekoJSMod.java:70) ~[nekojs-neoforge-26.2.0-1.1.0-preview3.jar:?]
	at TRANSFORMER/nekojs@1.1.0-preview3/com.tkisor.nekojs.NekoJSMod.<init>(NekoJSMod.java:52) ~[nekojs-neoforge-26.2.0-1.1.0-preview3.jar:?]
	at java.base/jdk.internal.reflect.DirectConstructorHandleAccessor.newInstance(DirectConstructorHandleAccessor.java:62) ~[?:?]
	at java.base/java.lang.reflect.Constructor.newInstanceWithCaller(Constructor.java:499) ~[?:?]
	at java.base/java.lang.reflect.Constructor.newInstance(Constructor.java:483) ~[?:?]
	at net.neoforged.fml.javafmlmod.FMLModContainer.constructMod(FMLModContainer.java:124) ~[loader-11.0.16.jar:11.0]
	at net.neoforged.fml.ModLoader.lambda$constructMods$0(ModLoader.java:125) [loader-11.0.16.jar:11.0]
	at net.neoforged.fml.ModLoader.lambda$dispatchParallelTask$3(ModLoader.java:203) [loader-11.0.16.jar:11.0]
	at java.base/java.util.concurrent.CompletableFuture.uniHandle(CompletableFuture.java:955) [?:?]
	at java.base/java.util.concurrent.CompletableFuture$UniHandle.tryFire(CompletableFuture.java:932) [?:?]
	at java.base/java.util.concurrent.CompletableFuture$Completion.exec(CompletableFuture.java:504) [?:?]
	at java.base/java.util.concurrent.ForkJoinTask.doExec(ForkJoinTask.java:511) [?:?]
	at java.base/java.util.concurrent.ForkJoinPool$WorkQueue.topLevelExec(ForkJoinPool.java:1450) [?:?]
	at java.base/java.util.concurrent.ForkJoinPool.runWorker(ForkJoinPool.java:2019) [?:?]
	at java.base/java.util.concurrent.ForkJoinWorkerThread.run(ForkJoinWorkerThread.java:187) [?:?]
[0710月2026 03:21:09.998] [modloading-worker-0/ERROR] [NekoJS/]: Failed to create or backup log file for script: D:\mcmodDemo\NekoJS-mult\build\ticket48-autonomous\logs\nekojs\server.log
java.nio.file.FileSystemException: D:\mcmodDemo\NekoJS-mult\build\ticket48-autonomous\logs\nekojs\server.log -> D:\mcmodDemo\NekoJS-mult\build\ticket48-autonomous\logs\nekojs\old\server.log: 另一个程序正在使用此文件，进程无法访问。
	at java.base/sun.nio.fs.WindowsException.translateToIOException(WindowsException.java:92) ~[?:?]
	at java.base/sun.nio.fs.WindowsException.rethrowAsIOException(WindowsException.java:103) ~[?:?]
	at java.base/sun.nio.fs.WindowsFileCopy.move(WindowsFileCopy.java:400) ~[?:?]
	at java.base/sun.nio.fs.WindowsFileSystemProvider.move(WindowsFileSystemProvider.java:287) ~[?:?]
	at java.base/java.nio.file.Files.move(Files.java:1319) ~[?:?]
	at TRANSFORMER/nekojs@1.1.0-preview3/com.tkisor.nekojs.core.log.NekoJSLoggers.createLogger(NekoJSLoggers.java:104) ~[nekojs-neoforge-26.2.0-1.1.0-preview3.jar:?]
	at TRANSFORMER/nekojs@1.1.0-preview3/com.tkisor.nekojs.script.ScriptTypeEnv.logger(ScriptTypeEnv.java:38) ~[nekojs-neoforge-26.2.0-1.1.0-preview3.jar:?]
	at TRANSFORMER/nekojs@1.1.0-preview3/com.tkisor.nekojs.core.ScriptLocator.discover(ScriptLocator.java:56) ~[nekojs-neoforge-26.2.0-1.1.0-preview3.jar:?]
	at TRANSFORMER/nekojs@1.1.0-preview3/com.tkisor.nekojs.core.ScriptLocator.discover(ScriptLocator.java:38) ~[nekojs-neoforge-26.2.0-1.1.0-preview3.jar:?]
	at TRANSFORMER/nekojs@1.1.0-preview3/com.tkisor.nekojs.core.ScriptLocator.discover(ScriptLocator.java:34) ~[nekojs-neoforge-26.2.0-1.1.0-preview3.jar:?]
	at TRANSFORMER/nekojs@1.1.0-preview3/com.tkisor.nekojs.script.ScriptManager.discoverWithPacks(ScriptManager.java:601) ~[nekojs-neoforge-26.2.0-1.1.0-preview3.jar:?]
	at TRANSFORMER/nekojs@1.1.0-preview3/com.tkisor.nekojs.script.ScriptManager.discoverScripts(ScriptManager.java:590) ~[nekojs-neoforge-26.2.0-1.1.0-preview3.jar:?]
	at TRANSFORMER/nekojs@1.1.0-preview3/com.tkisor.nekojs.core.lifecycle.NekoRuntimeAssembly.assemble(NekoRuntimeAssembly.java:131) ~[nekojs-neoforge-26.2.0-1.1.0-preview3.jar:?]
	at TRANSFORMER/nekojs@1.1.0-preview3/com.tkisor.nekojs.core.lifecycle.NekoRuntimeAssembly.assemble(NekoRuntimeAssembly.java:76) ~[nekojs-neoforge-26.2.0-1.1.0-preview3.jar:?]
	at TRANSFORMER/nekojs@1.1.0-preview3/com.tkisor.nekojs.NekoJSMod.initializeScripts(NekoJSMod.java:169) ~[nekojs-neoforge-26.2.0-1.1.0-preview3.jar:?]
	at TRANSFORMER/nekojs@1.1.0-preview3/com.tkisor.nekojs.NekoJSMod.<init>(NekoJSMod.java:70) ~[nekojs-neoforge-26.2.0-1.1.0-preview3.jar:?]
	at TRANSFORMER/nekojs@1.1.0-preview3/com.tkisor.nekojs.NekoJSMod.<init>(NekoJSMod.java:52) ~[nekojs-neoforge-26.2.0-1.1.0-preview3.jar:?]
	at java.base/jdk.internal.reflect.DirectConstructorHandleAccessor.newInstance(DirectConstructorHandleAccessor.java:62) ~[?:?]
	at java.base/java.lang.reflect.Constructor.newInstanceWithCaller(Constructor.java:499) ~[?:?]
	at java.base/java.lang.reflect.Constructor.newInstance(Constructor.java:483) ~[?:?]
	at net.neoforged.fml.javafmlmod.FMLModContainer.constructMod(FMLModContainer.java:124) ~[loader-11.0.16.jar:11.0]
	at net.neoforged.fml.ModLoader.lambda$constructMods$0(ModLoader.java:125) [loader-11.0.16.jar:11.0]
	at net.neoforged.fml.ModLoader.lambda$dispatchParallelTask$3(ModLoader.java:203) [loader-11.0.16.jar:11.0]
	at java.base/java.util.concurrent.CompletableFuture.uniHandle(CompletableFuture.java:955) [?:?]
	at java.base/java.util.concurrent.CompletableFuture$UniHandle.tryFire(CompletableFuture.java:932) [?:?]
	at java.base/java.util.concurrent.CompletableFuture$Completion.exec(CompletableFuture.java:504) [?:?]
	at java.base/java.util.concurrent.ForkJoinTask.doExec(ForkJoinTask.java:511) [?:?]
	at java.base/java.util.concurrent.ForkJoinPool$WorkQueue.topLevelExec(ForkJoinPool.java:1450) [?:?]
	at java.base/java.util.concurrent.ForkJoinPool.runWorker(ForkJoinPool.java:2019) [?:?]
	at java.base/java.util.concurrent.ForkJoinWorkerThread.run(ForkJoinWorkerThread.java:187) [?:?]
[0710月2026 03:21:10.005] [modloading-worker-0/ERROR] [NekoJS/]: Failed to create or backup log file for script: D:\mcmodDemo\NekoJS-mult\build\ticket48-autonomous\logs\nekojs\client.log
java.nio.file.FileSystemException: D:\mcmodDemo\NekoJS-mult\build\ticket48-autonomous\logs\nekojs\client.log -> D:\mcmodDemo\NekoJS-mult\build\ticket48-autonomous\logs\nekojs\old\client.log: 另一个程序正在使用此文件，进程无法访问。
	at java.base/sun.nio.fs.WindowsException.translateToIOException(WindowsException.java:92) ~[?:?]
	at java.base/sun.nio.fs.WindowsException.rethrowAsIOException(WindowsException.java:103) ~[?:?]
	at java.base/sun.nio.fs.WindowsFileCopy.move(WindowsFileCopy.java:400) ~[?:?]
	at java.base/sun.nio.fs.WindowsFileSystemProvider.move(WindowsFileSystemProvider.java:287) ~[?:?]
	at java.base/java.nio.file.Files.move(Files.java:1319) ~[?:?]
	at TRANSFORMER/nekojs@1.1.0-preview3/com.tkisor.nekojs.core.log.NekoJSLoggers.createLogger(NekoJSLoggers.java:104) ~[nekojs-neoforge-26.2.0-1.1.0-preview3.jar:?]
	at TRANSFORMER/nekojs@1.1.0-preview3/com.tkisor.nekojs.script.ScriptTypeEnv.logger(ScriptTypeEnv.java:38) ~[nekojs-neoforge-26.2.0-1.1.0-preview3.jar:?]
	at TRANSFORMER/nekojs@1.1.0-preview3/com.tkisor.nekojs.core.ScriptLocator.discover(ScriptLocator.java:56) ~[nekojs-neoforge-26.2.0-1.1.0-preview3.jar:?]
	at TRANSFORMER/nekojs@1.1.0-preview3/com.tkisor.nekojs.core.ScriptLocator.discover(ScriptLocator.java:38) ~[nekojs-neoforge-26.2.0-1.1.0-preview3.jar:?]
	at TRANSFORMER/nekojs@1.1.0-preview3/com.tkisor.nekojs.core.ScriptLocator.discover(ScriptLocator.java:34) ~[nekojs-neoforge-26.2.0-1.1.0-preview3.jar:?]
	at TRANSFORMER/nekojs@1.1.0-preview3/com.tkisor.nekojs.script.ScriptManager.discoverWithPacks(ScriptManager.java:601) ~[nekojs-neoforge-26.2.0-1.1.0-preview3.jar:?]
	at TRANSFORMER/nekojs@1.1.0-preview3/com.tkisor.nekojs.script.ScriptManager.discoverScripts(ScriptManager.java:590) ~[nekojs-neoforge-26.2.0-1.1.0-preview3.jar:?]
	at TRANSFORMER/nekojs@1.1.0-preview3/com.tkisor.nekojs.core.lifecycle.NekoRuntimeAssembly.assemble(NekoRuntimeAssembly.java:131) ~[nekojs-neoforge-26.2.0-1.1.0-preview3.jar:?]
	at TRANSFORMER/nekojs@1.1.0-preview3/com.tkisor.nekojs.core.lifecycle.NekoRuntimeAssembly.assemble(NekoRuntimeAssembly.java:76) ~[nekojs-neoforge-26.2.0-1.1.0-preview3.jar:?]
	at TRANSFORMER/nekojs@1.1.0-preview3/com.tkisor.nekojs.NekoJSMod.initializeScripts(NekoJSMod.java:169) ~[nekojs-neoforge-26.2.0-1.1.0-preview3.jar:?]
	at TRANSFORMER/nekojs@1.1.0-preview3/com.tkisor.nekojs.NekoJSMod.<init>(NekoJSMod.java:70) ~[nekojs-neoforge-26.2.0-1.1.0-preview3.jar:?]
	at TRANSFORMER/nekojs@1.1.0-preview3/com.tkisor.nekojs.NekoJSMod.<init>(NekoJSMod.java:52) ~[nekojs-neoforge-26.2.0-1.1.0-preview3.jar:?]
	at java.base/jdk.internal.reflect.DirectConstructorHandleAccessor.newInstance(DirectConstructorHandleAccessor.java:62) ~[?:?]
	at java.base/java.lang.reflect.Constructor.newInstanceWithCaller(Constructor.java:499) ~[?:?]
	at java.base/java.lang.reflect.Constructor.newInstance(Constructor.java:483) ~[?:?]
	at net.neoforged.fml.javafmlmod.FMLModContainer.constructMod(FMLModContainer.java:124) ~[loader-11.0.16.jar:11.0]
	at net.neoforged.fml.ModLoader.lambda$constructMods$0(ModLoader.java:125) [loader-11.0.16.jar:11.0]
	at net.neoforged.fml.ModLoader.lambda$dispatchParallelTask$3(ModLoader.java:203) [loader-11.0.16.jar:11.0]
	at java.base/java.util.concurrent.CompletableFuture.uniHandle(CompletableFuture.java:955) [?:?]
	at java.base/java.util.concurrent.CompletableFuture$UniHandle.tryFire(CompletableFuture.java:932) [?:?]
	at java.base/java.util.concurrent.CompletableFuture$Completion.exec(CompletableFuture.java:504) [?:?]
	at java.base/java.util.concurrent.ForkJoinTask.doExec(ForkJoinTask.java:511) [?:?]
	at java.base/java.util.concurrent.ForkJoinPool$WorkQueue.topLevelExec(ForkJoinPool.java:1450) [?:?]
	at java.base/java.util.concurrent.ForkJoinPool.runWorker(ForkJoinPool.java:2019) [?:?]
	at java.base/java.util.concurrent.ForkJoinWorkerThread.run(ForkJoinWorkerThread.java:187) [?:?]
[0710月2026 03:21:10.789] [NekoJS-Log-Flusher/INFO] [NekoJS/]: [NekoJS] NekoJS plugin runtime bootstrapped once (assembly)
[0710月2026 03:21:10.790] [NekoJS-Log-Flusher/INFO] [NekoJS/]: [startup] 发现了 1 个 STARTUP 脚本 — scripts discovered
[0710月2026 03:21:10.790] [NekoJS-Log-Flusher/INFO] [NekoJS/]: [server] 发现了 1 个 SERVER 脚本 — scripts discovered
[0710月2026 03:21:10.790] [NekoJS-Log-Flusher/INFO] [NekoJS/]: [client] 发现了 4 个 CLIENT 脚本 — scripts discovered
[0710月2026 03:21:11.515] [modloading-worker-0/INFO] [NekoJS/]: 正在为 STARTUP 注册 16 个事件组... — registering event groups
[0710月2026 03:21:11.789] [NekoJS-Log-Flusher/INFO] [NekoJS/]: [startup] Hello, World! (Loaded startup example script)
[0710月2026 03:21:11.817] [modloading-sync-worker/INFO] [NekoJS/]: 正在为 CLIENT 注册 16 个事件组... — registering event groups
[0710月2026 03:21:11.978] [modloading-sync-worker/ERROR] [NekoJS/]: [client] Script binding-preflight unknown-identifier flatMap callback exception:
环境: CLIENT
位置: client_scripts/src/combined-session.tsx:71:55
原因: Unknown identifier 'flatMap'. Did you mean 'DataMap'?

   69 |     renderFault: renderFault.get(), recoveryCount: recoveryCount.get(),
   70 |     listValues: listItems.get(),
 > 71 |     listNodes: layout ? ['list-first', 'list-second'].flatMap(id => {
     |                                                       ^
   72 |       const node = find(layout.nodes, id);
   73 |       return node ? [{ id: node.id, text: node.text ?? node.style?.text ?? null, rect: node.rect }] : [];
script-diagnostic id=nekojs:rt/CLIENT/binding-preflight unknown-identifier flatMap/5d31c64e type=client phase=RESOLVE_LINK owner=Module Resolution/Cache generation=1 candidate=false source=client_scripts/src/combined-session.tsx:71:55 module=D:/mcmodDemo/NekoJS-mult/build/ticket48-autonomous/nekojs/client_scripts/src/combined-session.tsx cause=NekoEsmLinkException: Unknown identifier 'flatMap'. Did you mean 'DataMap'? at D:\mcmodDemo\NekoJS-mult\build\ticket48-autonomous\nekojs\client_scripts\src\combined-session.tsx:71:55
[0710月2026 03:21:12.199] [modloading-sync-worker/ERROR] [NekoJS/]: [client] Script binding-preflight unknown-identifier flatMap callback exception:
环境: CLIENT
位置: client_scripts/src/combined-session.tsx:71:55
原因: Unknown identifier 'flatMap'. Did you mean 'DataMap'?
频次: 连续发生了 2 次

   69 |     renderFault: renderFault.get(), recoveryCount: recoveryCount.get(),
   70 |     listValues: listItems.get(),
 > 71 |     listNodes: layout ? ['list-first', 'list-second'].flatMap(id => {
     |                                                       ^
   72 |       const node = find(layout.nodes, id);
   73 |       return node ? [{ id: node.id, text: node.text ?? node.style?.text ?? null, rect: node.rect }] : [];
script-diagnostic id=nekojs:rt/CLIENT/binding-preflight unknown-identifier flatMap/5d31c64e type=client phase=RESOLVE_LINK owner=Module Resolution/Cache generation=1 candidate=false source=client_scripts/src/combined-session.tsx:71:55 module=D:/mcmodDemo/NekoJS-mult/build/ticket48-autonomous/nekojs/client_scripts/src/combined-session.tsx cause=NekoEsmLinkException: Unknown identifier 'flatMap'. Did you mean 'DataMap'? at D:\mcmodDemo\NekoJS-mult\build\ticket48-autonomous\nekojs\client_scripts\src\combined-session.tsx:71:55
[0710月2026 03:21:12.203] [modloading-sync-worker/INFO] [com.tkisor.nekojs.client.posteffect.PostEffectManager/]: Installed client post-effect generation 0 (0 definition(s), 0 removed, 0 re-declared)
[0710月2026 03:21:12.613] [Render thread/INFO] [com.mojang.authlib.yggdrasil.YggdrasilAuthenticationService/]: Environment: Environment[sessionHost=https://sessionserver.mojang.com, servicesHost=https://api.minecraftservices.com, profilesHost=https://api.mojang.com, name=PROD]
[0710月2026 03:21:12.630] [Render thread/INFO] [net.minecraft.client.Minecraft/]: Setting user: NekoDev
[0710月2026 03:21:12.747] [Render thread/INFO] [net.minecraft.client.Minecraft/]: Backend library: LWJGL version 3.4.1+2
[0710月2026 03:21:12.791] [NekoJS-Log-Flusher/INFO] [NekoJS/]: [client] Hello, World! (Loaded client example script)
[0710月2026 03:21:12.939] [Render thread/INFO] [net.minecraft.client.Minecraft/]: Using graphics backend OpenGL, using drivers: 3.3.0 NVIDIA 610.88
[0710月2026 03:21:12.939] [Render thread/INFO] [net.minecraft.client.Minecraft/]: Using graphics device: NVIDIA GeForce RTX 3060 Laptop GPU/PCIe/SSE2 (NVIDIA Corporation)
[0710月2026 03:21:12.941] [Render thread/INFO] [net.minecraft.client.Minecraft/]: Using graphics device extensions: GL_ARB_multi_draw_indirect, GL_ARB_buffer_storage, GL_ARB_shader_draw_parameters, GL_ARB_base_instance, GL_KHR_debug, GL_ARB_draw_indirect, GL_ARB_clip_control, GL_ARB_vertex_attrib_binding, GL_ARB_direct_state_access, GL_EXT_texture_filter_anisotropic
[0710月2026 03:21:13.139] [Render thread/WARN] [net.neoforged.neoforge.resource.ResourcePackLoader/]: Error reading optional pack metadata for mod/mcpmod, attempting fallback type
com.google.gson.JsonParseException: Pack declares support for version newer than 64, but is missing mandatory fields min_format and max_format
	at com.mojang.serialization.DataResult$Error.getOrThrow(DataResult.java:287) ~[datafixerupper-10.0.21.jar:?]
	at TRANSFORMER/minecraft@26.2/net.minecraft.server.packs.resources.ResourceMetadata$2.getSection(ResourceMetadata.java:38) ~[minecraft-client-patched-26.2.0.75.jar:?]
	at TRANSFORMER/minecraft@26.2/net.minecraft.server.packs.AbstractPackResources.getMetadataSection(AbstractPackResources.java:24) ~[minecraft-client-patched-26.2.0.75.jar:?]
	at TRANSFORMER/neoforge@26.2.0.75/net.neoforged.neoforge.resource.ResourcePackLoader.readMeta(ResourcePackLoader.java:202) ~[neoforge-26.2.0.75-universal.jar:?]
	at TRANSFORMER/neoforge@26.2.0.75/net.neoforged.neoforge.resource.ResourcePackLoader.readWithOptionalMeta(ResourcePackLoader.java:193) ~[neoforge-26.2.0.75-universal.jar:?]
	at TRANSFORMER/neoforge@26.2.0.75/net.neoforged.neoforge.resource.ResourcePackLoader.packFinder(ResourcePackLoader.java:134) ~[neoforge-26.2.0.75-universal.jar:?]
	at TRANSFORMER/neoforge@26.2.0.75/net.neoforged.neoforge.resource.ResourcePackLoader.lambda$buildPackFinder$0(ResourcePackLoader.java:97) ~[neoforge-26.2.0.75-universal.jar:?]
	at TRANSFORMER/minecraft@26.2/net.minecraft.server.packs.repository.PackRepository.discoverAvailable(PackRepository.java:45) [minecraft-client-patched-26.2.0.75.jar:?]
	at TRANSFORMER/minecraft@26.2/net.minecraft.server.packs.repository.PackRepository.reload(PackRepository.java:35) [minecraft-client-patched-26.2.0.75.jar:?]
	at TRANSFORMER/minecraft@26.2/net.minecraft.client.Minecraft.<init>(Minecraft.java:563) [minecraft-client-patched-26.2.0.75.jar:?]
	at TRANSFORMER/minecraft@26.2/net.minecraft.client.main.Main.main(Main.java:280) [minecraft-client-patched-26.2.0.75.jar:?]
	at net.neoforged.fml.startup.Client.main(Client.java:19) [loader-11.0.16.jar:11.0]
[0710月2026 03:21:13.470] [Download-2/ERROR] [net.minecraft.client.Minecraft/]: Failed to fetch user properties
com.mojang.authlib.exceptions.InvalidCredentialsException: Status: 401
	at com.mojang.authlib.exceptions.MinecraftClientHttpException.toAuthenticationException(MinecraftClientHttpException.java:70) ~[authlib-9.0.75.jar:?]
	at com.mojang.authlib.yggdrasil.YggdrasilUserApiService.fetchProperties(YggdrasilUserApiService.java:173) ~[authlib-9.0.75.jar:?]
	at TRANSFORMER/minecraft@26.2/net.minecraft.client.Minecraft.lambda$new$1(Minecraft.java:409) [minecraft-client-patched-26.2.0.75.jar:?]
	at java.base/java.util.concurrent.CompletableFuture$AsyncSupply.run(CompletableFuture.java:1789) [?:?]
	at java.base/java.util.concurrent.ThreadPoolExecutor.runWorker(ThreadPoolExecutor.java:1090) [?:?]
	at java.base/java.util.concurrent.ThreadPoolExecutor$Worker.run(ThreadPoolExecutor.java:614) [?:?]
	at java.base/java.lang.Thread.run(Thread.java:1474) [?:?]
Caused by: MinecraftClientHttpException[type=HTTP_ERROR, status=401, response=ErrorResponse[path=/player/attributes, error=null, errorMessage=null, details=null]]
	at com.mojang.authlib.minecraft.client.MinecraftClient.buildHttpException(MinecraftClient.java:170) ~[authlib-9.0.75.jar:?]
	at com.mojang.authlib.minecraft.client.MinecraftClient.readServiceResponse(MinecraftClient.java:147) ~[authlib-9.0.75.jar:?]
	at com.mojang.authlib.minecraft.client.MinecraftClient.getWithEtag(MinecraftClient.java:81) ~[authlib-9.0.75.jar:?]
	at com.mojang.authlib.minecraft.client.MinecraftClient.get(MinecraftClient.java:65) ~[authlib-9.0.75.jar:?]
	at com.mojang.authlib.yggdrasil.YggdrasilUserApiService.fetchProperties(YggdrasilUserApiService.java:123) ~[authlib-9.0.75.jar:?]
	... 5 more
[0710月2026 03:21:13.936] [Render thread/INFO] [net.minecraft.server.packs.resources.ReloadableResourceManager/]: Reloading ResourceManager: vanilla, mod_resources, mod/nekojs, mod/graalmc, mod/neoforge, mod/mcpmod, nekojs
[0710月2026 03:21:14.043] [Worker-Main-11/INFO] [net.minecraft.client.gui.font.providers.UnihexProvider/]: Found unifont_pua-17.0.01.hex, loading
[0710月2026 03:21:14.043] [Worker-Main-18/INFO] [net.minecraft.client.gui.font.providers.UnihexProvider/]: Found unifont_all_no_pua-17.0.01.hex, loading
[0710月2026 03:21:14.149] [Download-2/INFO] [com.mojang.realmsclient.client.RealmsClient/]: Could not authorize you against Realms server: javax.ws.rs.BadRequestException: Invalid session
[0710月2026 03:21:14.150] [Download-2/ERROR] [com.mojang.realmsclient.client.RealmsClient/]: Failed to fetch Realms feature flags
com.mojang.realmsclient.exception.RealmsServiceException: Realms authentication error with message 'javax.ws.rs.BadRequestException: Invalid session'
	at TRANSFORMER/minecraft@26.2/com.mojang.realmsclient.client.RealmsClient.execute(RealmsClient.java:517) [minecraft-client-patched-26.2.0.75.jar:?]
	at TRANSFORMER/minecraft@26.2/com.mojang.realmsclient.client.RealmsClient.fetchFeatureFlags(RealmsClient.java:162) [minecraft-client-patched-26.2.0.75.jar:?]
	at java.base/java.util.concurrent.CompletableFuture$AsyncSupply.run(CompletableFuture.java:1789) [?:?]
	at java.base/java.util.concurrent.ThreadPoolExecutor.runWorker(ThreadPoolExecutor.java:1090) [?:?]
	at java.base/java.util.concurrent.ThreadPoolExecutor$Worker.run(ThreadPoolExecutor.java:614) [?:?]
	at java.base/java.lang.Thread.run(Thread.java:1474) [?:?]
[0710月2026 03:21:14.186] [Worker-Main-5/INFO] [net.minecraft.client.gui.font.providers.UnihexProvider/]: Found unifont_jp_patch-17.0.01.hex, loading
[0710月2026 03:21:15.191] [Render thread/WARN] [com.mojang.blaze3d.opengl.GlProgram/]: neoforge:pipeline/item_translucent_unlit shader program does not use sampler Sampler2 defined in the pipeline. This might be a bug.
[0710月2026 03:21:15.196] [Render thread/WARN] [com.mojang.blaze3d.opengl.GlProgram/]: neoforge:pipeline/item_cutout_unlit shader program does not use sampler Sampler2 defined in the pipeline. This might be a bug.
[0710月2026 03:21:15.229] [Render thread/INFO] [com.mojang.blaze3d.audio.Library/]: OpenAL initialized on device OpenAL Soft on 扬声器 (Razer Barracuda X)
[0710月2026 03:21:15.230] [Render thread/INFO] [net.minecraft.client.sounds.SoundEngine/SOUNDS]: Sound engine started
[0710月2026 03:21:15.231] [Render thread/INFO] [net.minecraft.client.renderer.texture.TextureAtlas/]: Created: 512x256x0 minecraft:textures/atlas/particles.png-atlas
[0710月2026 03:21:15.265] [Render thread/INFO] [net.minecraft.client.renderer.texture.TextureAtlas/]: Created: 128x128x0 minecraft:textures/atlas/decorated_pot.png-atlas
[0710月2026 03:21:15.267] [Render thread/INFO] [net.minecraft.client.renderer.texture.TextureAtlas/]: Created: 2048x1024x0 minecraft:textures/atlas/armor_trims.png-atlas
[0710月2026 03:21:15.301] [Render thread/INFO] [net.minecraft.client.renderer.texture.TextureAtlas/]: Created: 512x256x0 minecraft:textures/atlas/paintings.png-atlas
[0710月2026 03:21:15.341] [Render thread/INFO] [net.minecraft.client.renderer.texture.TextureAtlas/]: Created: 1024x512x0 minecraft:textures/atlas/shield_patterns.png-atlas
[0710月2026 03:21:15.344] [Render thread/INFO] [net.minecraft.client.renderer.texture.TextureAtlas/]: Created: 2048x2048x4 minecraft:textures/atlas/blocks.png-atlas
[0710月2026 03:21:15.449] [Render thread/INFO] [net.minecraft.client.renderer.texture.TextureAtlas/]: Created: 512x512x0 minecraft:textures/atlas/chest.png-atlas
[0710月2026 03:21:15.495] [Render thread/INFO] [net.minecraft.client.renderer.texture.TextureAtlas/]: Created: 256x128x0 minecraft:textures/atlas/celestials.png-atlas
[0710月2026 03:21:15.499] [Render thread/INFO] [net.minecraft.client.renderer.texture.TextureAtlas/]: Created: 1024x512x0 minecraft:textures/atlas/banner_patterns.png-atlas
[0710月2026 03:21:15.501] [Render thread/INFO] [net.minecraft.client.renderer.texture.TextureAtlas/]: Created: 1024x512x0 minecraft:textures/atlas/items.png-atlas
[0710月2026 03:21:15.518] [Render thread/INFO] [net.minecraft.client.renderer.texture.TextureAtlas/]: Created: 1024x1024x0 minecraft:textures/atlas/gui.png-atlas
[0710月2026 03:21:15.556] [Render thread/INFO] [net.minecraft.client.renderer.texture.TextureAtlas/]: Created: 128x64x0 minecraft:textures/atlas/map_decorations.png-atlas
[0710月2026 03:21:15.576] [Render thread/INFO] [net.minecraft.client.renderer.texture.TextureAtlas/]: Created: 512x512x0 minecraft:textures/atlas/shulker_boxes.png-atlas
[0710月2026 03:21:15.685] [Render thread/INFO] [net.neoforged.neoforge.client.entity.animation.json.AnimationLoader/]: Loaded 0 entity animations
[0710月2026 03:21:15.959] [Render thread/INFO] [NekoJS/]: 正在为 CLIENT 注册 16 个事件组... — registering event groups
[0710月2026 03:21:15.969] [Render thread/INFO] [NekoJS/]: [client] 正在重载 CLIENT 脚本... — reloading scripts (x2)
[0710月2026 03:21:15.977] [Render thread/INFO] [NekoJS/]: [client] 发现了 4 个 CLIENT 脚本 — scripts discovered
[0710月2026 03:21:15.989] [Render thread/ERROR] [NekoJS/]: [client] Script binding-preflight unknown-identifier flatMap callback exception:
环境: CLIENT
位置: client_scripts/src/combined-session.tsx:71:55
原因: Unknown identifier 'flatMap'. Did you mean 'DataMap'?

   69 |     renderFault: renderFault.get(), recoveryCount: recoveryCount.get(),
   70 |     listValues: listItems.get(),
 > 71 |     listNodes: layout ? ['list-first', 'list-second'].flatMap(id => {
     |                                                       ^
   72 |       const node = find(layout.nodes, id);
   73 |       return node ? [{ id: node.id, text: node.text ?? node.style?.text ?? null, rect: node.rect }] : [];
script-diagnostic id=nekojs:rt/CLIENT/binding-preflight unknown-identifier flatMap/5d31c64e type=client phase=RESOLVE_LINK owner=Module Resolution/Cache generation=2 candidate=true source=client_scripts/src/combined-session.tsx:71:55 module=D:/mcmodDemo/NekoJS-mult/build/ticket48-autonomous/nekojs/client_scripts/src/combined-session.tsx cause=NekoEsmLinkException: Unknown identifier 'flatMap'. Did you mean 'DataMap'? at D:\mcmodDemo\NekoJS-mult\build\ticket48-autonomous\nekojs\client_scripts\src\combined-session.tsx:71:55
[0710月2026 03:21:16.044] [Render thread/ERROR] [NekoJS/]: [client] Script binding-preflight unknown-identifier flatMap callback exception:
环境: CLIENT
位置: client_scripts/src/combined-session.tsx:71:55
原因: Unknown identifier 'flatMap'. Did you mean 'DataMap'?
频次: 连续发生了 2 次

   69 |     renderFault: renderFault.get(), recoveryCount: recoveryCount.get(),
   70 |     listValues: listItems.get(),
 > 71 |     listNodes: layout ? ['list-first', 'list-second'].flatMap(id => {
     |                                                       ^
   72 |       const node = find(layout.nodes, id);
   73 |       return node ? [{ id: node.id, text: node.text ?? node.style?.text ?? null, rect: node.rect }] : [];
script-diagnostic id=nekojs:rt/CLIENT/binding-preflight unknown-identifier flatMap/5d31c64e type=client phase=RESOLVE_LINK owner=Module Resolution/Cache generation=2 candidate=true source=client_scripts/src/combined-session.tsx:71:55 module=D:/mcmodDemo/NekoJS-mult/build/ticket48-autonomous/nekojs/client_scripts/src/combined-session.tsx cause=NekoEsmLinkException: Unknown identifier 'flatMap'. Did you mean 'DataMap'? at D:\mcmodDemo\NekoJS-mult\build\ticket48-autonomous\nekojs\client_scripts\src\combined-session.tsx:71:55
[0710月2026 03:21:16.048] [Render thread/INFO] [com.tkisor.nekojs.client.posteffect.PostEffectManager/]: Installed client post-effect generation 1 (0 definition(s), 0 removed, 0 re-declared)
[0710月2026 03:21:16.053] [Render thread/INFO] [NekoJS/]: [client] Hello, World! (Loaded client example script)
[0710月2026 03:21:16.790] [NekoJS-Log-Flusher/INFO] [NekoJS/]: [client] CLIENT 脚本重载完毕 — script reload finished (x2)
[0710月2026 03:21:17.367] [Download-1/INFO] [com.mojang.realmsclient.client.RealmsClient/]: Could not authorize you against Realms server: javax.ws.rs.BadRequestException: Invalid session
[0710月2026 03:21:17.367] [Download-1/ERROR] [com.mojang.realmsclient.RealmsAvailability/]: Couldn't connect to realms
com.mojang.realmsclient.exception.RealmsServiceException: Realms authentication error with message 'javax.ws.rs.BadRequestException: Invalid session'
	at TRANSFORMER/minecraft@26.2/com.mojang.realmsclient.client.RealmsClient.execute(RealmsClient.java:517) ~[minecraft-client-patched-26.2.0.75.jar:?]
	at TRANSFORMER/minecraft@26.2/com.mojang.realmsclient.client.RealmsClient.clientCompatible(RealmsClient.java:284) ~[minecraft-client-patched-26.2.0.75.jar:?]
	at TRANSFORMER/minecraft@26.2/com.mojang.realmsclient.RealmsAvailability.lambda$check$0(RealmsAvailability.java:50) [minecraft-client-patched-26.2.0.75.jar:?]
	at java.base/java.util.concurrent.CompletableFuture$AsyncSupply.run(CompletableFuture.java:1789) [?:?]
	at java.base/java.util.concurrent.ThreadPoolExecutor.runWorker(ThreadPoolExecutor.java:1090) [?:?]
	at java.base/java.util.concurrent.ThreadPoolExecutor$Worker.run(ThreadPoolExecutor.java:614) [?:?]
	at java.base/java.lang.Thread.run(Thread.java:1474) [?:?]
[0710月2026 03:21:22.938] [Render thread/INFO] [NekoJS/]: [client] [ticket48-auto] {"stage":"open","ticks":120,"elapsedMs":6848,"statistics":{"initialBuild":1,"layout":2,"reconcile":0,"resize":1,"paint":0,"diagnostics":0,"cleanup":0},"disposed":false,"username":"","passwordLength":0,"error":"","submitting":false,"lastSubmitted":"","renderFault":false,"recoveryCount":0,"listValues":[{"id":"first","text":"A"}],"listNodes":[{"id":"list-first","text":"A","rect":{"x":0,"y":230,"width":30,"height":10}}],"profile":2,"packFontWidth":36,"usernameRect":{"x":12,"y":57,"width":196,"height":20},"passwordRect":{"x":12,"y":96,"width":196,"height":20},"submitRect":{"x":12,"y":124,"width":92,"height":20}}
[0710月2026 03:21:22.979] [Render thread/INFO] [NekoJS/]: [client] [ticket48-auto] {"stage":"profile-1-result-true","ticks":120,"elapsedMs":6917,"statistics":{"initialBuild":1,"layout":3,"reconcile":0,"resize":1,"paint":0,"diagnostics":0,"cleanup":0},"disposed":false,"username":"","passwordLength":0,"error":"","submitting":false,"lastSubmitted":"","renderFault":false,"recoveryCount":0,"listValues":[{"id":"first","text":"A"}],"listNodes":[{"id":"list-first","text":"A","rect":{"x":0,"y":230,"width":30,"height":10}}],"profile":1,"packFontWidth":36,"usernameRect":{"x":12,"y":57,"width":196,"height":20},"passwordRect":{"x":12,"y":96,"width":196,"height":20},"submitRect":{"x":12,"y":124,"width":92,"height":20}}
[0710月2026 03:21:23.015] [Render thread/INFO] [NekoJS/]: [client] [ticket48-auto] {"stage":"profile-2-result-true","ticks":120,"elapsedMs":6959,"statistics":{"initialBuild":1,"layout":4,"reconcile":0,"resize":1,"paint":0,"diagnostics":0,"cleanup":0},"disposed":false,"username":"","passwordLength":0,"error":"","submitting":false,"lastSubmitted":"","renderFault":false,"recoveryCount":0,"listValues":[{"id":"first","text":"A"}],"listNodes":[{"id":"list-first","text":"A","rect":{"x":0,"y":230,"width":30,"height":10}}],"profile":2,"packFontWidth":36,"usernameRect":{"x":12,"y":57,"width":196,"height":20},"passwordRect":{"x":12,"y":96,"width":196,"height":20},"submitRect":{"x":12,"y":124,"width":92,"height":20}}
[0710月2026 03:21:23.046] [Render thread/INFO] [NekoJS/]: [client] [ticket48-auto] {"stage":"profile-3-result-true","ticks":120,"elapsedMs":6995,"statistics":{"initialBuild":1,"layout":5,"reconcile":0,"resize":1,"paint":0,"diagnostics":0,"cleanup":0},"disposed":false,"username":"","passwordLength":0,"error":"","submitting":false,"lastSubmitted":"","renderFault":false,"recoveryCount":0,"listValues":[{"id":"first","text":"A"}],"listNodes":[{"id":"list-first","text":"A","rect":{"x":0,"y":230,"width":30,"height":10}}],"profile":3,"packFontWidth":36,"usernameRect":{"x":12,"y":57,"width":196,"height":20},"passwordRect":{"x":12,"y":96,"width":196,"height":20},"submitRect":{"x":12,"y":124,"width":92,"height":20}}
[0710月2026 03:21:23.079] [Render thread/INFO] [NekoJS/]: [client] [ticket48-auto] {"stage":"profile-4-result-true","ticks":120,"elapsedMs":7025,"statistics":{"initialBuild":1,"layout":6,"reconcile":0,"resize":1,"paint":0,"diagnostics":0,"cleanup":0},"disposed":false,"username":"","passwordLength":0,"error":"","submitting":false,"lastSubmitted":"","renderFault":false,"recoveryCount":0,"listValues":[{"id":"first","text":"A"}],"listNodes":[{"id":"list-first","text":"A","rect":{"x":0,"y":230,"width":30,"height":10}}],"profile":4,"packFontWidth":36,"usernameRect":{"x":12,"y":57,"width":196,"height":20},"passwordRect":{"x":12,"y":96,"width":196,"height":20},"submitRect":{"x":12,"y":124,"width":92,"height":20}}
[0710月2026 03:21:23.109] [Render thread/INFO] [NekoJS/]: [client] [ticket48-auto] {"stage":"profile-5-result-true","ticks":120,"elapsedMs":7059,"statistics":{"initialBuild":1,"layout":7,"reconcile":0,"resize":1,"paint":0,"diagnostics":0,"cleanup":0},"disposed":false,"username":"","passwordLength":0,"error":"","submitting":false,"lastSubmitted":"","renderFault":false,"recoveryCount":0,"listValues":[{"id":"first","text":"A"}],"listNodes":[{"id":"list-first","text":"A","rect":{"x":0,"y":230,"width":30,"height":10}}],"profile":5,"packFontWidth":36,"usernameRect":{"x":12,"y":57,"width":196,"height":20},"passwordRect":{"x":12,"y":96,"width":196,"height":20},"submitRect":{"x":12,"y":124,"width":92,"height":20}}
[0710月2026 03:21:23.139] [Render thread/INFO] [NekoJS/]: [client] [ticket48-auto] {"stage":"profile-6-result-true","ticks":120,"elapsedMs":7089,"statistics":{"initialBuild":1,"layout":8,"reconcile":0,"resize":1,"paint":0,"diagnostics":0,"cleanup":0},"disposed":false,"username":"","passwordLength":0,"error":"","submitting":false,"lastSubmitted":"","renderFault":false,"recoveryCount":0,"listValues":[{"id":"first","text":"A"}],"listNodes":[{"id":"list-first","text":"A","rect":{"x":0,"y":230,"width":30,"height":10}}],"profile":6,"packFontWidth":36,"usernameRect":{"x":12,"y":59,"width":196,"height":20},"passwordRect":{"x":12,"y":98,"width":196,"height":20},"submitRect":{"x":12,"y":126,"width":92,"height":20}}
[0710月2026 03:21:23.789] [NekoJS-Log-Flusher/INFO] [NekoJS/]: [client] [ticket48-auto] {"stage":"physical-window-restored","ticks":120,"elapsedMs":7119,"statistics":{"initialBuild":1,"layout":9,"reconcile":0,"resize":1,"paint":0,"diagnostics":0,"cleanup":0},"disposed":false,"username":"","passwordLength":0,"error":"","submitting":false,"lastSubmitted":"","renderFault":false,"recoveryCount":0,"listValues":[{"id":"first","text":"A"}],"listNodes":[{"id":"list-first","text":"A","rect":{"x":0,"y":230,"width":30,"height":10}}],"profile":2,"packFontWidth":36,"usernameRect":{"x":12,"y":57,"width":196,"height":20},"passwordRect":{"x":12,"y":96,"width":196,"height":20},"submitRect":{"x":12,"y":124,"width":92,"height":20}}
[0710月2026 03:21:26.789] [NekoJS-Log-Flusher/INFO] [NekoJS/]: [client] [ticket48-auto] {"stage":"sample","ticks":200,"elapsedMs":10684,"statistics":{"initialBuild":1,"layout":9,"reconcile":0,"resize":1,"paint":36,"diagnostics":0,"cleanup":0},"disposed":false,"username":"","passwordLength":0,"error":"","submitting":false,"lastSubmitted":"","renderFault":false,"recoveryCount":0,"listValues":[{"id":"first","text":"A"}],"listNodes":[{"id":"list-first","text":"A","rect":{"x":0,"y":230,"width":30,"height":10}}],"profile":2,"packFontWidth":36,"usernameRect":{"x":12,"y":57,"width":196,"height":20},"passwordRect":{"x":12,"y":96,"width":196,"height":20},"submitRect":{"x":12,"y":124,"width":92,"height":20}}
[0710月2026 03:21:32.792] [NekoJS-Log-Flusher/INFO] [NekoJS/]: [client] [ticket48-auto] {"stage":"sample","ticks":300,"elapsedMs":15782,"statistics":{"initialBuild":1,"layout":10,"reconcile":0,"resize":2,"paint":222,"diagnostics":0,"cleanup":0},"disposed":false,"username":"","passwordLength":0,"error":"","submitting":false,"lastSubmitted":"","renderFault":false,"recoveryCount":0,"listValues":[{"id":"first","text":"A"}],"listNodes":[{"id":"list-first","text":"A","rect":{"x":0,"y":230,"width":30,"height":10}}],"profile":2,"packFontWidth":36,"usernameRect":{"x":12,"y":57,"width":196,"height":20},"passwordRect":{"x":12,"y":96,"width":196,"height":20},"submitRect":{"x":12,"y":124,"width":92,"height":20}}
[0710月2026 03:21:34.790] [NekoJS-Log-Flusher/ERROR] [NekoJS/]: [client] Script ui-render callback exception:
环境: CLIENT
位置: ui-render/9a480dfb
原因: ticket48 deliberate render failure
script-diagnostic id=nekojs:rt/CLIENT/ui-render/9a480dfb type=client phase=EXECUTION owner=Script Execution Environment generation=2 candidate=false cause=IllegalStateException: [NEKO-7007] JSX UI root ticket48-auto-root failed in phase render (generation 2): UI render failed: ticket48 deliberate render failure
[0710月2026 03:21:36.789] [NekoJS-Log-Flusher/ERROR] [NekoJS/]: [client] Script ui-event callback exception:
环境: CLIENT
位置: ui-event/7ae3aab6
原因: ticket48 deliberate event failure
script-diagnostic id=nekojs:rt/CLIENT/ui-event/7ae3aab6 type=client phase=EXECUTION owner=Script Execution Environment generation=2 candidate=false cause=IllegalStateException: [NEKO-7007] JSX UI root ticket48-auto-root failed in phase event (generation 2): ticket48 deliberate event failure
[0710月2026 03:21:37.382] [Render thread/INFO] [NekoJS/]: [client] [ticket48-auto] {"stage":"sample","ticks":400,"elapsedMs":20777,"statistics":{"initialBuild":1,"layout":10,"reconcile":0,"resize":2,"paint":520,"diagnostics":2,"cleanup":0},"disposed":false,"username":"","passwordLength":0,"error":"","submitting":false,"lastSubmitted":"","renderFault":true,"recoveryCount":0,"listValues":[{"id":"first","text":"A"}],"listNodes":[{"id":"list-first","text":"A","rect":{"x":0,"y":230,"width":30,"height":10}}],"profile":2,"packFontWidth":36,"usernameRect":{"x":12,"y":57,"width":196,"height":20},"passwordRect":{"x":12,"y":96,"width":196,"height":20},"submitRect":{"x":12,"y":124,"width":92,"height":20}}
[0710月2026 03:21:37.792] [NekoJS-Log-Flusher/INFO] [NekoJS/]: [client] [ticket48-auto] {"stage":"list-phase-1","ticks":410,"elapsedMs":21362,"statistics":{"initialBuild":1,"layout":13,"reconcile":3,"resize":2,"paint":549,"diagnostics":2,"cleanup":0},"disposed":false,"username":"","passwordLength":0,"error":"","submitting":false,"lastSubmitted":"","renderFault":false,"recoveryCount":1,"listValues":[{"id":"first","text":"A"},{"id":"second","text":"B"}],"listNodes":[{"id":"list-first","text":"A","rect":{"x":0,"y":230,"width":30,"height":10}},{"id":"list-second","text":"B","rect":{"x":30,"y":230,"width":30,"height":10}}],"profile":2,"packFontWidth":36,"usernameRect":{"x":12,"y":57,"width":196,"height":20},"passwordRect":{"x":12,"y":96,"width":196,"height":20},"submitRect":{"x":12,"y":124,"width":92,"height":20}}
[0710月2026 03:21:39.790] [NekoJS-Log-Flusher/ERROR] [NekoJS/]: [client] Script ui-render callback exception:
环境: CLIENT
位置: ui-render/9a480dfb
原因: ticket48 deliberate render failure
频次: 连续发生了 2 次
script-diagnostic id=nekojs:rt/CLIENT/ui-render/9a480dfb type=client phase=EXECUTION owner=Script Execution Environment generation=2 candidate=false cause=IllegalStateException: [NEKO-7007] JSX UI root ticket48-auto-root failed in phase render (generation 2): UI render failed: ticket48 deliberate render failure
[0710月2026 03:21:42.790] [NekoJS-Log-Flusher/INFO] [NekoJS/]: [client] [ticket48-auto] {"stage":"sample","ticks":500,"elapsedMs":25779,"statistics":{"initialBuild":1,"layout":13,"reconcile":3,"resize":2,"paint":811,"diagnostics":3,"cleanup":0},"disposed":false,"username":"","passwordLength":0,"error":"","submitting":false,"lastSubmitted":"","renderFault":true,"recoveryCount":1,"listValues":[{"id":"first","text":"A"},{"id":"second","text":"B"}],"listNodes":[{"id":"list-first","text":"A","rect":{"x":0,"y":230,"width":30,"height":10}},{"id":"list-second","text":"B","rect":{"x":30,"y":230,"width":30,"height":10}}],"profile":2,"packFontWidth":36,"usernameRect":{"x":12,"y":57,"width":196,"height":20},"passwordRect":{"x":12,"y":96,"width":196,"height":20},"submitRect":{"x":12,"y":124,"width":92,"height":20}}
[0710月2026 03:21:47.789] [NekoJS-Log-Flusher/INFO] [NekoJS/]: [client] [ticket48-auto] {"stage":"sample","ticks":600,"elapsedMs":30770,"statistics":{"initialBuild":1,"layout":13,"reconcile":3,"resize":2,"paint":1109,"diagnostics":3,"cleanup":0},"disposed":false,"username":"","passwordLength":0,"error":"","submitting":false,"lastSubmitted":"","renderFault":true,"recoveryCount":1,"listValues":[{"id":"first","text":"A"},{"id":"second","text":"B"}],"listNodes":[{"id":"list-first","text":"A","rect":{"x":0,"y":230,"width":30,"height":10}},{"id":"list-second","text":"B","rect":{"x":30,"y":230,"width":30,"height":10}}],"profile":2,"packFontWidth":36,"usernameRect":{"x":12,"y":57,"width":196,"height":20},"passwordRect":{"x":12,"y":96,"width":196,"height":20},"submitRect":{"x":12,"y":124,"width":92,"height":20}}
[0710月2026 03:21:51.790] [NekoJS-Log-Flusher/INFO] [NekoJS/]: [client] [ticket48-auto] {"stage":"sample","ticks":700,"elapsedMs":35764,"statistics":{"initialBuild":1,"layout":13,"reconcile":3,"resize":2,"paint":1407,"diagnostics":3,"cleanup":0},"disposed":false,"username":"","passwordLength":0,"error":"","submitting":false,"lastSubmitted":"","renderFault":true,"recoveryCount":1,"listValues":[{"id":"first","text":"A"},{"id":"second","text":"B"}],"listNodes":[{"id":"list-first","text":"A","rect":{"x":0,"y":230,"width":30,"height":10}},{"id":"list-second","text":"B","rect":{"x":30,"y":230,"width":30,"height":10}}],"profile":2,"packFontWidth":36,"usernameRect":{"x":12,"y":57,"width":196,"height":20},"passwordRect":{"x":12,"y":96,"width":196,"height":20},"submitRect":{"x":12,"y":124,"width":92,"height":20}}
[0710月2026 03:21:57.790] [NekoJS-Log-Flusher/INFO] [NekoJS/]: [client] [ticket48-auto] {"stage":"sample","ticks":800,"elapsedMs":40778,"statistics":{"initialBuild":1,"layout":13,"reconcile":3,"resize":2,"paint":1706,"diagnostics":3,"cleanup":0},"disposed":false,"username":"","passwordLength":0,"error":"","submitting":false,"lastSubmitted":"","renderFault":true,"recoveryCount":1,"listValues":[{"id":"first","text":"A"},{"id":"second","text":"B"}],"listNodes":[{"id":"list-first","text":"A","rect":{"x":0,"y":230,"width":30,"height":10}},{"id":"list-second","text":"B","rect":{"x":30,"y":230,"width":30,"height":10}}],"profile":2,"packFontWidth":36,"usernameRect":{"x":12,"y":57,"width":196,"height":20},"passwordRect":{"x":12,"y":96,"width":196,"height":20},"submitRect":{"x":12,"y":124,"width":92,"height":20}}
[0710月2026 03:22:01.789] [NekoJS-Log-Flusher/INFO] [NekoJS/]: [client] [ticket48-auto] {"stage":"sample","ticks":900,"elapsedMs":45767,"statistics":{"initialBuild":1,"layout":13,"reconcile":3,"resize":2,"paint":2004,"diagnostics":3,"cleanup":0},"disposed":false,"username":"","passwordLength":0,"error":"","submitting":false,"lastSubmitted":"","renderFault":true,"recoveryCount":1,"listValues":[{"id":"first","text":"A"},{"id":"second","text":"B"}],"listNodes":[{"id":"list-first","text":"A","rect":{"x":0,"y":230,"width":30,"height":10}},{"id":"list-second","text":"B","rect":{"x":30,"y":230,"width":30,"height":10}}],"profile":2,"packFontWidth":36,"usernameRect":{"x":12,"y":57,"width":196,"height":20},"passwordRect":{"x":12,"y":96,"width":196,"height":20},"submitRect":{"x":12,"y":124,"width":92,"height":20}}
[0710月2026 03:22:07.789] [NekoJS-Log-Flusher/INFO] [NekoJS/]: [client] [ticket48-auto] {"stage":"sample","ticks":1000,"elapsedMs":50774,"statistics":{"initialBuild":1,"layout":13,"reconcile":3,"resize":2,"paint":2303,"diagnostics":3,"cleanup":0},"disposed":false,"username":"","passwordLength":0,"error":"","submitting":false,"lastSubmitted":"","renderFault":true,"recoveryCount":1,"listValues":[{"id":"first","text":"A"},{"id":"second","text":"B"}],"listNodes":[{"id":"list-first","text":"A","rect":{"x":0,"y":230,"width":30,"height":10}},{"id":"list-second","text":"B","rect":{"x":30,"y":230,"width":30,"height":10}}],"profile":2,"packFontWidth":36,"usernameRect":{"x":12,"y":57,"width":196,"height":20},"passwordRect":{"x":12,"y":96,"width":196,"height":20},"submitRect":{"x":12,"y":124,"width":92,"height":20}}
[0710月2026 03:22:11.791] [NekoJS-Log-Flusher/INFO] [NekoJS/]: [client] [ticket48-auto] {"stage":"sample","ticks":1100,"elapsedMs":55764,"statistics":{"initialBuild":1,"layout":13,"reconcile":3,"resize":2,"paint":2601,"diagnostics":3,"cleanup":0},"disposed":false,"username":"","passwordLength":0,"error":"","submitting":false,"lastSubmitted":"","renderFault":true,"recoveryCount":1,"listValues":[{"id":"first","text":"A"},{"id":"second","text":"B"}],"listNodes":[{"id":"list-first","text":"A","rect":{"x":0,"y":230,"width":30,"height":10}},{"id":"list-second","text":"B","rect":{"x":30,"y":230,"width":30,"height":10}}],"profile":2,"packFontWidth":36,"usernameRect":{"x":12,"y":57,"width":196,"height":20},"passwordRect":{"x":12,"y":96,"width":196,"height":20},"submitRect":{"x":12,"y":124,"width":92,"height":20}}
[0710月2026 03:22:17.959] [NekoJS-Log-Flusher/INFO] [NekoJS/]: [client] [ticket48-auto] {"stage":"sample","ticks":1200,"elapsedMs":60771,"statistics":{"initialBuild":1,"layout":13,"reconcile":3,"resize":2,"paint":2900,"diagnostics":3,"cleanup":0},"disposed":false,"username":"","passwordLength":0,"error":"","submitting":false,"lastSubmitted":"","renderFault":true,"recoveryCount":1,"listValues":[{"id":"first","text":"A"},{"id":"second","text":"B"}],"listNodes":[{"id":"list-first","text":"A","rect":{"x":0,"y":230,"width":30,"height":10}},{"id":"list-second","text":"B","rect":{"x":30,"y":230,"width":30,"height":10}}],"profile":2,"packFontWidth":36,"usernameRect":{"x":12,"y":57,"width":196,"height":20},"passwordRect":{"x":12,"y":96,"width":196,"height":20},"submitRect":{"x":12,"y":124,"width":92,"height":20}}
[0710月2026 03:22:22.790] [NekoJS-Log-Flusher/INFO] [NekoJS/]: [client] [ticket48-auto] {"stage":"sample","ticks":1300,"elapsedMs":65826,"statistics":{"initialBuild":1,"layout":13,"reconcile":3,"resize":2,"paint":3144,"diagnostics":3,"cleanup":0},"disposed":false,"username":"","passwordLength":0,"error":"","submitting":false,"lastSubmitted":"","renderFault":true,"recoveryCount":1,"listValues":[{"id":"first","text":"A"},{"id":"second","text":"B"}],"listNodes":[{"id":"list-first","text":"A","rect":{"x":0,"y":230,"width":30,"height":10}},{"id":"list-second","text":"B","rect":{"x":30,"y":230,"width":30,"height":10}}],"profile":2,"packFontWidth":36,"usernameRect":{"x":12,"y":57,"width":196,"height":20},"passwordRect":{"x":12,"y":96,"width":196,"height":20},"submitRect":{"x":12,"y":124,"width":92,"height":20}}
[0710月2026 03:22:27.791] [NekoJS-Log-Flusher/INFO] [NekoJS/]: [client] [ticket48-auto] {"stage":"sample","ticks":1400,"elapsedMs":70819,"statistics":{"initialBuild":1,"layout":13,"reconcile":3,"resize":2,"paint":3442,"diagnostics":3,"cleanup":0},"disposed":false,"username":"","passwordLength":0,"error":"","submitting":false,"lastSubmitted":"","renderFault":true,"recoveryCount":1,"listValues":[{"id":"first","text":"A"},{"id":"second","text":"B"}],"listNodes":[{"id":"list-first","text":"A","rect":{"x":0,"y":230,"width":30,"height":10}},{"id":"list-second","text":"B","rect":{"x":30,"y":230,"width":30,"height":10}}],"profile":2,"packFontWidth":36,"usernameRect":{"x":12,"y":57,"width":196,"height":20},"passwordRect":{"x":12,"y":96,"width":196,"height":20},"submitRect":{"x":12,"y":124,"width":92,"height":20}}
[0710月2026 03:22:32.791] [NekoJS-Log-Flusher/INFO] [NekoJS/]: [client] [ticket48-auto] {"stage":"sample","ticks":1500,"elapsedMs":75817,"statistics":{"initialBuild":1,"layout":13,"reconcile":3,"resize":2,"paint":3740,"diagnostics":3,"cleanup":0},"disposed":false,"username":"","passwordLength":0,"error":"","submitting":false,"lastSubmitted":"","renderFault":true,"recoveryCount":1,"listValues":[{"id":"first","text":"A"},{"id":"second","text":"B"}],"listNodes":[{"id":"list-first","text":"A","rect":{"x":0,"y":230,"width":30,"height":10}},{"id":"list-second","text":"B","rect":{"x":30,"y":230,"width":30,"height":10}}],"profile":2,"packFontWidth":36,"usernameRect":{"x":12,"y":57,"width":196,"height":20},"passwordRect":{"x":12,"y":96,"width":196,"height":20},"submitRect":{"x":12,"y":124,"width":92,"height":20}}
[0710月2026 03:22:37.790] [NekoJS-Log-Flusher/INFO] [NekoJS/]: [client] [ticket48-auto] {"stage":"sample","ticks":1600,"elapsedMs":80813,"statistics":{"initialBuild":1,"layout":13,"reconcile":3,"resize":2,"paint":4038,"diagnostics":3,"cleanup":0},"disposed":false,"username":"","passwordLength":0,"error":"","submitting":false,"lastSubmitted":"","renderFault":true,"recoveryCount":1,"listValues":[{"id":"first","text":"A"},{"id":"second","text":"B"}],"listNodes":[{"id":"list-first","text":"A","rect":{"x":0,"y":230,"width":30,"height":10}},{"id":"list-second","text":"B","rect":{"x":30,"y":230,"width":30,"height":10}}],"profile":2,"packFontWidth":36,"usernameRect":{"x":12,"y":57,"width":196,"height":20},"passwordRect":{"x":12,"y":96,"width":196,"height":20},"submitRect":{"x":12,"y":124,"width":92,"height":20}}
[0710月2026 03:22:42.790] [NekoJS-Log-Flusher/INFO] [NekoJS/]: [client] [ticket48-auto] {"stage":"sample","ticks":1700,"elapsedMs":85825,"statistics":{"initialBuild":1,"layout":13,"reconcile":3,"resize":2,"paint":4337,"diagnostics":3,"cleanup":0},"disposed":false,"username":"","passwordLength":0,"error":"","submitting":false,"lastSubmitted":"","renderFault":true,"recoveryCount":1,"listValues":[{"id":"first","text":"A"},{"id":"second","text":"B"}],"listNodes":[{"id":"list-first","text":"A","rect":{"x":0,"y":230,"width":30,"height":10}},{"id":"list-second","text":"B","rect":{"x":30,"y":230,"width":30,"height":10}}],"profile":2,"packFontWidth":36,"usernameRect":{"x":12,"y":57,"width":196,"height":20},"passwordRect":{"x":12,"y":96,"width":196,"height":20},"submitRect":{"x":12,"y":124,"width":92,"height":20}}
[0710月2026 03:22:47.790] [NekoJS-Log-Flusher/INFO] [NekoJS/]: [client] [ticket48-auto] {"stage":"sample","ticks":1800,"elapsedMs":90818,"statistics":{"initialBuild":1,"layout":13,"reconcile":3,"resize":2,"paint":4635,"diagnostics":3,"cleanup":0},"disposed":false,"username":"","passwordLength":0,"error":"","submitting":false,"lastSubmitted":"","renderFault":true,"recoveryCount":1,"listValues":[{"id":"first","text":"A"},{"id":"second","text":"B"}],"listNodes":[{"id":"list-first","text":"A","rect":{"x":0,"y":230,"width":30,"height":10}},{"id":"list-second","text":"B","rect":{"x":30,"y":230,"width":30,"height":10}}],"profile":2,"packFontWidth":36,"usernameRect":{"x":12,"y":57,"width":196,"height":20},"passwordRect":{"x":12,"y":96,"width":196,"height":20},"submitRect":{"x":12,"y":124,"width":92,"height":20}}
[0710月2026 03:22:52.790] [NekoJS-Log-Flusher/INFO] [NekoJS/]: [client] [ticket48-auto] {"stage":"sample","ticks":1900,"elapsedMs":95828,"statistics":{"initialBuild":1,"layout":13,"reconcile":3,"resize":2,"paint":4934,"diagnostics":3,"cleanup":0},"disposed":false,"username":"","passwordLength":0,"error":"","submitting":false,"lastSubmitted":"","renderFault":true,"recoveryCount":1,"listValues":[{"id":"first","text":"A"},{"id":"second","text":"B"}],"listNodes":[{"id":"list-first","text":"A","rect":{"x":0,"y":230,"width":30,"height":10}},{"id":"list-second","text":"B","rect":{"x":30,"y":230,"width":30,"height":10}}],"profile":2,"packFontWidth":36,"usernameRect":{"x":12,"y":57,"width":196,"height":20},"passwordRect":{"x":12,"y":96,"width":196,"height":20},"submitRect":{"x":12,"y":124,"width":92,"height":20}}
[0710月2026 03:22:57.791] [NekoJS-Log-Flusher/INFO] [NekoJS/]: [client] [ticket48-auto] {"stage":"sample","ticks":2000,"elapsedMs":100821,"statistics":{"initialBuild":1,"layout":13,"reconcile":3,"resize":2,"paint":5232,"diagnostics":3,"cleanup":0},"disposed":false,"username":"","passwordLength":0,"error":"","submitting":false,"lastSubmitted":"","renderFault":true,"recoveryCount":1,"listValues":[{"id":"first","text":"A"},{"id":"second","text":"B"}],"listNodes":[{"id":"list-first","text":"A","rect":{"x":0,"y":230,"width":30,"height":10}},{"id":"list-second","text":"B","rect":{"x":30,"y":230,"width":30,"height":10}}],"profile":2,"packFontWidth":36,"usernameRect":{"x":12,"y":57,"width":196,"height":20},"passwordRect":{"x":12,"y":96,"width":196,"height":20},"submitRect":{"x":12,"y":124,"width":92,"height":20}}
[0710月2026 03:23:02.791] [NekoJS-Log-Flusher/INFO] [NekoJS/]: [client] [ticket48-auto] {"stage":"sample","ticks":2100,"elapsedMs":105836,"statistics":{"initialBuild":1,"layout":13,"reconcile":3,"resize":2,"paint":5384,"diagnostics":3,"cleanup":0},"disposed":false,"username":"","passwordLength":0,"error":"","submitting":false,"lastSubmitted":"","renderFault":true,"recoveryCount":1,"listValues":[{"id":"first","text":"A"},{"id":"second","text":"B"}],"listNodes":[{"id":"list-first","text":"A","rect":{"x":0,"y":230,"width":30,"height":10}},{"id":"list-second","text":"B","rect":{"x":30,"y":230,"width":30,"height":10}}],"profile":2,"packFontWidth":36,"usernameRect":{"x":12,"y":57,"width":196,"height":20},"passwordRect":{"x":12,"y":96,"width":196,"height":20},"submitRect":{"x":12,"y":124,"width":92,"height":20}}
[0710月2026 03:23:07.790] [NekoJS-Log-Flusher/INFO] [NekoJS/]: [client] [ticket48-auto] {"stage":"sample","ticks":2200,"elapsedMs":110817,"statistics":{"initialBuild":1,"layout":13,"reconcile":3,"resize":2,"paint":5533,"diagnostics":3,"cleanup":0},"disposed":false,"username":"","passwordLength":0,"error":"","submitting":false,"lastSubmitted":"","renderFault":true,"recoveryCount":1,"listValues":[{"id":"first","text":"A"},{"id":"second","text":"B"}],"listNodes":[{"id":"list-first","text":"A","rect":{"x":0,"y":230,"width":30,"height":10}},{"id":"list-second","text":"B","rect":{"x":30,"y":230,"width":30,"height":10}}],"profile":2,"packFontWidth":36,"usernameRect":{"x":12,"y":57,"width":196,"height":20},"passwordRect":{"x":12,"y":96,"width":196,"height":20},"submitRect":{"x":12,"y":124,"width":92,"height":20}}
[0710月2026 03:23:12.790] [NekoJS-Log-Flusher/INFO] [NekoJS/]: [client] [ticket48-auto] {"stage":"sample","ticks":2300,"elapsedMs":115831,"statistics":{"initialBuild":1,"layout":13,"reconcile":3,"resize":2,"paint":5683,"diagnostics":3,"cleanup":0},"disposed":false,"username":"","passwordLength":0,"error":"","submitting":false,"lastSubmitted":"","renderFault":true,"recoveryCount":1,"listValues":[{"id":"first","text":"A"},{"id":"second","text":"B"}],"listNodes":[{"id":"list-first","text":"A","rect":{"x":0,"y":230,"width":30,"height":10}},{"id":"list-second","text":"B","rect":{"x":30,"y":230,"width":30,"height":10}}],"profile":2,"packFontWidth":36,"usernameRect":{"x":12,"y":57,"width":196,"height":20},"passwordRect":{"x":12,"y":96,"width":196,"height":20},"submitRect":{"x":12,"y":124,"width":92,"height":20}}
[0710月2026 03:23:17.790] [NekoJS-Log-Flusher/INFO] [NekoJS/]: [client] [ticket48-auto] {"stage":"sample","ticks":2400,"elapsedMs":120815,"statistics":{"initialBuild":1,"layout":13,"reconcile":3,"resize":2,"paint":5832,"diagnostics":3,"cleanup":0},"disposed":false,"username":"","passwordLength":0,"error":"","submitting":false,"lastSubmitted":"","renderFault":true,"recoveryCount":1,"listValues":[{"id":"first","text":"A"},{"id":"second","text":"B"}],"listNodes":[{"id":"list-first","text":"A","rect":{"x":0,"y":230,"width":30,"height":10}},{"id":"list-second","text":"B","rect":{"x":30,"y":230,"width":30,"height":10}}],"profile":2,"packFontWidth":36,"usernameRect":{"x":12,"y":57,"width":196,"height":20},"passwordRect":{"x":12,"y":96,"width":196,"height":20},"submitRect":{"x":12,"y":124,"width":92,"height":20}}
[0710月2026 03:23:22.791] [NekoJS-Log-Flusher/INFO] [NekoJS/]: [client] [ticket48-auto] {"stage":"sample","ticks":2500,"elapsedMs":125827,"statistics":{"initialBuild":1,"layout":13,"reconcile":3,"resize":2,"paint":5982,"diagnostics":3,"cleanup":0},"disposed":false,"username":"","passwordLength":0,"error":"","submitting":false,"lastSubmitted":"","renderFault":true,"recoveryCount":1,"listValues":[{"id":"first","text":"A"},{"id":"second","text":"B"}],"listNodes":[{"id":"list-first","text":"A","rect":{"x":0,"y":230,"width":30,"height":10}},{"id":"list-second","text":"B","rect":{"x":30,"y":230,"width":30,"height":10}}],"profile":2,"packFontWidth":36,"usernameRect":{"x":12,"y":57,"width":196,"height":20},"passwordRect":{"x":12,"y":96,"width":196,"height":20},"submitRect":{"x":12,"y":124,"width":92,"height":20}}
[0710月2026 03:23:27.791] [NekoJS-Log-Flusher/INFO] [NekoJS/]: [client] [ticket48-auto] {"stage":"sample","ticks":2600,"elapsedMs":130840,"statistics":{"initialBuild":1,"layout":13,"reconcile":3,"resize":2,"paint":6132,"diagnostics":3,"cleanup":0},"disposed":false,"username":"","passwordLength":0,"error":"","submitting":false,"lastSubmitted":"","renderFault":true,"recoveryCount":1,"listValues":[{"id":"first","text":"A"},{"id":"second","text":"B"}],"listNodes":[{"id":"list-first","text":"A","rect":{"x":0,"y":230,"width":30,"height":10}},{"id":"list-second","text":"B","rect":{"x":30,"y":230,"width":30,"height":10}}],"profile":2,"packFontWidth":36,"usernameRect":{"x":12,"y":57,"width":196,"height":20},"passwordRect":{"x":12,"y":96,"width":196,"height":20},"submitRect":{"x":12,"y":124,"width":92,"height":20}}
[0710月2026 03:23:32.791] [NekoJS-Log-Flusher/INFO] [NekoJS/]: [client] [ticket48-auto] {"stage":"sample","ticks":2700,"elapsedMs":135822,"statistics":{"initialBuild":1,"layout":13,"reconcile":3,"resize":2,"paint":6281,"diagnostics":3,"cleanup":0},"disposed":false,"username":"","passwordLength":0,"error":"","submitting":false,"lastSubmitted":"","renderFault":true,"recoveryCount":1,"listValues":[{"id":"first","text":"A"},{"id":"second","text":"B"}],"listNodes":[{"id":"list-first","text":"A","rect":{"x":0,"y":230,"width":30,"height":10}},{"id":"list-second","text":"B","rect":{"x":30,"y":230,"width":30,"height":10}}],"profile":2,"packFontWidth":36,"usernameRect":{"x":12,"y":57,"width":196,"height":20},"passwordRect":{"x":12,"y":96,"width":196,"height":20},"submitRect":{"x":12,"y":124,"width":92,"height":20}}
[0710月2026 03:23:37.791] [NekoJS-Log-Flusher/INFO] [NekoJS/]: [client] [ticket48-auto] {"stage":"sample","ticks":2800,"elapsedMs":140834,"statistics":{"initialBuild":1,"layout":13,"reconcile":3,"resize":2,"paint":6431,"diagnostics":3,"cleanup":0},"disposed":false,"username":"","passwordLength":0,"error":"","submitting":false,"lastSubmitted":"","renderFault":true,"recoveryCount":1,"listValues":[{"id":"first","text":"A"},{"id":"second","text":"B"}],"listNodes":[{"id":"list-first","text":"A","rect":{"x":0,"y":230,"width":30,"height":10}},{"id":"list-second","text":"B","rect":{"x":30,"y":230,"width":30,"height":10}}],"profile":2,"packFontWidth":36,"usernameRect":{"x":12,"y":57,"width":196,"height":20},"passwordRect":{"x":12,"y":96,"width":196,"height":20},"submitRect":{"x":12,"y":124,"width":92,"height":20}}
[0710月2026 03:23:42.790] [NekoJS-Log-Flusher/INFO] [NekoJS/]: [client] [ticket48-auto] {"stage":"sample","ticks":2900,"elapsedMs":145813,"statistics":{"initialBuild":1,"layout":13,"reconcile":3,"resize":2,"paint":6580,"diagnostics":3,"cleanup":0},"disposed":false,"username":"","passwordLength":0,"error":"","submitting":false,"lastSubmitted":"","renderFault":true,"recoveryCount":1,"listValues":[{"id":"first","text":"A"},{"id":"second","text":"B"}],"listNodes":[{"id":"list-first","text":"A","rect":{"x":0,"y":230,"width":30,"height":10}},{"id":"list-second","text":"B","rect":{"x":30,"y":230,"width":30,"height":10}}],"profile":2,"packFontWidth":36,"usernameRect":{"x":12,"y":57,"width":196,"height":20},"passwordRect":{"x":12,"y":96,"width":196,"height":20},"submitRect":{"x":12,"y":124,"width":92,"height":20}}
[0710月2026 03:23:47.790] [NekoJS-Log-Flusher/INFO] [NekoJS/]: [client] [ticket48-auto] {"stage":"sample","ticks":3000,"elapsedMs":150819,"statistics":{"initialBuild":1,"layout":13,"reconcile":3,"resize":2,"paint":6873,"diagnostics":3,"cleanup":0},"disposed":false,"username":"","passwordLength":0,"error":"","submitting":false,"lastSubmitted":"","renderFault":true,"recoveryCount":1,"listValues":[{"id":"first","text":"A"},{"id":"second","text":"B"}],"listNodes":[{"id":"list-first","text":"A","rect":{"x":0,"y":230,"width":30,"height":10}},{"id":"list-second","text":"B","rect":{"x":30,"y":230,"width":30,"height":10}}],"profile":2,"packFontWidth":36,"usernameRect":{"x":12,"y":57,"width":196,"height":20},"passwordRect":{"x":12,"y":96,"width":196,"height":20},"submitRect":{"x":12,"y":124,"width":92,"height":20}}
[0710月2026 03:23:52.790] [NekoJS-Log-Flusher/INFO] [NekoJS/]: [client] [ticket48-auto] {"stage":"sample","ticks":3100,"elapsedMs":155828,"statistics":{"initialBuild":1,"layout":13,"reconcile":3,"resize":2,"paint":7172,"diagnostics":3,"cleanup":0},"disposed":false,"username":"","passwordLength":0,"error":"","submitting":false,"lastSubmitted":"","renderFault":true,"recoveryCount":1,"listValues":[{"id":"first","text":"A"},{"id":"second","text":"B"}],"listNodes":[{"id":"list-first","text":"A","rect":{"x":0,"y":230,"width":30,"height":10}},{"id":"list-second","text":"B","rect":{"x":30,"y":230,"width":30,"height":10}}],"profile":2,"packFontWidth":36,"usernameRect":{"x":12,"y":57,"width":196,"height":20},"passwordRect":{"x":12,"y":96,"width":196,"height":20},"submitRect":{"x":12,"y":124,"width":92,"height":20}}
[0710月2026 03:23:57.791] [NekoJS-Log-Flusher/INFO] [NekoJS/]: [client] [ticket48-auto] {"stage":"sample","ticks":3200,"elapsedMs":160824,"statistics":{"initialBuild":1,"layout":13,"reconcile":3,"resize":2,"paint":7470,"diagnostics":3,"cleanup":0},"disposed":false,"username":"","passwordLength":0,"error":"","submitting":false,"lastSubmitted":"","renderFault":true,"recoveryCount":1,"listValues":[{"id":"first","text":"A"},{"id":"second","text":"B"}],"listNodes":[{"id":"list-first","text":"A","rect":{"x":0,"y":230,"width":30,"height":10}},{"id":"list-second","text":"B","rect":{"x":30,"y":230,"width":30,"height":10}}],"profile":2,"packFontWidth":36,"usernameRect":{"x":12,"y":57,"width":196,"height":20},"passwordRect":{"x":12,"y":96,"width":196,"height":20},"submitRect":{"x":12,"y":124,"width":92,"height":20}}
[0710月2026 03:24:02.790] [NekoJS-Log-Flusher/INFO] [NekoJS/]: [client] [ticket48-auto] {"stage":"sample","ticks":3300,"elapsedMs":165829,"statistics":{"initialBuild":1,"layout":13,"reconcile":3,"resize":2,"paint":7769,"diagnostics":3,"cleanup":0},"disposed":false,"username":"","passwordLength":0,"error":"","submitting":false,"lastSubmitted":"","renderFault":true,"recoveryCount":1,"listValues":[{"id":"first","text":"A"},{"id":"second","text":"B"}],"listNodes":[{"id":"list-first","text":"A","rect":{"x":0,"y":230,"width":30,"height":10}},{"id":"list-second","text":"B","rect":{"x":30,"y":230,"width":30,"height":10}}],"profile":2,"packFontWidth":36,"usernameRect":{"x":12,"y":57,"width":196,"height":20},"passwordRect":{"x":12,"y":96,"width":196,"height":20},"submitRect":{"x":12,"y":124,"width":92,"height":20}}
[0710月2026 03:24:07.790] [NekoJS-Log-Flusher/INFO] [NekoJS/]: [client] [ticket48-auto] {"stage":"sample","ticks":3400,"elapsedMs":170822,"statistics":{"initialBuild":1,"layout":13,"reconcile":3,"resize":2,"paint":8067,"diagnostics":3,"cleanup":0},"disposed":false,"username":"","passwordLength":0,"error":"","submitting":false,"lastSubmitted":"","renderFault":true,"recoveryCount":1,"listValues":[{"id":"first","text":"A"},{"id":"second","text":"B"}],"listNodes":[{"id":"list-first","text":"A","rect":{"x":0,"y":230,"width":30,"height":10}},{"id":"list-second","text":"B","rect":{"x":30,"y":230,"width":30,"height":10}}],"profile":2,"packFontWidth":36,"usernameRect":{"x":12,"y":57,"width":196,"height":20},"passwordRect":{"x":12,"y":96,"width":196,"height":20},"submitRect":{"x":12,"y":124,"width":92,"height":20}}
[0710月2026 03:24:12.790] [NekoJS-Log-Flusher/INFO] [NekoJS/]: [client] [ticket48-auto] {"stage":"sample","ticks":3500,"elapsedMs":175818,"statistics":{"initialBuild":1,"layout":13,"reconcile":3,"resize":2,"paint":8365,"diagnostics":3,"cleanup":0},"disposed":false,"username":"","passwordLength":0,"error":"","submitting":false,"lastSubmitted":"","renderFault":true,"recoveryCount":1,"listValues":[{"id":"first","text":"A"},{"id":"second","text":"B"}],"listNodes":[{"id":"list-first","text":"A","rect":{"x":0,"y":230,"width":30,"height":10}},{"id":"list-second","text":"B","rect":{"x":30,"y":230,"width":30,"height":10}}],"profile":2,"packFontWidth":36,"usernameRect":{"x":12,"y":57,"width":196,"height":20},"passwordRect":{"x":12,"y":96,"width":196,"height":20},"submitRect":{"x":12,"y":124,"width":92,"height":20}}
[0710月2026 03:24:17.790] [NekoJS-Log-Flusher/INFO] [NekoJS/]: [client] [ticket48-auto] {"stage":"sample","ticks":3600,"elapsedMs":180826,"statistics":{"initialBuild":1,"layout":13,"reconcile":3,"resize":2,"paint":8664,"diagnostics":3,"cleanup":0},"disposed":false,"username":"","passwordLength":0,"error":"","submitting":false,"lastSubmitted":"","renderFault":true,"recoveryCount":1,"listValues":[{"id":"first","text":"A"},{"id":"second","text":"B"}],"listNodes":[{"id":"list-first","text":"A","rect":{"x":0,"y":230,"width":30,"height":10}},{"id":"list-second","text":"B","rect":{"x":30,"y":230,"width":30,"height":10}}],"profile":2,"packFontWidth":36,"usernameRect":{"x":12,"y":57,"width":196,"height":20},"passwordRect":{"x":12,"y":96,"width":196,"height":20},"submitRect":{"x":12,"y":124,"width":92,"height":20}}
[0710月2026 03:24:22.790] [NekoJS-Log-Flusher/INFO] [NekoJS/]: [client] [ticket48-auto] {"stage":"sample","ticks":3700,"elapsedMs":185823,"statistics":{"initialBuild":1,"layout":13,"reconcile":3,"resize":2,"paint":8962,"diagnostics":3,"cleanup":0},"disposed":false,"username":"","passwordLength":0,"error":"","submitting":false,"lastSubmitted":"","renderFault":true,"recoveryCount":1,"listValues":[{"id":"first","text":"A"},{"id":"second","text":"B"}],"listNodes":[{"id":"list-first","text":"A","rect":{"x":0,"y":230,"width":30,"height":10}},{"id":"list-second","text":"B","rect":{"x":30,"y":230,"width":30,"height":10}}],"profile":2,"packFontWidth":36,"usernameRect":{"x":12,"y":57,"width":196,"height":20},"passwordRect":{"x":12,"y":96,"width":196,"height":20},"submitRect":{"x":12,"y":124,"width":92,"height":20}}
[0710月2026 03:24:27.790] [NekoJS-Log-Flusher/INFO] [NekoJS/]: [client] [ticket48-auto] {"stage":"sample","ticks":3800,"elapsedMs":190816,"statistics":{"initialBuild":1,"layout":13,"reconcile":3,"resize":2,"paint":9260,"diagnostics":3,"cleanup":0},"disposed":false,"username":"","passwordLength":0,"error":"","submitting":false,"lastSubmitted":"","renderFault":true,"recoveryCount":1,"listValues":[{"id":"first","text":"A"},{"id":"second","text":"B"}],"listNodes":[{"id":"list-first","text":"A","rect":{"x":0,"y":230,"width":30,"height":10}},{"id":"list-second","text":"B","rect":{"x":30,"y":230,"width":30,"height":10}}],"profile":2,"packFontWidth":36,"usernameRect":{"x":12,"y":57,"width":196,"height":20},"passwordRect":{"x":12,"y":96,"width":196,"height":20},"submitRect":{"x":12,"y":124,"width":92,"height":20}}
[0710月2026 03:24:32.791] [NekoJS-Log-Flusher/INFO] [NekoJS/]: [client] [ticket48-auto] {"stage":"sample","ticks":3900,"elapsedMs":195828,"statistics":{"initialBuild":1,"layout":13,"reconcile":3,"resize":2,"paint":9559,"diagnostics":3,"cleanup":0},"disposed":false,"username":"","passwordLength":0,"error":"","submitting":false,"lastSubmitted":"","renderFault":true,"recoveryCount":1,"listValues":[{"id":"first","text":"A"},{"id":"second","text":"B"}],"listNodes":[{"id":"list-first","text":"A","rect":{"x":0,"y":230,"width":30,"height":10}},{"id":"list-second","text":"B","rect":{"x":30,"y":230,"width":30,"height":10}}],"profile":2,"packFontWidth":36,"usernameRect":{"x":12,"y":57,"width":196,"height":20},"passwordRect":{"x":12,"y":96,"width":196,"height":20},"submitRect":{"x":12,"y":124,"width":92,"height":20}}
[0710月2026 03:24:37.790] [NekoJS-Log-Flusher/INFO] [NekoJS/]: [client] [ticket48-auto] {"stage":"sample","ticks":4000,"elapsedMs":200821,"statistics":{"initialBuild":1,"layout":13,"reconcile":3,"resize":2,"paint":9857,"diagnostics":3,"cleanup":0},"disposed":false,"username":"","passwordLength":0,"error":"","submitting":false,"lastSubmitted":"","renderFault":true,"recoveryCount":1,"listValues":[{"id":"first","text":"A"},{"id":"second","text":"B"}],"listNodes":[{"id":"list-first","text":"A","rect":{"x":0,"y":230,"width":30,"height":10}},{"id":"list-second","text":"B","rect":{"x":30,"y":230,"width":30,"height":10}}],"profile":2,"packFontWidth":36,"usernameRect":{"x":12,"y":57,"width":196,"height":20},"passwordRect":{"x":12,"y":96,"width":196,"height":20},"submitRect":{"x":12,"y":124,"width":92,"height":20}}
[0710月2026 03:24:42.792] [NekoJS-Log-Flusher/INFO] [NekoJS/]: [client] [ticket48-auto] {"stage":"sample","ticks":4100,"elapsedMs":205828,"statistics":{"initialBuild":1,"layout":13,"reconcile":3,"resize":2,"paint":10156,"diagnostics":3,"cleanup":0},"disposed":false,"username":"","passwordLength":0,"error":"","submitting":false,"lastSubmitted":"","renderFault":true,"recoveryCount":1,"listValues":[{"id":"first","text":"A"},{"id":"second","text":"B"}],"listNodes":[{"id":"list-first","text":"A","rect":{"x":0,"y":230,"width":30,"height":10}},{"id":"list-second","text":"B","rect":{"x":30,"y":230,"width":30,"height":10}}],"profile":2,"packFontWidth":36,"usernameRect":{"x":12,"y":57,"width":196,"height":20},"passwordRect":{"x":12,"y":96,"width":196,"height":20},"submitRect":{"x":12,"y":124,"width":92,"height":20}}
[0710月2026 03:24:47.792] [NekoJS-Log-Flusher/INFO] [NekoJS/]: [client] [ticket48-auto] {"stage":"sample","ticks":4200,"elapsedMs":210831,"statistics":{"initialBuild":1,"layout":13,"reconcile":3,"resize":2,"paint":10321,"diagnostics":3,"cleanup":0},"disposed":false,"username":"","passwordLength":0,"error":"","submitting":false,"lastSubmitted":"","renderFault":true,"recoveryCount":1,"listValues":[{"id":"first","text":"A"},{"id":"second","text":"B"}],"listNodes":[{"id":"list-first","text":"A","rect":{"x":0,"y":230,"width":30,"height":10}},{"id":"list-second","text":"B","rect":{"x":30,"y":230,"width":30,"height":10}}],"profile":2,"packFontWidth":36,"usernameRect":{"x":12,"y":57,"width":196,"height":20},"passwordRect":{"x":12,"y":96,"width":196,"height":20},"submitRect":{"x":12,"y":124,"width":92,"height":20}}
[0710月2026 03:24:52.790] [NekoJS-Log-Flusher/INFO] [NekoJS/]: [client] [ticket48-auto] {"stage":"sample","ticks":4300,"elapsedMs":215841,"statistics":{"initialBuild":1,"layout":13,"reconcile":3,"resize":2,"paint":10471,"diagnostics":3,"cleanup":0},"disposed":false,"username":"","passwordLength":0,"error":"","submitting":false,"lastSubmitted":"","renderFault":true,"recoveryCount":1,"listValues":[{"id":"first","text":"A"},{"id":"second","text":"B"}],"listNodes":[{"id":"list-first","text":"A","rect":{"x":0,"y":230,"width":30,"height":10}},{"id":"list-second","text":"B","rect":{"x":30,"y":230,"width":30,"height":10}}],"profile":2,"packFontWidth":36,"usernameRect":{"x":12,"y":57,"width":196,"height":20},"passwordRect":{"x":12,"y":96,"width":196,"height":20},"submitRect":{"x":12,"y":124,"width":92,"height":20}}
[0710月2026 03:24:57.790] [NekoJS-Log-Flusher/INFO] [NekoJS/]: [client] [ticket48-auto] {"stage":"sample","ticks":4400,"elapsedMs":220820,"statistics":{"initialBuild":1,"layout":13,"reconcile":3,"resize":2,"paint":10620,"diagnostics":3,"cleanup":0},"disposed":false,"username":"","passwordLength":0,"error":"","submitting":false,"lastSubmitted":"","renderFault":true,"recoveryCount":1,"listValues":[{"id":"first","text":"A"},{"id":"second","text":"B"}],"listNodes":[{"id":"list-first","text":"A","rect":{"x":0,"y":230,"width":30,"height":10}},{"id":"list-second","text":"B","rect":{"x":30,"y":230,"width":30,"height":10}}],"profile":2,"packFontWidth":36,"usernameRect":{"x":12,"y":57,"width":196,"height":20},"passwordRect":{"x":12,"y":96,"width":196,"height":20},"submitRect":{"x":12,"y":124,"width":92,"height":20}}
[0710月2026 03:25:02.791] [NekoJS-Log-Flusher/INFO] [NekoJS/]: [client] [ticket48-auto] {"stage":"sample","ticks":4500,"elapsedMs":225832,"statistics":{"initialBuild":1,"layout":13,"reconcile":3,"resize":2,"paint":10770,"diagnostics":3,"cleanup":0},"disposed":false,"username":"","passwordLength":0,"error":"","submitting":false,"lastSubmitted":"","renderFault":true,"recoveryCount":1,"listValues":[{"id":"first","text":"A"},{"id":"second","text":"B"}],"listNodes":[{"id":"list-first","text":"A","rect":{"x":0,"y":230,"width":30,"height":10}},{"id":"list-second","text":"B","rect":{"x":30,"y":230,"width":30,"height":10}}],"profile":2,"packFontWidth":36,"usernameRect":{"x":12,"y":57,"width":196,"height":20},"passwordRect":{"x":12,"y":96,"width":196,"height":20},"submitRect":{"x":12,"y":124,"width":92,"height":20}}
[0710月2026 03:25:07.791] [NekoJS-Log-Flusher/INFO] [NekoJS/]: [client] [ticket48-auto] {"stage":"sample","ticks":4600,"elapsedMs":230845,"statistics":{"initialBuild":1,"layout":13,"reconcile":3,"resize":2,"paint":10920,"diagnostics":3,"cleanup":0},"disposed":false,"username":"","passwordLength":0,"error":"","submitting":false,"lastSubmitted":"","renderFault":true,"recoveryCount":1,"listValues":[{"id":"first","text":"A"},{"id":"second","text":"B"}],"listNodes":[{"id":"list-first","text":"A","rect":{"x":0,"y":230,"width":30,"height":10}},{"id":"list-second","text":"B","rect":{"x":30,"y":230,"width":30,"height":10}}],"profile":2,"packFontWidth":36,"usernameRect":{"x":12,"y":57,"width":196,"height":20},"passwordRect":{"x":12,"y":96,"width":196,"height":20},"submitRect":{"x":12,"y":124,"width":92,"height":20}}
[0710月2026 03:25:12.791] [NekoJS-Log-Flusher/INFO] [NekoJS/]: [client] [ticket48-auto] {"stage":"sample","ticks":4700,"elapsedMs":235827,"statistics":{"initialBuild":1,"layout":13,"reconcile":3,"resize":2,"paint":11069,"diagnostics":3,"cleanup":0},"disposed":false,"username":"","passwordLength":0,"error":"","submitting":false,"lastSubmitted":"","renderFault":true,"recoveryCount":1,"listValues":[{"id":"first","text":"A"},{"id":"second","text":"B"}],"listNodes":[{"id":"list-first","text":"A","rect":{"x":0,"y":230,"width":30,"height":10}},{"id":"list-second","text":"B","rect":{"x":30,"y":230,"width":30,"height":10}}],"profile":2,"packFontWidth":36,"usernameRect":{"x":12,"y":57,"width":196,"height":20},"passwordRect":{"x":12,"y":96,"width":196,"height":20},"submitRect":{"x":12,"y":124,"width":92,"height":20}}
[0710月2026 03:25:17.792] [NekoJS-Log-Flusher/INFO] [NekoJS/]: [client] [ticket48-auto] {"stage":"sample","ticks":4800,"elapsedMs":240844,"statistics":{"initialBuild":1,"layout":13,"reconcile":3,"resize":2,"paint":11219,"diagnostics":3,"cleanup":0},"disposed":false,"username":"","passwordLength":0,"error":"","submitting":false,"lastSubmitted":"","renderFault":true,"recoveryCount":1,"listValues":[{"id":"first","text":"A"},{"id":"second","text":"B"}],"listNodes":[{"id":"list-first","text":"A","rect":{"x":0,"y":230,"width":30,"height":10}},{"id":"list-second","text":"B","rect":{"x":30,"y":230,"width":30,"height":10}}],"profile":2,"packFontWidth":36,"usernameRect":{"x":12,"y":57,"width":196,"height":20},"passwordRect":{"x":12,"y":96,"width":196,"height":20},"submitRect":{"x":12,"y":124,"width":92,"height":20}}
[0710月2026 03:25:22.791] [NekoJS-Log-Flusher/INFO] [NekoJS/]: [client] [ticket48-auto] {"stage":"sample","ticks":4900,"elapsedMs":245823,"statistics":{"initialBuild":1,"layout":13,"reconcile":3,"resize":2,"paint":11368,"diagnostics":3,"cleanup":0},"disposed":false,"username":"","passwordLength":0,"error":"","submitting":false,"lastSubmitted":"","renderFault":true,"recoveryCount":1,"listValues":[{"id":"first","text":"A"},{"id":"second","text":"B"}],"listNodes":[{"id":"list-first","text":"A","rect":{"x":0,"y":230,"width":30,"height":10}},{"id":"list-second","text":"B","rect":{"x":30,"y":230,"width":30,"height":10}}],"profile":2,"packFontWidth":36,"usernameRect":{"x":12,"y":57,"width":196,"height":20},"passwordRect":{"x":12,"y":96,"width":196,"height":20},"submitRect":{"x":12,"y":124,"width":92,"height":20}}
[0710月2026 03:25:27.790] [NekoJS-Log-Flusher/INFO] [NekoJS/]: [client] [ticket48-auto] {"stage":"sample","ticks":5000,"elapsedMs":250835,"statistics":{"initialBuild":1,"layout":13,"reconcile":3,"resize":2,"paint":11518,"diagnostics":3,"cleanup":0},"disposed":false,"username":"","passwordLength":0,"error":"","submitting":false,"lastSubmitted":"","renderFault":true,"recoveryCount":1,"listValues":[{"id":"first","text":"A"},{"id":"second","text":"B"}],"listNodes":[{"id":"list-first","text":"A","rect":{"x":0,"y":230,"width":30,"height":10}},{"id":"list-second","text":"B","rect":{"x":30,"y":230,"width":30,"height":10}}],"profile":2,"packFontWidth":36,"usernameRect":{"x":12,"y":57,"width":196,"height":20},"passwordRect":{"x":12,"y":96,"width":196,"height":20},"submitRect":{"x":12,"y":124,"width":92,"height":20}}
[0710月2026 03:25:32.790] [NekoJS-Log-Flusher/INFO] [NekoJS/]: [client] [ticket48-auto] {"stage":"sample","ticks":5100,"elapsedMs":255815,"statistics":{"initialBuild":1,"layout":13,"reconcile":3,"resize":2,"paint":11667,"diagnostics":3,"cleanup":0},"disposed":false,"username":"","passwordLength":0,"error":"","submitting":false,"lastSubmitted":"","renderFault":true,"recoveryCount":1,"listValues":[{"id":"first","text":"A"},{"id":"second","text":"B"}],"listNodes":[{"id":"list-first","text":"A","rect":{"x":0,"y":230,"width":30,"height":10}},{"id":"list-second","text":"B","rect":{"x":30,"y":230,"width":30,"height":10}}],"profile":2,"packFontWidth":36,"usernameRect":{"x":12,"y":57,"width":196,"height":20},"passwordRect":{"x":12,"y":96,"width":196,"height":20},"submitRect":{"x":12,"y":124,"width":92,"height":20}}
[0710月2026 03:25:37.792] [NekoJS-Log-Flusher/INFO] [NekoJS/]: [client] [ticket48-auto] {"stage":"sample","ticks":5200,"elapsedMs":260831,"statistics":{"initialBuild":1,"layout":13,"reconcile":3,"resize":2,"paint":11817,"diagnostics":3,"cleanup":0},"disposed":false,"username":"","passwordLength":0,"error":"","submitting":false,"lastSubmitted":"","renderFault":true,"recoveryCount":1,"listValues":[{"id":"first","text":"A"},{"id":"second","text":"B"}],"listNodes":[{"id":"list-first","text":"A","rect":{"x":0,"y":230,"width":30,"height":10}},{"id":"list-second","text":"B","rect":{"x":30,"y":230,"width":30,"height":10}}],"profile":2,"packFontWidth":36,"usernameRect":{"x":12,"y":57,"width":196,"height":20},"passwordRect":{"x":12,"y":96,"width":196,"height":20},"submitRect":{"x":12,"y":124,"width":92,"height":20}}
[0710月2026 03:25:42.790] [NekoJS-Log-Flusher/INFO] [NekoJS/]: [client] [ticket48-auto] {"stage":"sample","ticks":5300,"elapsedMs":265845,"statistics":{"initialBuild":1,"layout":13,"reconcile":3,"resize":2,"paint":11967,"diagnostics":3,"cleanup":0},"disposed":false,"username":"","passwordLength":0,"error":"","submitting":false,"lastSubmitted":"","renderFault":true,"recoveryCount":1,"listValues":[{"id":"first","text":"A"},{"id":"second","text":"B"}],"listNodes":[{"id":"list-first","text":"A","rect":{"x":0,"y":230,"width":30,"height":10}},{"id":"list-second","text":"B","rect":{"x":30,"y":230,"width":30,"height":10}}],"profile":2,"packFontWidth":36,"usernameRect":{"x":12,"y":57,"width":196,"height":20},"passwordRect":{"x":12,"y":96,"width":196,"height":20},"submitRect":{"x":12,"y":124,"width":92,"height":20}}
[0710月2026 03:25:47.790] [NekoJS-Log-Flusher/INFO] [NekoJS/]: [client] [ticket48-auto] {"stage":"sample","ticks":5400,"elapsedMs":270827,"statistics":{"initialBuild":1,"layout":13,"reconcile":3,"resize":2,"paint":12116,"diagnostics":3,"cleanup":0},"disposed":false,"username":"","passwordLength":0,"error":"","submitting":false,"lastSubmitted":"","renderFault":true,"recoveryCount":1,"listValues":[{"id":"first","text":"A"},{"id":"second","text":"B"}],"listNodes":[{"id":"list-first","text":"A","rect":{"x":0,"y":230,"width":30,"height":10}},{"id":"list-second","text":"B","rect":{"x":30,"y":230,"width":30,"height":10}}],"profile":2,"packFontWidth":36,"usernameRect":{"x":12,"y":57,"width":196,"height":20},"passwordRect":{"x":12,"y":96,"width":196,"height":20},"submitRect":{"x":12,"y":124,"width":92,"height":20}}
[0710月2026 03:25:52.790] [NekoJS-Log-Flusher/INFO] [NekoJS/]: [client] [ticket48-auto] {"stage":"sample","ticks":5500,"elapsedMs":275842,"statistics":{"initialBuild":1,"layout":13,"reconcile":3,"resize":2,"paint":12266,"diagnostics":3,"cleanup":0},"disposed":false,"username":"","passwordLength":0,"error":"","submitting":false,"lastSubmitted":"","renderFault":true,"recoveryCount":1,"listValues":[{"id":"first","text":"A"},{"id":"second","text":"B"}],"listNodes":[{"id":"list-first","text":"A","rect":{"x":0,"y":230,"width":30,"height":10}},{"id":"list-second","text":"B","rect":{"x":30,"y":230,"width":30,"height":10}}],"profile":2,"packFontWidth":36,"usernameRect":{"x":12,"y":57,"width":196,"height":20},"passwordRect":{"x":12,"y":96,"width":196,"height":20},"submitRect":{"x":12,"y":124,"width":92,"height":20}}
[0710月2026 03:25:57.790] [NekoJS-Log-Flusher/INFO] [NekoJS/]: [client] [ticket48-auto] {"stage":"sample","ticks":5600,"elapsedMs":280824,"statistics":{"initialBuild":1,"layout":13,"reconcile":3,"resize":2,"paint":12415,"diagnostics":3,"cleanup":0},"disposed":false,"username":"","passwordLength":0,"error":"","submitting":false,"lastSubmitted":"","renderFault":true,"recoveryCount":1,"listValues":[{"id":"first","text":"A"},{"id":"second","text":"B"}],"listNodes":[{"id":"list-first","text":"A","rect":{"x":0,"y":230,"width":30,"height":10}},{"id":"list-second","text":"B","rect":{"x":30,"y":230,"width":30,"height":10}}],"profile":2,"packFontWidth":36,"usernameRect":{"x":12,"y":57,"width":196,"height":20},"passwordRect":{"x":12,"y":96,"width":196,"height":20},"submitRect":{"x":12,"y":124,"width":92,"height":20}}
[0710月2026 03:26:02.792] [NekoJS-Log-Flusher/INFO] [NekoJS/]: [client] [ticket48-auto] {"stage":"sample","ticks":5700,"elapsedMs":285837,"statistics":{"initialBuild":1,"layout":13,"reconcile":3,"resize":2,"paint":12565,"diagnostics":3,"cleanup":0},"disposed":false,"username":"","passwordLength":0,"error":"","submitting":false,"lastSubmitted":"","renderFault":true,"recoveryCount":1,"listValues":[{"id":"first","text":"A"},{"id":"second","text":"B"}],"listNodes":[{"id":"list-first","text":"A","rect":{"x":0,"y":230,"width":30,"height":10}},{"id":"list-second","text":"B","rect":{"x":30,"y":230,"width":30,"height":10}}],"profile":2,"packFontWidth":36,"usernameRect":{"x":12,"y":57,"width":196,"height":20},"passwordRect":{"x":12,"y":96,"width":196,"height":20},"submitRect":{"x":12,"y":124,"width":92,"height":20}}
[0710月2026 03:26:07.791] [NekoJS-Log-Flusher/INFO] [NekoJS/]: [client] [ticket48-auto] {"stage":"sample","ticks":5800,"elapsedMs":290820,"statistics":{"initialBuild":1,"layout":13,"reconcile":3,"resize":2,"paint":12714,"diagnostics":3,"cleanup":0},"disposed":false,"username":"","passwordLength":0,"error":"","submitting":false,"lastSubmitted":"","renderFault":true,"recoveryCount":1,"listValues":[{"id":"first","text":"A"},{"id":"second","text":"B"}],"listNodes":[{"id":"list-first","text":"A","rect":{"x":0,"y":230,"width":30,"height":10}},{"id":"list-second","text":"B","rect":{"x":30,"y":230,"width":30,"height":10}}],"profile":2,"packFontWidth":36,"usernameRect":{"x":12,"y":57,"width":196,"height":20},"passwordRect":{"x":12,"y":96,"width":196,"height":20},"submitRect":{"x":12,"y":124,"width":92,"height":20}}
[0710月2026 03:26:12.791] [NekoJS-Log-Flusher/INFO] [NekoJS/]: [client] [ticket48-auto] {"stage":"sample","ticks":5900,"elapsedMs":295831,"statistics":{"initialBuild":1,"layout":13,"reconcile":3,"resize":2,"paint":12864,"diagnostics":3,"cleanup":0},"disposed":false,"username":"","passwordLength":0,"error":"","submitting":false,"lastSubmitted":"","renderFault":true,"recoveryCount":1,"listValues":[{"id":"first","text":"A"},{"id":"second","text":"B"}],"listNodes":[{"id":"list-first","text":"A","rect":{"x":0,"y":230,"width":30,"height":10}},{"id":"list-second","text":"B","rect":{"x":30,"y":230,"width":30,"height":10}}],"profile":2,"packFontWidth":36,"usernameRect":{"x":12,"y":57,"width":196,"height":20},"passwordRect":{"x":12,"y":96,"width":196,"height":20},"submitRect":{"x":12,"y":124,"width":92,"height":20}}
[0710月2026 03:26:17.791] [NekoJS-Log-Flusher/INFO] [NekoJS/]: [client] [ticket48-auto] {"stage":"sample","ticks":6000,"elapsedMs":300814,"statistics":{"initialBuild":1,"layout":13,"reconcile":3,"resize":2,"paint":13013,"diagnostics":3,"cleanup":0},"disposed":false,"username":"","passwordLength":0,"error":"","submitting":false,"lastSubmitted":"","renderFault":true,"recoveryCount":1,"listValues":[{"id":"first","text":"A"},{"id":"second","text":"B"}],"listNodes":[{"id":"list-first","text":"A","rect":{"x":0,"y":230,"width":30,"height":10}},{"id":"list-second","text":"B","rect":{"x":30,"y":230,"width":30,"height":10}}],"profile":2,"packFontWidth":36,"usernameRect":{"x":12,"y":57,"width":196,"height":20},"passwordRect":{"x":12,"y":96,"width":196,"height":20},"submitRect":{"x":12,"y":124,"width":92,"height":20}}
[0710月2026 03:26:22.790] [NekoJS-Log-Flusher/INFO] [NekoJS/]: [client] [ticket48-auto] {"stage":"sample","ticks":6100,"elapsedMs":305831,"statistics":{"initialBuild":1,"layout":13,"reconcile":3,"resize":2,"paint":13163,"diagnostics":3,"cleanup":0},"disposed":false,"username":"","passwordLength":0,"error":"","submitting":false,"lastSubmitted":"","renderFault":true,"recoveryCount":1,"listValues":[{"id":"first","text":"A"},{"id":"second","text":"B"}],"listNodes":[{"id":"list-first","text":"A","rect":{"x":0,"y":230,"width":30,"height":10}},{"id":"list-second","text":"B","rect":{"x":30,"y":230,"width":30,"height":10}}],"profile":2,"packFontWidth":36,"usernameRect":{"x":12,"y":57,"width":196,"height":20},"passwordRect":{"x":12,"y":96,"width":196,"height":20},"submitRect":{"x":12,"y":124,"width":92,"height":20}}
[0710月2026 03:26:27.792] [NekoJS-Log-Flusher/INFO] [NekoJS/]: [client] [ticket48-auto] {"stage":"sample","ticks":6200,"elapsedMs":310846,"statistics":{"initialBuild":1,"layout":13,"reconcile":3,"resize":2,"paint":13313,"diagnostics":3,"cleanup":0},"disposed":false,"username":"","passwordLength":0,"error":"","submitting":false,"lastSubmitted":"","renderFault":true,"recoveryCount":1,"listValues":[{"id":"first","text":"A"},{"id":"second","text":"B"}],"listNodes":[{"id":"list-first","text":"A","rect":{"x":0,"y":230,"width":30,"height":10}},{"id":"list-second","text":"B","rect":{"x":30,"y":230,"width":30,"height":10}}],"profile":2,"packFontWidth":36,"usernameRect":{"x":12,"y":57,"width":196,"height":20},"passwordRect":{"x":12,"y":96,"width":196,"height":20},"submitRect":{"x":12,"y":124,"width":92,"height":20}}
[0710月2026 03:26:32.791] [NekoJS-Log-Flusher/INFO] [NekoJS/]: [client] [ticket48-auto] {"stage":"sample","ticks":6300,"elapsedMs":315827,"statistics":{"initialBuild":1,"layout":13,"reconcile":3,"resize":2,"paint":13462,"diagnostics":3,"cleanup":0},"disposed":false,"username":"","passwordLength":0,"error":"","submitting":false,"lastSubmitted":"","renderFault":true,"recoveryCount":1,"listValues":[{"id":"first","text":"A"},{"id":"second","text":"B"}],"listNodes":[{"id":"list-first","text":"A","rect":{"x":0,"y":230,"width":30,"height":10}},{"id":"list-second","text":"B","rect":{"x":30,"y":230,"width":30,"height":10}}],"profile":2,"packFontWidth":36,"usernameRect":{"x":12,"y":57,"width":196,"height":20},"passwordRect":{"x":12,"y":96,"width":196,"height":20},"submitRect":{"x":12,"y":124,"width":92,"height":20}}
[0710月2026 03:26:37.791] [NekoJS-Log-Flusher/INFO] [NekoJS/]: [client] [ticket48-auto] {"stage":"sample","ticks":6400,"elapsedMs":320839,"statistics":{"initialBuild":1,"layout":13,"reconcile":3,"resize":2,"paint":13612,"diagnostics":3,"cleanup":0},"disposed":false,"username":"","passwordLength":0,"error":"","submitting":false,"lastSubmitted":"","renderFault":true,"recoveryCount":1,"listValues":[{"id":"first","text":"A"},{"id":"second","text":"B"}],"listNodes":[{"id":"list-first","text":"A","rect":{"x":0,"y":230,"width":30,"height":10}},{"id":"list-second","text":"B","rect":{"x":30,"y":230,"width":30,"height":10}}],"profile":2,"packFontWidth":36,"usernameRect":{"x":12,"y":57,"width":196,"height":20},"passwordRect":{"x":12,"y":96,"width":196,"height":20},"submitRect":{"x":12,"y":124,"width":92,"height":20}}
[0710月2026 03:26:42.791] [NekoJS-Log-Flusher/INFO] [NekoJS/]: [client] [ticket48-auto] {"stage":"sample","ticks":6500,"elapsedMs":325817,"statistics":{"initialBuild":1,"layout":13,"reconcile":3,"resize":2,"paint":13761,"diagnostics":3,"cleanup":0},"disposed":false,"username":"","passwordLength":0,"error":"","submitting":false,"lastSubmitted":"","renderFault":true,"recoveryCount":1,"listValues":[{"id":"first","text":"A"},{"id":"second","text":"B"}],"listNodes":[{"id":"list-first","text":"A","rect":{"x":0,"y":230,"width":30,"height":10}},{"id":"list-second","text":"B","rect":{"x":30,"y":230,"width":30,"height":10}}],"profile":2,"packFontWidth":36,"usernameRect":{"x":12,"y":57,"width":196,"height":20},"passwordRect":{"x":12,"y":96,"width":196,"height":20},"submitRect":{"x":12,"y":124,"width":92,"height":20}}
[0710月2026 03:26:47.791] [NekoJS-Log-Flusher/INFO] [NekoJS/]: [client] [ticket48-auto] {"stage":"sample","ticks":6600,"elapsedMs":330829,"statistics":{"initialBuild":1,"layout":13,"reconcile":3,"resize":2,"paint":13911,"diagnostics":3,"cleanup":0},"disposed":false,"username":"","passwordLength":0,"error":"","submitting":false,"lastSubmitted":"","renderFault":true,"recoveryCount":1,"listValues":[{"id":"first","text":"A"},{"id":"second","text":"B"}],"listNodes":[{"id":"list-first","text":"A","rect":{"x":0,"y":230,"width":30,"height":10}},{"id":"list-second","text":"B","rect":{"x":30,"y":230,"width":30,"height":10}}],"profile":2,"packFontWidth":36,"usernameRect":{"x":12,"y":57,"width":196,"height":20},"passwordRect":{"x":12,"y":96,"width":196,"height":20},"submitRect":{"x":12,"y":124,"width":92,"height":20}}
[0710月2026 03:26:52.791] [NekoJS-Log-Flusher/INFO] [NekoJS/]: [client] [ticket48-auto] {"stage":"sample","ticks":6700,"elapsedMs":335819,"statistics":{"initialBuild":1,"layout":13,"reconcile":3,"resize":2,"paint":14060,"diagnostics":3,"cleanup":0},"disposed":false,"username":"","passwordLength":0,"error":"","submitting":false,"lastSubmitted":"","renderFault":true,"recoveryCount":1,"listValues":[{"id":"first","text":"A"},{"id":"second","text":"B"}],"listNodes":[{"id":"list-first","text":"A","rect":{"x":0,"y":230,"width":30,"height":10}},{"id":"list-second","text":"B","rect":{"x":30,"y":230,"width":30,"height":10}}],"profile":2,"packFontWidth":36,"usernameRect":{"x":12,"y":57,"width":196,"height":20},"passwordRect":{"x":12,"y":96,"width":196,"height":20},"submitRect":{"x":12,"y":124,"width":92,"height":20}}
[0710月2026 03:26:57.791] [NekoJS-Log-Flusher/INFO] [NekoJS/]: [client] [ticket48-auto] {"stage":"sample","ticks":6800,"elapsedMs":340835,"statistics":{"initialBuild":1,"layout":13,"reconcile":3,"resize":2,"paint":14210,"diagnostics":3,"cleanup":0},"disposed":false,"username":"","passwordLength":0,"error":"","submitting":false,"lastSubmitted":"","renderFault":true,"recoveryCount":1,"listValues":[{"id":"first","text":"A"},{"id":"second","text":"B"}],"listNodes":[{"id":"list-first","text":"A","rect":{"x":0,"y":230,"width":30,"height":10}},{"id":"list-second","text":"B","rect":{"x":30,"y":230,"width":30,"height":10}}],"profile":2,"packFontWidth":36,"usernameRect":{"x":12,"y":57,"width":196,"height":20},"passwordRect":{"x":12,"y":96,"width":196,"height":20},"submitRect":{"x":12,"y":124,"width":92,"height":20}}
[0710月2026 03:27:02.791] [NekoJS-Log-Flusher/INFO] [NekoJS/]: [client] [ticket48-auto] {"stage":"sample","ticks":6900,"elapsedMs":345814,"statistics":{"initialBuild":1,"layout":13,"reconcile":3,"resize":2,"paint":14359,"diagnostics":3,"cleanup":0},"disposed":false,"username":"","passwordLength":0,"error":"","submitting":false,"lastSubmitted":"","renderFault":true,"recoveryCount":1,"listValues":[{"id":"first","text":"A"},{"id":"second","text":"B"}],"listNodes":[{"id":"list-first","text":"A","rect":{"x":0,"y":230,"width":30,"height":10}},{"id":"list-second","text":"B","rect":{"x":30,"y":230,"width":30,"height":10}}],"profile":2,"packFontWidth":36,"usernameRect":{"x":12,"y":57,"width":196,"height":20},"passwordRect":{"x":12,"y":96,"width":196,"height":20},"submitRect":{"x":12,"y":124,"width":92,"height":20}}
[0710月2026 03:27:07.790] [NekoJS-Log-Flusher/INFO] [NekoJS/]: [client] [ticket48-auto] {"stage":"sample","ticks":7000,"elapsedMs":350830,"statistics":{"initialBuild":1,"layout":13,"reconcile":3,"resize":2,"paint":14509,"diagnostics":3,"cleanup":0},"disposed":false,"username":"","passwordLength":0,"error":"","submitting":false,"lastSubmitted":"","renderFault":true,"recoveryCount":1,"listValues":[{"id":"first","text":"A"},{"id":"second","text":"B"}],"listNodes":[{"id":"list-first","text":"A","rect":{"x":0,"y":230,"width":30,"height":10}},{"id":"list-second","text":"B","rect":{"x":30,"y":230,"width":30,"height":10}}],"profile":2,"packFontWidth":36,"usernameRect":{"x":12,"y":57,"width":196,"height":20},"passwordRect":{"x":12,"y":96,"width":196,"height":20},"submitRect":{"x":12,"y":124,"width":92,"height":20}}
[0710月2026 03:27:12.792] [NekoJS-Log-Flusher/INFO] [NekoJS/]: [client] [ticket48-auto] {"stage":"sample","ticks":7100,"elapsedMs":355838,"statistics":{"initialBuild":1,"layout":13,"reconcile":3,"resize":2,"paint":14659,"diagnostics":3,"cleanup":0},"disposed":false,"username":"","passwordLength":0,"error":"","submitting":false,"lastSubmitted":"","renderFault":true,"recoveryCount":1,"listValues":[{"id":"first","text":"A"},{"id":"second","text":"B"}],"listNodes":[{"id":"list-first","text":"A","rect":{"x":0,"y":230,"width":30,"height":10}},{"id":"list-second","text":"B","rect":{"x":30,"y":230,"width":30,"height":10}}],"profile":2,"packFontWidth":36,"usernameRect":{"x":12,"y":57,"width":196,"height":20},"passwordRect":{"x":12,"y":96,"width":196,"height":20},"submitRect":{"x":12,"y":124,"width":92,"height":20}}
[0710月2026 03:27:17.792] [NekoJS-Log-Flusher/INFO] [NekoJS/]: [client] [ticket48-auto] {"stage":"sample","ticks":7200,"elapsedMs":360817,"statistics":{"initialBuild":1,"layout":13,"reconcile":3,"resize":2,"paint":14808,"diagnostics":3,"cleanup":0},"disposed":false,"username":"","passwordLength":0,"error":"","submitting":false,"lastSubmitted":"","renderFault":true,"recoveryCount":1,"listValues":[{"id":"first","text":"A"},{"id":"second","text":"B"}],"listNodes":[{"id":"list-first","text":"A","rect":{"x":0,"y":230,"width":30,"height":10}},{"id":"list-second","text":"B","rect":{"x":30,"y":230,"width":30,"height":10}}],"profile":2,"packFontWidth":36,"usernameRect":{"x":12,"y":57,"width":196,"height":20},"passwordRect":{"x":12,"y":96,"width":196,"height":20},"submitRect":{"x":12,"y":124,"width":92,"height":20}}
[0710月2026 03:27:22.791] [NekoJS-Log-Flusher/INFO] [NekoJS/]: [client] [ticket48-auto] {"stage":"sample","ticks":7300,"elapsedMs":365830,"statistics":{"initialBuild":1,"layout":13,"reconcile":3,"resize":2,"paint":14958,"diagnostics":3,"cleanup":0},"disposed":false,"username":"","passwordLength":0,"error":"","submitting":false,"lastSubmitted":"","renderFault":true,"recoveryCount":1,"listValues":[{"id":"first","text":"A"},{"id":"second","text":"B"}],"listNodes":[{"id":"list-first","text":"A","rect":{"x":0,"y":230,"width":30,"height":10}},{"id":"list-second","text":"B","rect":{"x":30,"y":230,"width":30,"height":10}}],"profile":2,"packFontWidth":36,"usernameRect":{"x":12,"y":57,"width":196,"height":20},"passwordRect":{"x":12,"y":96,"width":196,"height":20},"submitRect":{"x":12,"y":124,"width":92,"height":20}}
[0710月2026 03:27:27.793] [NekoJS-Log-Flusher/INFO] [NekoJS/]: [client] [ticket48-auto] {"stage":"sample","ticks":7400,"elapsedMs":370840,"statistics":{"initialBuild":1,"layout":13,"reconcile":3,"resize":2,"paint":15108,"diagnostics":3,"cleanup":0},"disposed":false,"username":"","passwordLength":0,"error":"","submitting":false,"lastSubmitted":"","renderFault":true,"recoveryCount":1,"listValues":[{"id":"first","text":"A"},{"id":"second","text":"B"}],"listNodes":[{"id":"list-first","text":"A","rect":{"x":0,"y":230,"width":30,"height":10}},{"id":"list-second","text":"B","rect":{"x":30,"y":230,"width":30,"height":10}}],"profile":2,"packFontWidth":36,"usernameRect":{"x":12,"y":57,"width":196,"height":20},"passwordRect":{"x":12,"y":96,"width":196,"height":20},"submitRect":{"x":12,"y":124,"width":92,"height":20}}
[0710月2026 03:27:32.791] [NekoJS-Log-Flusher/INFO] [NekoJS/]: [client] [ticket48-auto] {"stage":"sample","ticks":7500,"elapsedMs":375819,"statistics":{"initialBuild":1,"layout":13,"reconcile":3,"resize":2,"paint":15257,"diagnostics":3,"cleanup":0},"disposed":false,"username":"","passwordLength":0,"error":"","submitting":false,"lastSubmitted":"","renderFault":true,"recoveryCount":1,"listValues":[{"id":"first","text":"A"},{"id":"second","text":"B"}],"listNodes":[{"id":"list-first","text":"A","rect":{"x":0,"y":230,"width":30,"height":10}},{"id":"list-second","text":"B","rect":{"x":30,"y":230,"width":30,"height":10}}],"profile":2,"packFontWidth":36,"usernameRect":{"x":12,"y":57,"width":196,"height":20},"passwordRect":{"x":12,"y":96,"width":196,"height":20},"submitRect":{"x":12,"y":124,"width":92,"height":20}}
[0710月2026 03:27:37.791] [NekoJS-Log-Flusher/INFO] [NekoJS/]: [client] [ticket48-auto] {"stage":"sample","ticks":7600,"elapsedMs":380832,"statistics":{"initialBuild":1,"layout":13,"reconcile":3,"resize":2,"paint":15407,"diagnostics":3,"cleanup":0},"disposed":false,"username":"","passwordLength":0,"error":"","submitting":false,"lastSubmitted":"","renderFault":true,"recoveryCount":1,"listValues":[{"id":"first","text":"A"},{"id":"second","text":"B"}],"listNodes":[{"id":"list-first","text":"A","rect":{"x":0,"y":230,"width":30,"height":10}},{"id":"list-second","text":"B","rect":{"x":30,"y":230,"width":30,"height":10}}],"profile":2,"packFontWidth":36,"usernameRect":{"x":12,"y":57,"width":196,"height":20},"passwordRect":{"x":12,"y":96,"width":196,"height":20},"submitRect":{"x":12,"y":124,"width":92,"height":20}}
[0710月2026 03:27:42.791] [NekoJS-Log-Flusher/INFO] [NekoJS/]: [client] [ticket48-auto] {"stage":"sample","ticks":7700,"elapsedMs":385842,"statistics":{"initialBuild":1,"layout":13,"reconcile":3,"resize":2,"paint":15557,"diagnostics":3,"cleanup":0},"disposed":false,"username":"","passwordLength":0,"error":"","submitting":false,"lastSubmitted":"","renderFault":true,"recoveryCount":1,"listValues":[{"id":"first","text":"A"},{"id":"second","text":"B"}],"listNodes":[{"id":"list-first","text":"A","rect":{"x":0,"y":230,"width":30,"height":10}},{"id":"list-second","text":"B","rect":{"x":30,"y":230,"width":30,"height":10}}],"profile":2,"packFontWidth":36,"usernameRect":{"x":12,"y":57,"width":196,"height":20},"passwordRect":{"x":12,"y":96,"width":196,"height":20},"submitRect":{"x":12,"y":124,"width":92,"height":20}}
[0710月2026 03:27:47.792] [NekoJS-Log-Flusher/INFO] [NekoJS/]: [client] [ticket48-auto] {"stage":"sample","ticks":7800,"elapsedMs":390824,"statistics":{"initialBuild":1,"layout":13,"reconcile":3,"resize":2,"paint":15706,"diagnostics":3,"cleanup":0},"disposed":false,"username":"","passwordLength":0,"error":"","submitting":false,"lastSubmitted":"","renderFault":true,"recoveryCount":1,"listValues":[{"id":"first","text":"A"},{"id":"second","text":"B"}],"listNodes":[{"id":"list-first","text":"A","rect":{"x":0,"y":230,"width":30,"height":10}},{"id":"list-second","text":"B","rect":{"x":30,"y":230,"width":30,"height":10}}],"profile":2,"packFontWidth":36,"usernameRect":{"x":12,"y":57,"width":196,"height":20},"passwordRect":{"x":12,"y":96,"width":196,"height":20},"submitRect":{"x":12,"y":124,"width":92,"height":20}}
[0710月2026 03:27:52.791] [NekoJS-Log-Flusher/INFO] [NekoJS/]: [client] [ticket48-auto] {"stage":"sample","ticks":7900,"elapsedMs":395837,"statistics":{"initialBuild":1,"layout":13,"reconcile":3,"resize":2,"paint":15856,"diagnostics":3,"cleanup":0},"disposed":false,"username":"","passwordLength":0,"error":"","submitting":false,"lastSubmitted":"","renderFault":true,"recoveryCount":1,"listValues":[{"id":"first","text":"A"},{"id":"second","text":"B"}],"listNodes":[{"id":"list-first","text":"A","rect":{"x":0,"y":230,"width":30,"height":10}},{"id":"list-second","text":"B","rect":{"x":30,"y":230,"width":30,"height":10}}],"profile":2,"packFontWidth":36,"usernameRect":{"x":12,"y":57,"width":196,"height":20},"passwordRect":{"x":12,"y":96,"width":196,"height":20},"submitRect":{"x":12,"y":124,"width":92,"height":20}}
[0710月2026 03:27:57.792] [NekoJS-Log-Flusher/INFO] [NekoJS/]: [client] [ticket48-auto] {"stage":"sample","ticks":8000,"elapsedMs":400817,"statistics":{"initialBuild":1,"layout":13,"reconcile":3,"resize":2,"paint":16005,"diagnostics":3,"cleanup":0},"disposed":false,"username":"","passwordLength":0,"error":"","submitting":false,"lastSubmitted":"","renderFault":true,"recoveryCount":1,"listValues":[{"id":"first","text":"A"},{"id":"second","text":"B"}],"listNodes":[{"id":"list-first","text":"A","rect":{"x":0,"y":230,"width":30,"height":10}},{"id":"list-second","text":"B","rect":{"x":30,"y":230,"width":30,"height":10}}],"profile":2,"packFontWidth":36,"usernameRect":{"x":12,"y":57,"width":196,"height":20},"passwordRect":{"x":12,"y":96,"width":196,"height":20},"submitRect":{"x":12,"y":124,"width":92,"height":20}}
[0710月2026 03:28:02.791] [NekoJS-Log-Flusher/INFO] [NekoJS/]: [client] [ticket48-auto] {"stage":"sample","ticks":8100,"elapsedMs":405826,"statistics":{"initialBuild":1,"layout":13,"reconcile":3,"resize":2,"paint":16155,"diagnostics":3,"cleanup":0},"disposed":false,"username":"","passwordLength":0,"error":"","submitting":false,"lastSubmitted":"","renderFault":true,"recoveryCount":1,"listValues":[{"id":"first","text":"A"},{"id":"second","text":"B"}],"listNodes":[{"id":"list-first","text":"A","rect":{"x":0,"y":230,"width":30,"height":10}},{"id":"list-second","text":"B","rect":{"x":30,"y":230,"width":30,"height":10}}],"profile":2,"packFontWidth":36,"usernameRect":{"x":12,"y":57,"width":196,"height":20},"passwordRect":{"x":12,"y":96,"width":196,"height":20},"submitRect":{"x":12,"y":124,"width":92,"height":20}}
[0710月2026 03:28:07.791] [NekoJS-Log-Flusher/INFO] [NekoJS/]: [client] [ticket48-auto] {"stage":"sample","ticks":8200,"elapsedMs":410830,"statistics":{"initialBuild":1,"layout":13,"reconcile":3,"resize":2,"paint":16305,"diagnostics":3,"cleanup":0},"disposed":false,"username":"","passwordLength":0,"error":"","submitting":false,"lastSubmitted":"","renderFault":true,"recoveryCount":1,"listValues":[{"id":"first","text":"A"},{"id":"second","text":"B"}],"listNodes":[{"id":"list-first","text":"A","rect":{"x":0,"y":230,"width":30,"height":10}},{"id":"list-second","text":"B","rect":{"x":30,"y":230,"width":30,"height":10}}],"profile":2,"packFontWidth":36,"usernameRect":{"x":12,"y":57,"width":196,"height":20},"passwordRect":{"x":12,"y":96,"width":196,"height":20},"submitRect":{"x":12,"y":124,"width":92,"height":20}}
[0710月2026 03:28:12.791] [NekoJS-Log-Flusher/INFO] [NekoJS/]: [client] [ticket48-auto] {"stage":"sample","ticks":8300,"elapsedMs":415837,"statistics":{"initialBuild":1,"layout":13,"reconcile":3,"resize":2,"paint":16455,"diagnostics":3,"cleanup":0},"disposed":false,"username":"","passwordLength":0,"error":"","submitting":false,"lastSubmitted":"","renderFault":true,"recoveryCount":1,"listValues":[{"id":"first","text":"A"},{"id":"second","text":"B"}],"listNodes":[{"id":"list-first","text":"A","rect":{"x":0,"y":230,"width":30,"height":10}},{"id":"list-second","text":"B","rect":{"x":30,"y":230,"width":30,"height":10}}],"profile":2,"packFontWidth":36,"usernameRect":{"x":12,"y":57,"width":196,"height":20},"passwordRect":{"x":12,"y":96,"width":196,"height":20},"submitRect":{"x":12,"y":124,"width":92,"height":20}}
[0710月2026 03:28:17.792] [NekoJS-Log-Flusher/INFO] [NekoJS/]: [client] [ticket48-auto] {"stage":"sample","ticks":8400,"elapsedMs":420847,"statistics":{"initialBuild":1,"layout":13,"reconcile":3,"resize":2,"paint":16605,"diagnostics":3,"cleanup":0},"disposed":false,"username":"","passwordLength":0,"error":"","submitting":false,"lastSubmitted":"","renderFault":true,"recoveryCount":1,"listValues":[{"id":"first","text":"A"},{"id":"second","text":"B"}],"listNodes":[{"id":"list-first","text":"A","rect":{"x":0,"y":230,"width":30,"height":10}},{"id":"list-second","text":"B","rect":{"x":30,"y":230,"width":30,"height":10}}],"profile":2,"packFontWidth":36,"usernameRect":{"x":12,"y":57,"width":196,"height":20},"passwordRect":{"x":12,"y":96,"width":196,"height":20},"submitRect":{"x":12,"y":124,"width":92,"height":20}}
[0710月2026 03:28:22.792] [NekoJS-Log-Flusher/INFO] [NekoJS/]: [client] [ticket48-auto] {"stage":"sample","ticks":8500,"elapsedMs":425843,"statistics":{"initialBuild":1,"layout":13,"reconcile":3,"resize":2,"paint":16754,"diagnostics":3,"cleanup":0},"disposed":false,"username":"","passwordLength":0,"error":"","submitting":false,"lastSubmitted":"","renderFault":true,"recoveryCount":1,"listValues":[{"id":"first","text":"A"},{"id":"second","text":"B"}],"listNodes":[{"id":"list-first","text":"A","rect":{"x":0,"y":230,"width":30,"height":10}},{"id":"list-second","text":"B","rect":{"x":30,"y":230,"width":30,"height":10}}],"profile":2,"packFontWidth":36,"usernameRect":{"x":12,"y":57,"width":196,"height":20},"passwordRect":{"x":12,"y":96,"width":196,"height":20},"submitRect":{"x":12,"y":124,"width":92,"height":20}}
[0710月2026 03:28:27.792] [NekoJS-Log-Flusher/INFO] [NekoJS/]: [client] [ticket48-auto] {"stage":"sample","ticks":8600,"elapsedMs":430823,"statistics":{"initialBuild":1,"layout":13,"reconcile":3,"resize":2,"paint":16903,"diagnostics":3,"cleanup":0},"disposed":false,"username":"","passwordLength":0,"error":"","submitting":false,"lastSubmitted":"","renderFault":true,"recoveryCount":1,"listValues":[{"id":"first","text":"A"},{"id":"second","text":"B"}],"listNodes":[{"id":"list-first","text":"A","rect":{"x":0,"y":230,"width":30,"height":10}},{"id":"list-second","text":"B","rect":{"x":30,"y":230,"width":30,"height":10}}],"profile":2,"packFontWidth":36,"usernameRect":{"x":12,"y":57,"width":196,"height":20},"passwordRect":{"x":12,"y":96,"width":196,"height":20},"submitRect":{"x":12,"y":124,"width":92,"height":20}}
[0710月2026 03:28:32.791] [NekoJS-Log-Flusher/INFO] [NekoJS/]: [client] [ticket48-auto] {"stage":"sample","ticks":8700,"elapsedMs":435844,"statistics":{"initialBuild":1,"layout":13,"reconcile":3,"resize":2,"paint":17053,"diagnostics":3,"cleanup":0},"disposed":false,"username":"","passwordLength":0,"error":"","submitting":false,"lastSubmitted":"","renderFault":true,"recoveryCount":1,"listValues":[{"id":"first","text":"A"},{"id":"second","text":"B"}],"listNodes":[{"id":"list-first","text":"A","rect":{"x":0,"y":230,"width":30,"height":10}},{"id":"list-second","text":"B","rect":{"x":30,"y":230,"width":30,"height":10}}],"profile":2,"packFontWidth":36,"usernameRect":{"x":12,"y":57,"width":196,"height":20},"passwordRect":{"x":12,"y":96,"width":196,"height":20},"submitRect":{"x":12,"y":124,"width":92,"height":20}}
[0710月2026 03:28:37.791] [NekoJS-Log-Flusher/INFO] [NekoJS/]: [client] [ticket48-auto] {"stage":"sample","ticks":8800,"elapsedMs":440823,"statistics":{"initialBuild":1,"layout":13,"reconcile":3,"resize":2,"paint":17202,"diagnostics":3,"cleanup":0},"disposed":false,"username":"","passwordLength":0,"error":"","submitting":false,"lastSubmitted":"","renderFault":true,"recoveryCount":1,"listValues":[{"id":"first","text":"A"},{"id":"second","text":"B"}],"listNodes":[{"id":"list-first","text":"A","rect":{"x":0,"y":230,"width":30,"height":10}},{"id":"list-second","text":"B","rect":{"x":30,"y":230,"width":30,"height":10}}],"profile":2,"packFontWidth":36,"usernameRect":{"x":12,"y":57,"width":196,"height":20},"passwordRect":{"x":12,"y":96,"width":196,"height":20},"submitRect":{"x":12,"y":124,"width":92,"height":20}}
[0710月2026 03:28:42.791] [NekoJS-Log-Flusher/INFO] [NekoJS/]: [client] [ticket48-auto] {"stage":"sample","ticks":8900,"elapsedMs":445841,"statistics":{"initialBuild":1,"layout":13,"reconcile":3,"resize":2,"paint":17352,"diagnostics":3,"cleanup":0},"disposed":false,"username":"","passwordLength":0,"error":"","submitting":false,"lastSubmitted":"","renderFault":true,"recoveryCount":1,"listValues":[{"id":"first","text":"A"},{"id":"second","text":"B"}],"listNodes":[{"id":"list-first","text":"A","rect":{"x":0,"y":230,"width":30,"height":10}},{"id":"list-second","text":"B","rect":{"x":30,"y":230,"width":30,"height":10}}],"profile":2,"packFontWidth":36,"usernameRect":{"x":12,"y":57,"width":196,"height":20},"passwordRect":{"x":12,"y":96,"width":196,"height":20},"submitRect":{"x":12,"y":124,"width":92,"height":20}}
[0710月2026 03:28:47.791] [NekoJS-Log-Flusher/INFO] [NekoJS/]: [client] [ticket48-auto] {"stage":"sample","ticks":9000,"elapsedMs":450822,"statistics":{"initialBuild":1,"layout":13,"reconcile":3,"resize":2,"paint":17501,"diagnostics":3,"cleanup":0},"disposed":false,"username":"","passwordLength":0,"error":"","submitting":false,"lastSubmitted":"","renderFault":true,"recoveryCount":1,"listValues":[{"id":"first","text":"A"},{"id":"second","text":"B"}],"listNodes":[{"id":"list-first","text":"A","rect":{"x":0,"y":230,"width":30,"height":10}},{"id":"list-second","text":"B","rect":{"x":30,"y":230,"width":30,"height":10}}],"profile":2,"packFontWidth":36,"usernameRect":{"x":12,"y":57,"width":196,"height":20},"passwordRect":{"x":12,"y":96,"width":196,"height":20},"submitRect":{"x":12,"y":124,"width":92,"height":20}}
[0710月2026 03:28:52.791] [NekoJS-Log-Flusher/INFO] [NekoJS/]: [client] [ticket48-auto] {"stage":"sample","ticks":9100,"elapsedMs":455836,"statistics":{"initialBuild":1,"layout":13,"reconcile":3,"resize":2,"paint":17651,"diagnostics":3,"cleanup":0},"disposed":false,"username":"","passwordLength":0,"error":"","submitting":false,"lastSubmitted":"","renderFault":true,"recoveryCount":1,"listValues":[{"id":"first","text":"A"},{"id":"second","text":"B"}],"listNodes":[{"id":"list-first","text":"A","rect":{"x":0,"y":230,"width":30,"height":10}},{"id":"list-second","text":"B","rect":{"x":30,"y":230,"width":30,"height":10}}],"profile":2,"packFontWidth":36,"usernameRect":{"x":12,"y":57,"width":196,"height":20},"passwordRect":{"x":12,"y":96,"width":196,"height":20},"submitRect":{"x":12,"y":124,"width":92,"height":20}}
[0710月2026 03:28:57.791] [NekoJS-Log-Flusher/INFO] [NekoJS/]: [client] [ticket48-auto] {"stage":"sample","ticks":9200,"elapsedMs":460820,"statistics":{"initialBuild":1,"layout":13,"reconcile":3,"resize":2,"paint":17800,"diagnostics":3,"cleanup":0},"disposed":false,"username":"","passwordLength":0,"error":"","submitting":false,"lastSubmitted":"","renderFault":true,"recoveryCount":1,"listValues":[{"id":"first","text":"A"},{"id":"second","text":"B"}],"listNodes":[{"id":"list-first","text":"A","rect":{"x":0,"y":230,"width":30,"height":10}},{"id":"list-second","text":"B","rect":{"x":30,"y":230,"width":30,"height":10}}],"profile":2,"packFontWidth":36,"usernameRect":{"x":12,"y":57,"width":196,"height":20},"passwordRect":{"x":12,"y":96,"width":196,"height":20},"submitRect":{"x":12,"y":124,"width":92,"height":20}}
[0710月2026 03:29:02.791] [NekoJS-Log-Flusher/INFO] [NekoJS/]: [client] [ticket48-auto] {"stage":"sample","ticks":9300,"elapsedMs":465830,"statistics":{"initialBuild":1,"layout":13,"reconcile":3,"resize":2,"paint":17950,"diagnostics":3,"cleanup":0},"disposed":false,"username":"","passwordLength":0,"error":"","submitting":false,"lastSubmitted":"","renderFault":true,"recoveryCount":1,"listValues":[{"id":"first","text":"A"},{"id":"second","text":"B"}],"listNodes":[{"id":"list-first","text":"A","rect":{"x":0,"y":230,"width":30,"height":10}},{"id":"list-second","text":"B","rect":{"x":30,"y":230,"width":30,"height":10}}],"profile":2,"packFontWidth":36,"usernameRect":{"x":12,"y":57,"width":196,"height":20},"passwordRect":{"x":12,"y":96,"width":196,"height":20},"submitRect":{"x":12,"y":124,"width":92,"height":20}}
[0710月2026 03:29:07.792] [NekoJS-Log-Flusher/INFO] [NekoJS/]: [client] [ticket48-auto] {"stage":"sample","ticks":9400,"elapsedMs":470846,"statistics":{"initialBuild":1,"layout":13,"reconcile":3,"resize":2,"paint":18100,"diagnostics":3,"cleanup":0},"disposed":false,"username":"","passwordLength":0,"error":"","submitting":false,"lastSubmitted":"","renderFault":true,"recoveryCount":1,"listValues":[{"id":"first","text":"A"},{"id":"second","text":"B"}],"listNodes":[{"id":"list-first","text":"A","rect":{"x":0,"y":230,"width":30,"height":10}},{"id":"list-second","text":"B","rect":{"x":30,"y":230,"width":30,"height":10}}],"profile":2,"packFontWidth":36,"usernameRect":{"x":12,"y":57,"width":196,"height":20},"passwordRect":{"x":12,"y":96,"width":196,"height":20},"submitRect":{"x":12,"y":124,"width":92,"height":20}}
[0710月2026 03:29:12.792] [NekoJS-Log-Flusher/INFO] [NekoJS/]: [client] [ticket48-auto] {"stage":"sample","ticks":9500,"elapsedMs":475826,"statistics":{"initialBuild":1,"layout":13,"reconcile":3,"resize":2,"paint":18249,"diagnostics":3,"cleanup":0},"disposed":false,"username":"","passwordLength":0,"error":"","submitting":false,"lastSubmitted":"","renderFault":true,"recoveryCount":1,"listValues":[{"id":"first","text":"A"},{"id":"second","text":"B"}],"listNodes":[{"id":"list-first","text":"A","rect":{"x":0,"y":230,"width":30,"height":10}},{"id":"list-second","text":"B","rect":{"x":30,"y":230,"width":30,"height":10}}],"profile":2,"packFontWidth":36,"usernameRect":{"x":12,"y":57,"width":196,"height":20},"passwordRect":{"x":12,"y":96,"width":196,"height":20},"submitRect":{"x":12,"y":124,"width":92,"height":20}}
[0710月2026 03:29:17.791] [NekoJS-Log-Flusher/INFO] [NekoJS/]: [client] [ticket48-auto] {"stage":"sample","ticks":9600,"elapsedMs":480836,"statistics":{"initialBuild":1,"layout":13,"reconcile":3,"resize":2,"paint":18399,"diagnostics":3,"cleanup":0},"disposed":false,"username":"","passwordLength":0,"error":"","submitting":false,"lastSubmitted":"","renderFault":true,"recoveryCount":1,"listValues":[{"id":"first","text":"A"},{"id":"second","text":"B"}],"listNodes":[{"id":"list-first","text":"A","rect":{"x":0,"y":230,"width":30,"height":10}},{"id":"list-second","text":"B","rect":{"x":30,"y":230,"width":30,"height":10}}],"profile":2,"packFontWidth":36,"usernameRect":{"x":12,"y":57,"width":196,"height":20},"passwordRect":{"x":12,"y":96,"width":196,"height":20},"submitRect":{"x":12,"y":124,"width":92,"height":20}}
[0710月2026 03:29:22.791] [NekoJS-Log-Flusher/INFO] [NekoJS/]: [client] [ticket48-auto] {"stage":"sample","ticks":9700,"elapsedMs":485816,"statistics":{"initialBuild":1,"layout":13,"reconcile":3,"resize":2,"paint":18548,"diagnostics":3,"cleanup":0},"disposed":false,"username":"","passwordLength":0,"error":"","submitting":false,"lastSubmitted":"","renderFault":true,"recoveryCount":1,"listValues":[{"id":"first","text":"A"},{"id":"second","text":"B"}],"listNodes":[{"id":"list-first","text":"A","rect":{"x":0,"y":230,"width":30,"height":10}},{"id":"list-second","text":"B","rect":{"x":30,"y":230,"width":30,"height":10}}],"profile":2,"packFontWidth":36,"usernameRect":{"x":12,"y":57,"width":196,"height":20},"passwordRect":{"x":12,"y":96,"width":196,"height":20},"submitRect":{"x":12,"y":124,"width":92,"height":20}}
[0710月2026 03:29:27.792] [NekoJS-Log-Flusher/INFO] [NekoJS/]: [client] [ticket48-auto] {"stage":"sample","ticks":9800,"elapsedMs":490834,"statistics":{"initialBuild":1,"layout":13,"reconcile":3,"resize":2,"paint":18698,"diagnostics":3,"cleanup":0},"disposed":false,"username":"","passwordLength":0,"error":"","submitting":false,"lastSubmitted":"","renderFault":true,"recoveryCount":1,"listValues":[{"id":"first","text":"A"},{"id":"second","text":"B"}],"listNodes":[{"id":"list-first","text":"A","rect":{"x":0,"y":230,"width":30,"height":10}},{"id":"list-second","text":"B","rect":{"x":30,"y":230,"width":30,"height":10}}],"profile":2,"packFontWidth":36,"usernameRect":{"x":12,"y":57,"width":196,"height":20},"passwordRect":{"x":12,"y":96,"width":196,"height":20},"submitRect":{"x":12,"y":124,"width":92,"height":20}}
[0710月2026 03:29:32.792] [NekoJS-Log-Flusher/INFO] [NekoJS/]: [client] [ticket48-auto] {"stage":"sample","ticks":9900,"elapsedMs":495846,"statistics":{"initialBuild":1,"layout":13,"reconcile":3,"resize":2,"paint":18848,"diagnostics":3,"cleanup":0},"disposed":false,"username":"","passwordLength":0,"error":"","submitting":false,"lastSubmitted":"","renderFault":true,"recoveryCount":1,"listValues":[{"id":"first","text":"A"},{"id":"second","text":"B"}],"listNodes":[{"id":"list-first","text":"A","rect":{"x":0,"y":230,"width":30,"height":10}},{"id":"list-second","text":"B","rect":{"x":30,"y":230,"width":30,"height":10}}],"profile":2,"packFontWidth":36,"usernameRect":{"x":12,"y":57,"width":196,"height":20},"passwordRect":{"x":12,"y":96,"width":196,"height":20},"submitRect":{"x":12,"y":124,"width":92,"height":20}}
[0710月2026 03:29:37.791] [NekoJS-Log-Flusher/INFO] [NekoJS/]: [client] [ticket48-auto] {"stage":"sample","ticks":10000,"elapsedMs":500827,"statistics":{"initialBuild":1,"layout":13,"reconcile":3,"resize":2,"paint":18997,"diagnostics":3,"cleanup":0},"disposed":false,"username":"","passwordLength":0,"error":"","submitting":false,"lastSubmitted":"","renderFault":true,"recoveryCount":1,"listValues":[{"id":"first","text":"A"},{"id":"second","text":"B"}],"listNodes":[{"id":"list-first","text":"A","rect":{"x":0,"y":230,"width":30,"height":10}},{"id":"list-second","text":"B","rect":{"x":30,"y":230,"width":30,"height":10}}],"profile":2,"packFontWidth":36,"usernameRect":{"x":12,"y":57,"width":196,"height":20},"passwordRect":{"x":12,"y":96,"width":196,"height":20},"submitRect":{"x":12,"y":124,"width":92,"height":20}}
[0710月2026 03:29:42.797] [NekoJS-Log-Flusher/INFO] [NekoJS/]: [client] [ticket48-auto] {"stage":"sample","ticks":10100,"elapsedMs":505851,"statistics":{"initialBuild":1,"layout":13,"reconcile":3,"resize":2,"paint":19147,"diagnostics":3,"cleanup":0},"disposed":false,"username":"","passwordLength":0,"error":"","submitting":false,"lastSubmitted":"","renderFault":true,"recoveryCount":1,"listValues":[{"id":"first","text":"A"},{"id":"second","text":"B"}],"listNodes":[{"id":"list-first","text":"A","rect":{"x":0,"y":230,"width":30,"height":10}},{"id":"list-second","text":"B","rect":{"x":30,"y":230,"width":30,"height":10}}],"profile":2,"packFontWidth":36,"usernameRect":{"x":12,"y":57,"width":196,"height":20},"passwordRect":{"x":12,"y":96,"width":196,"height":20},"submitRect":{"x":12,"y":124,"width":92,"height":20}}
[0710月2026 03:29:47.798] [NekoJS-Log-Flusher/INFO] [NekoJS/]: [client] [ticket48-auto] {"stage":"sample","ticks":10200,"elapsedMs":510828,"statistics":{"initialBuild":1,"layout":13,"reconcile":3,"resize":2,"paint":19296,"diagnostics":3,"cleanup":0},"disposed":false,"username":"","passwordLength":0,"error":"","submitting":false,"lastSubmitted":"","renderFault":true,"recoveryCount":1,"listValues":[{"id":"first","text":"A"},{"id":"second","text":"B"}],"listNodes":[{"id":"list-first","text":"A","rect":{"x":0,"y":230,"width":30,"height":10}},{"id":"list-second","text":"B","rect":{"x":30,"y":230,"width":30,"height":10}}],"profile":2,"packFontWidth":36,"usernameRect":{"x":12,"y":57,"width":196,"height":20},"passwordRect":{"x":12,"y":96,"width":196,"height":20},"submitRect":{"x":12,"y":124,"width":92,"height":20}}
[0710月2026 03:29:52.846] [NekoJS-Log-Flusher/INFO] [NekoJS/]: [client] [ticket48-auto] {"stage":"sample","ticks":10300,"elapsedMs":515820,"statistics":{"initialBuild":1,"layout":13,"reconcile":3,"resize":2,"paint":19433,"diagnostics":3,"cleanup":0},"disposed":false,"username":"","passwordLength":0,"error":"","submitting":false,"lastSubmitted":"","renderFault":true,"recoveryCount":1,"listValues":[{"id":"first","text":"A"},{"id":"second","text":"B"}],"listNodes":[{"id":"list-first","text":"A","rect":{"x":0,"y":230,"width":30,"height":10}},{"id":"list-second","text":"B","rect":{"x":30,"y":230,"width":30,"height":10}}],"profile":2,"packFontWidth":36,"usernameRect":{"x":12,"y":57,"width":196,"height":20},"passwordRect":{"x":12,"y":96,"width":196,"height":20},"submitRect":{"x":12,"y":124,"width":92,"height":20}}
[0710月2026 03:29:57.793] [NekoJS-Log-Flusher/INFO] [NekoJS/]: [client] [ticket48-auto] {"stage":"sample","ticks":10400,"elapsedMs":520830,"statistics":{"initialBuild":1,"layout":13,"reconcile":3,"resize":2,"paint":19563,"diagnostics":3,"cleanup":0},"disposed":false,"username":"","passwordLength":0,"error":"","submitting":false,"lastSubmitted":"","renderFault":true,"recoveryCount":1,"listValues":[{"id":"first","text":"A"},{"id":"second","text":"B"}],"listNodes":[{"id":"list-first","text":"A","rect":{"x":0,"y":230,"width":30,"height":10}},{"id":"list-second","text":"B","rect":{"x":30,"y":230,"width":30,"height":10}}],"profile":2,"packFontWidth":36,"usernameRect":{"x":12,"y":57,"width":196,"height":20},"passwordRect":{"x":12,"y":96,"width":196,"height":20},"submitRect":{"x":12,"y":124,"width":92,"height":20}}
[0710月2026 03:30:02.791] [NekoJS-Log-Flusher/INFO] [NekoJS/]: [client] [ticket48-auto] {"stage":"sample","ticks":10500,"elapsedMs":525846,"statistics":{"initialBuild":1,"layout":13,"reconcile":3,"resize":2,"paint":19713,"diagnostics":3,"cleanup":0},"disposed":false,"username":"","passwordLength":0,"error":"","submitting":false,"lastSubmitted":"","renderFault":true,"recoveryCount":1,"listValues":[{"id":"first","text":"A"},{"id":"second","text":"B"}],"listNodes":[{"id":"list-first","text":"A","rect":{"x":0,"y":230,"width":30,"height":10}},{"id":"list-second","text":"B","rect":{"x":30,"y":230,"width":30,"height":10}}],"profile":2,"packFontWidth":36,"usernameRect":{"x":12,"y":57,"width":196,"height":20},"passwordRect":{"x":12,"y":96,"width":196,"height":20},"submitRect":{"x":12,"y":124,"width":92,"height":20}}
[0710月2026 03:30:07.793] [NekoJS-Log-Flusher/INFO] [NekoJS/]: [client] [ticket48-auto] {"stage":"sample","ticks":10600,"elapsedMs":530828,"statistics":{"initialBuild":1,"layout":13,"reconcile":3,"resize":2,"paint":19862,"diagnostics":3,"cleanup":0},"disposed":false,"username":"","passwordLength":0,"error":"","submitting":false,"lastSubmitted":"","renderFault":true,"recoveryCount":1,"listValues":[{"id":"first","text":"A"},{"id":"second","text":"B"}],"listNodes":[{"id":"list-first","text":"A","rect":{"x":0,"y":230,"width":30,"height":10}},{"id":"list-second","text":"B","rect":{"x":30,"y":230,"width":30,"height":10}}],"profile":2,"packFontWidth":36,"usernameRect":{"x":12,"y":57,"width":196,"height":20},"passwordRect":{"x":12,"y":96,"width":196,"height":20},"submitRect":{"x":12,"y":124,"width":92,"height":20}}
[0710月2026 03:30:12.792] [NekoJS-Log-Flusher/INFO] [NekoJS/]: [client] [ticket48-auto] {"stage":"sample","ticks":10700,"elapsedMs":535839,"statistics":{"initialBuild":1,"layout":13,"reconcile":3,"resize":2,"paint":20012,"diagnostics":3,"cleanup":0},"disposed":false,"username":"","passwordLength":0,"error":"","submitting":false,"lastSubmitted":"","renderFault":true,"recoveryCount":1,"listValues":[{"id":"first","text":"A"},{"id":"second","text":"B"}],"listNodes":[{"id":"list-first","text":"A","rect":{"x":0,"y":230,"width":30,"height":10}},{"id":"list-second","text":"B","rect":{"x":30,"y":230,"width":30,"height":10}}],"profile":2,"packFontWidth":36,"usernameRect":{"x":12,"y":57,"width":196,"height":20},"passwordRect":{"x":12,"y":96,"width":196,"height":20},"submitRect":{"x":12,"y":124,"width":92,"height":20}}
[0710月2026 03:30:17.793] [NekoJS-Log-Flusher/INFO] [NekoJS/]: [client] [ticket48-auto] {"stage":"sample","ticks":10800,"elapsedMs":540818,"statistics":{"initialBuild":1,"layout":13,"reconcile":3,"resize":2,"paint":20161,"diagnostics":3,"cleanup":0},"disposed":false,"username":"","passwordLength":0,"error":"","submitting":false,"lastSubmitted":"","renderFault":true,"recoveryCount":1,"listValues":[{"id":"first","text":"A"},{"id":"second","text":"B"}],"listNodes":[{"id":"list-first","text":"A","rect":{"x":0,"y":230,"width":30,"height":10}},{"id":"list-second","text":"B","rect":{"x":30,"y":230,"width":30,"height":10}}],"profile":2,"packFontWidth":36,"usernameRect":{"x":12,"y":57,"width":196,"height":20},"passwordRect":{"x":12,"y":96,"width":196,"height":20},"submitRect":{"x":12,"y":124,"width":92,"height":20}}
[0710月2026 03:30:22.791] [NekoJS-Log-Flusher/INFO] [NekoJS/]: [client] [ticket48-auto] {"stage":"sample","ticks":10900,"elapsedMs":545832,"statistics":{"initialBuild":1,"layout":13,"reconcile":3,"resize":2,"paint":20311,"diagnostics":3,"cleanup":0},"disposed":false,"username":"","passwordLength":0,"error":"","submitting":false,"lastSubmitted":"","renderFault":true,"recoveryCount":1,"listValues":[{"id":"first","text":"A"},{"id":"second","text":"B"}],"listNodes":[{"id":"list-first","text":"A","rect":{"x":0,"y":230,"width":30,"height":10}},{"id":"list-second","text":"B","rect":{"x":30,"y":230,"width":30,"height":10}}],"profile":2,"packFontWidth":36,"usernameRect":{"x":12,"y":57,"width":196,"height":20},"passwordRect":{"x":12,"y":96,"width":196,"height":20},"submitRect":{"x":12,"y":124,"width":92,"height":20}}
[0710月2026 03:30:27.798] [NekoJS-Log-Flusher/INFO] [NekoJS/]: [client] [ticket48-auto] {"stage":"sample","ticks":11000,"elapsedMs":550844,"statistics":{"initialBuild":1,"layout":13,"reconcile":3,"resize":2,"paint":20461,"diagnostics":3,"cleanup":0},"disposed":false,"username":"","passwordLength":0,"error":"","submitting":false,"lastSubmitted":"","renderFault":true,"recoveryCount":1,"listValues":[{"id":"first","text":"A"},{"id":"second","text":"B"}],"listNodes":[{"id":"list-first","text":"A","rect":{"x":0,"y":230,"width":30,"height":10}},{"id":"list-second","text":"B","rect":{"x":30,"y":230,"width":30,"height":10}}],"profile":2,"packFontWidth":36,"usernameRect":{"x":12,"y":57,"width":196,"height":20},"passwordRect":{"x":12,"y":96,"width":196,"height":20},"submitRect":{"x":12,"y":124,"width":92,"height":20}}
[0710月2026 03:30:32.805] [NekoJS-Log-Flusher/INFO] [NekoJS/]: [client] [ticket48-auto] {"stage":"sample","ticks":11100,"elapsedMs":555835,"statistics":{"initialBuild":1,"layout":13,"reconcile":3,"resize":2,"paint":20610,"diagnostics":3,"cleanup":0},"disposed":false,"username":"","passwordLength":0,"error":"","submitting":false,"lastSubmitted":"","renderFault":true,"recoveryCount":1,"listValues":[{"id":"first","text":"A"},{"id":"second","text":"B"}],"listNodes":[{"id":"list-first","text":"A","rect":{"x":0,"y":230,"width":30,"height":10}},{"id":"list-second","text":"B","rect":{"x":30,"y":230,"width":30,"height":10}}],"profile":2,"packFontWidth":36,"usernameRect":{"x":12,"y":57,"width":196,"height":20},"passwordRect":{"x":12,"y":96,"width":196,"height":20},"submitRect":{"x":12,"y":124,"width":92,"height":20}}
[0710月2026 03:30:37.792] [NekoJS-Log-Flusher/INFO] [NekoJS/]: [client] [ticket48-auto] {"stage":"sample","ticks":11200,"elapsedMs":560846,"statistics":{"initialBuild":1,"layout":13,"reconcile":3,"resize":2,"paint":20760,"diagnostics":3,"cleanup":0},"disposed":false,"username":"","passwordLength":0,"error":"","submitting":false,"lastSubmitted":"","renderFault":true,"recoveryCount":1,"listValues":[{"id":"first","text":"A"},{"id":"second","text":"B"}],"listNodes":[{"id":"list-first","text":"A","rect":{"x":0,"y":230,"width":30,"height":10}},{"id":"list-second","text":"B","rect":{"x":30,"y":230,"width":30,"height":10}}],"profile":2,"packFontWidth":36,"usernameRect":{"x":12,"y":57,"width":196,"height":20},"passwordRect":{"x":12,"y":96,"width":196,"height":20},"submitRect":{"x":12,"y":124,"width":92,"height":20}}
[0710月2026 03:30:42.793] [NekoJS-Log-Flusher/INFO] [NekoJS/]: [client] [ticket48-auto] {"stage":"sample","ticks":11300,"elapsedMs":565826,"statistics":{"initialBuild":1,"layout":13,"reconcile":3,"resize":2,"paint":20909,"diagnostics":3,"cleanup":0},"disposed":false,"username":"","passwordLength":0,"error":"","submitting":false,"lastSubmitted":"","renderFault":true,"recoveryCount":1,"listValues":[{"id":"first","text":"A"},{"id":"second","text":"B"}],"listNodes":[{"id":"list-first","text":"A","rect":{"x":0,"y":230,"width":30,"height":10}},{"id":"list-second","text":"B","rect":{"x":30,"y":230,"width":30,"height":10}}],"profile":2,"packFontWidth":36,"usernameRect":{"x":12,"y":57,"width":196,"height":20},"passwordRect":{"x":12,"y":96,"width":196,"height":20},"submitRect":{"x":12,"y":124,"width":92,"height":20}}
[0710月2026 03:30:47.792] [NekoJS-Log-Flusher/INFO] [NekoJS/]: [client] [ticket48-auto] {"stage":"sample","ticks":11400,"elapsedMs":570841,"statistics":{"initialBuild":1,"layout":13,"reconcile":3,"resize":2,"paint":21059,"diagnostics":3,"cleanup":0},"disposed":false,"username":"","passwordLength":0,"error":"","submitting":false,"lastSubmitted":"","renderFault":true,"recoveryCount":1,"listValues":[{"id":"first","text":"A"},{"id":"second","text":"B"}],"listNodes":[{"id":"list-first","text":"A","rect":{"x":0,"y":230,"width":30,"height":10}},{"id":"list-second","text":"B","rect":{"x":30,"y":230,"width":30,"height":10}}],"profile":2,"packFontWidth":36,"usernameRect":{"x":12,"y":57,"width":196,"height":20},"passwordRect":{"x":12,"y":96,"width":196,"height":20},"submitRect":{"x":12,"y":124,"width":92,"height":20}}
[0710月2026 03:30:52.791] [NekoJS-Log-Flusher/INFO] [NekoJS/]: [client] [ticket48-auto] {"stage":"sample","ticks":11500,"elapsedMs":575824,"statistics":{"initialBuild":1,"layout":13,"reconcile":3,"resize":2,"paint":21208,"diagnostics":3,"cleanup":0},"disposed":false,"username":"","passwordLength":0,"error":"","submitting":false,"lastSubmitted":"","renderFault":true,"recoveryCount":1,"listValues":[{"id":"first","text":"A"},{"id":"second","text":"B"}],"listNodes":[{"id":"list-first","text":"A","rect":{"x":0,"y":230,"width":30,"height":10}},{"id":"list-second","text":"B","rect":{"x":30,"y":230,"width":30,"height":10}}],"profile":2,"packFontWidth":36,"usernameRect":{"x":12,"y":57,"width":196,"height":20},"passwordRect":{"x":12,"y":96,"width":196,"height":20},"submitRect":{"x":12,"y":124,"width":92,"height":20}}
[0710月2026 03:30:57.793] [NekoJS-Log-Flusher/INFO] [NekoJS/]: [client] [ticket48-auto] {"stage":"sample","ticks":11600,"elapsedMs":580840,"statistics":{"initialBuild":1,"layout":13,"reconcile":3,"resize":2,"paint":21358,"diagnostics":3,"cleanup":0},"disposed":false,"username":"","passwordLength":0,"error":"","submitting":false,"lastSubmitted":"","renderFault":true,"recoveryCount":1,"listValues":[{"id":"first","text":"A"},{"id":"second","text":"B"}],"listNodes":[{"id":"list-first","text":"A","rect":{"x":0,"y":230,"width":30,"height":10}},{"id":"list-second","text":"B","rect":{"x":30,"y":230,"width":30,"height":10}}],"profile":2,"packFontWidth":36,"usernameRect":{"x":12,"y":57,"width":196,"height":20},"passwordRect":{"x":12,"y":96,"width":196,"height":20},"submitRect":{"x":12,"y":124,"width":92,"height":20}}
[0710月2026 03:31:02.793] [NekoJS-Log-Flusher/INFO] [NekoJS/]: [client] [ticket48-auto] {"stage":"sample","ticks":11700,"elapsedMs":585820,"statistics":{"initialBuild":1,"layout":13,"reconcile":3,"resize":2,"paint":21507,"diagnostics":3,"cleanup":0},"disposed":false,"username":"","passwordLength":0,"error":"","submitting":false,"lastSubmitted":"","renderFault":true,"recoveryCount":1,"listValues":[{"id":"first","text":"A"},{"id":"second","text":"B"}],"listNodes":[{"id":"list-first","text":"A","rect":{"x":0,"y":230,"width":30,"height":10}},{"id":"list-second","text":"B","rect":{"x":30,"y":230,"width":30,"height":10}}],"profile":2,"packFontWidth":36,"usernameRect":{"x":12,"y":57,"width":196,"height":20},"passwordRect":{"x":12,"y":96,"width":196,"height":20},"submitRect":{"x":12,"y":124,"width":92,"height":20}}
[0710月2026 03:31:07.792] [NekoJS-Log-Flusher/INFO] [NekoJS/]: [client] [ticket48-auto] {"stage":"sample","ticks":11800,"elapsedMs":590834,"statistics":{"initialBuild":1,"layout":13,"reconcile":3,"resize":2,"paint":21657,"diagnostics":3,"cleanup":0},"disposed":false,"username":"","passwordLength":0,"error":"","submitting":false,"lastSubmitted":"","renderFault":true,"recoveryCount":1,"listValues":[{"id":"first","text":"A"},{"id":"second","text":"B"}],"listNodes":[{"id":"list-first","text":"A","rect":{"x":0,"y":230,"width":30,"height":10}},{"id":"list-second","text":"B","rect":{"x":30,"y":230,"width":30,"height":10}}],"profile":2,"packFontWidth":36,"usernameRect":{"x":12,"y":57,"width":196,"height":20},"passwordRect":{"x":12,"y":96,"width":196,"height":20},"submitRect":{"x":12,"y":124,"width":92,"height":20}}
[0710月2026 03:31:12.792] [NekoJS-Log-Flusher/INFO] [NekoJS/]: [client] [ticket48-auto] {"stage":"sample","ticks":11900,"elapsedMs":595847,"statistics":{"initialBuild":1,"layout":13,"reconcile":3,"resize":2,"paint":21807,"diagnostics":3,"cleanup":0},"disposed":false,"username":"","passwordLength":0,"error":"","submitting":false,"lastSubmitted":"","renderFault":true,"recoveryCount":1,"listValues":[{"id":"first","text":"A"},{"id":"second","text":"B"}],"listNodes":[{"id":"list-first","text":"A","rect":{"x":0,"y":230,"width":30,"height":10}},{"id":"list-second","text":"B","rect":{"x":30,"y":230,"width":30,"height":10}}],"profile":2,"packFontWidth":36,"usernameRect":{"x":12,"y":57,"width":196,"height":20},"passwordRect":{"x":12,"y":96,"width":196,"height":20},"submitRect":{"x":12,"y":124,"width":92,"height":20}}
[0710月2026 03:31:17.796] [NekoJS-Log-Flusher/INFO] [NekoJS/]: [client] [ticket48-auto] {"stage":"sample","ticks":12000,"elapsedMs":600838,"statistics":{"initialBuild":1,"layout":13,"reconcile":3,"resize":2,"paint":21956,"diagnostics":3,"cleanup":0},"disposed":false,"username":"","passwordLength":0,"error":"","submitting":false,"lastSubmitted":"","renderFault":true,"recoveryCount":1,"listValues":[{"id":"first","text":"A"},{"id":"second","text":"B"}],"listNodes":[{"id":"list-first","text":"A","rect":{"x":0,"y":230,"width":30,"height":10}},{"id":"list-second","text":"B","rect":{"x":30,"y":230,"width":30,"height":10}}],"profile":2,"packFontWidth":36,"usernameRect":{"x":12,"y":57,"width":196,"height":20},"passwordRect":{"x":12,"y":96,"width":196,"height":20},"submitRect":{"x":12,"y":124,"width":92,"height":20}}
[0710月2026 03:31:21.851] [NekoJS-Log-Flusher/INFO] [NekoJS/]: [client] [ticket48-auto] {"stage":"sample","ticks":12100,"elapsedMs":605826,"statistics":{"initialBuild":1,"layout":13,"reconcile":3,"resize":2,"paint":22095,"diagnostics":3,"cleanup":0},"disposed":false,"username":"","passwordLength":0,"error":"","submitting":false,"lastSubmitted":"","renderFault":true,"recoveryCount":1,"listValues":[{"id":"first","text":"A"},{"id":"second","text":"B"}],"listNodes":[{"id":"list-first","text":"A","rect":{"x":0,"y":230,"width":30,"height":10}},{"id":"list-second","text":"B","rect":{"x":30,"y":230,"width":30,"height":10}}],"profile":2,"packFontWidth":36,"usernameRect":{"x":12,"y":57,"width":196,"height":20},"passwordRect":{"x":12,"y":96,"width":196,"height":20},"submitRect":{"x":12,"y":124,"width":92,"height":20}}
[0710月2026 03:31:27.792] [NekoJS-Log-Flusher/INFO] [NekoJS/]: [client] [ticket48-auto] {"stage":"sample","ticks":12200,"elapsedMs":610827,"statistics":{"initialBuild":1,"layout":13,"reconcile":3,"resize":2,"paint":22222,"diagnostics":3,"cleanup":0},"disposed":false,"username":"","passwordLength":0,"error":"","submitting":false,"lastSubmitted":"","renderFault":true,"recoveryCount":1,"listValues":[{"id":"first","text":"A"},{"id":"second","text":"B"}],"listNodes":[{"id":"list-first","text":"A","rect":{"x":0,"y":230,"width":30,"height":10}},{"id":"list-second","text":"B","rect":{"x":30,"y":230,"width":30,"height":10}}],"profile":2,"packFontWidth":36,"usernameRect":{"x":12,"y":57,"width":196,"height":20},"passwordRect":{"x":12,"y":96,"width":196,"height":20},"submitRect":{"x":12,"y":124,"width":92,"height":20}}
[0710月2026 03:31:32.792] [NekoJS-Log-Flusher/INFO] [NekoJS/]: [client] [ticket48-auto] {"stage":"sample","ticks":12300,"elapsedMs":615843,"statistics":{"initialBuild":1,"layout":13,"reconcile":3,"resize":2,"paint":22372,"diagnostics":3,"cleanup":0},"disposed":false,"username":"","passwordLength":0,"error":"","submitting":false,"lastSubmitted":"","renderFault":true,"recoveryCount":1,"listValues":[{"id":"first","text":"A"},{"id":"second","text":"B"}],"listNodes":[{"id":"list-first","text":"A","rect":{"x":0,"y":230,"width":30,"height":10}},{"id":"list-second","text":"B","rect":{"x":30,"y":230,"width":30,"height":10}}],"profile":2,"packFontWidth":36,"usernameRect":{"x":12,"y":57,"width":196,"height":20},"passwordRect":{"x":12,"y":96,"width":196,"height":20},"submitRect":{"x":12,"y":124,"width":92,"height":20}}
[0710月2026 03:31:37.793] [NekoJS-Log-Flusher/INFO] [NekoJS/]: [client] [ticket48-auto] {"stage":"sample","ticks":12400,"elapsedMs":620821,"statistics":{"initialBuild":1,"layout":13,"reconcile":3,"resize":2,"paint":22521,"diagnostics":3,"cleanup":0},"disposed":false,"username":"","passwordLength":0,"error":"","submitting":false,"lastSubmitted":"","renderFault":true,"recoveryCount":1,"listValues":[{"id":"first","text":"A"},{"id":"second","text":"B"}],"listNodes":[{"id":"list-first","text":"A","rect":{"x":0,"y":230,"width":30,"height":10}},{"id":"list-second","text":"B","rect":{"x":30,"y":230,"width":30,"height":10}}],"profile":2,"packFontWidth":36,"usernameRect":{"x":12,"y":57,"width":196,"height":20},"passwordRect":{"x":12,"y":96,"width":196,"height":20},"submitRect":{"x":12,"y":124,"width":92,"height":20}}
[0710月2026 03:31:42.793] [NekoJS-Log-Flusher/INFO] [NekoJS/]: [client] [ticket48-auto] {"stage":"sample","ticks":12500,"elapsedMs":625833,"statistics":{"initialBuild":1,"layout":13,"reconcile":3,"resize":2,"paint":22671,"diagnostics":3,"cleanup":0},"disposed":false,"username":"","passwordLength":0,"error":"","submitting":false,"lastSubmitted":"","renderFault":true,"recoveryCount":1,"listValues":[{"id":"first","text":"A"},{"id":"second","text":"B"}],"listNodes":[{"id":"list-first","text":"A","rect":{"x":0,"y":230,"width":30,"height":10}},{"id":"list-second","text":"B","rect":{"x":30,"y":230,"width":30,"height":10}}],"profile":2,"packFontWidth":36,"usernameRect":{"x":12,"y":57,"width":196,"height":20},"passwordRect":{"x":12,"y":96,"width":196,"height":20},"submitRect":{"x":12,"y":124,"width":92,"height":20}}
[0710月2026 03:31:47.792] [NekoJS-Log-Flusher/INFO] [NekoJS/]: [client] [ticket48-auto] {"stage":"sample","ticks":12600,"elapsedMs":630846,"statistics":{"initialBuild":1,"layout":13,"reconcile":3,"resize":2,"paint":22821,"diagnostics":3,"cleanup":0},"disposed":false,"username":"","passwordLength":0,"error":"","submitting":false,"lastSubmitted":"","renderFault":true,"recoveryCount":1,"listValues":[{"id":"first","text":"A"},{"id":"second","text":"B"}],"listNodes":[{"id":"list-first","text":"A","rect":{"x":0,"y":230,"width":30,"height":10}},{"id":"list-second","text":"B","rect":{"x":30,"y":230,"width":30,"height":10}}],"profile":2,"packFontWidth":36,"usernameRect":{"x":12,"y":57,"width":196,"height":20},"passwordRect":{"x":12,"y":96,"width":196,"height":20},"submitRect":{"x":12,"y":124,"width":92,"height":20}}
[0710月2026 03:31:52.793] [NekoJS-Log-Flusher/INFO] [NekoJS/]: [client] [ticket48-auto] {"stage":"sample","ticks":12700,"elapsedMs":635826,"statistics":{"initialBuild":1,"layout":13,"reconcile":3,"resize":2,"paint":22970,"diagnostics":3,"cleanup":0},"disposed":false,"username":"","passwordLength":0,"error":"","submitting":false,"lastSubmitted":"","renderFault":true,"recoveryCount":1,"listValues":[{"id":"first","text":"A"},{"id":"second","text":"B"}],"listNodes":[{"id":"list-first","text":"A","rect":{"x":0,"y":230,"width":30,"height":10}},{"id":"list-second","text":"B","rect":{"x":30,"y":230,"width":30,"height":10}}],"profile":2,"packFontWidth":36,"usernameRect":{"x":12,"y":57,"width":196,"height":20},"passwordRect":{"x":12,"y":96,"width":196,"height":20},"submitRect":{"x":12,"y":124,"width":92,"height":20}}
[0710月2026 03:31:57.801] [NekoJS-Log-Flusher/INFO] [NekoJS/]: [client] [ticket48-auto] {"stage":"sample","ticks":12800,"elapsedMs":640840,"statistics":{"initialBuild":1,"layout":13,"reconcile":3,"resize":2,"paint":23120,"diagnostics":3,"cleanup":0},"disposed":false,"username":"","passwordLength":0,"error":"","submitting":false,"lastSubmitted":"","renderFault":true,"recoveryCount":1,"listValues":[{"id":"first","text":"A"},{"id":"second","text":"B"}],"listNodes":[{"id":"list-first","text":"A","rect":{"x":0,"y":230,"width":30,"height":10}},{"id":"list-second","text":"B","rect":{"x":30,"y":230,"width":30,"height":10}}],"profile":2,"packFontWidth":36,"usernameRect":{"x":12,"y":57,"width":196,"height":20},"passwordRect":{"x":12,"y":96,"width":196,"height":20},"submitRect":{"x":12,"y":124,"width":92,"height":20}}
[0710月2026 03:32:02.804] [NekoJS-Log-Flusher/INFO] [NekoJS/]: [client] [ticket48-auto] {"stage":"sample","ticks":12900,"elapsedMs":645823,"statistics":{"initialBuild":1,"layout":13,"reconcile":3,"resize":2,"paint":23269,"diagnostics":3,"cleanup":0},"disposed":false,"username":"","passwordLength":0,"error":"","submitting":false,"lastSubmitted":"","renderFault":true,"recoveryCount":1,"listValues":[{"id":"first","text":"A"},{"id":"second","text":"B"}],"listNodes":[{"id":"list-first","text":"A","rect":{"x":0,"y":230,"width":30,"height":10}},{"id":"list-second","text":"B","rect":{"x":30,"y":230,"width":30,"height":10}}],"profile":2,"packFontWidth":36,"usernameRect":{"x":12,"y":57,"width":196,"height":20},"passwordRect":{"x":12,"y":96,"width":196,"height":20},"submitRect":{"x":12,"y":124,"width":92,"height":20}}
[0710月2026 03:32:07.854] [NekoJS-Log-Flusher/INFO] [NekoJS/]: [client] [ticket48-auto] {"stage":"sample","ticks":13000,"elapsedMs":650822,"statistics":{"initialBuild":1,"layout":13,"reconcile":3,"resize":2,"paint":23402,"diagnostics":3,"cleanup":0},"disposed":false,"username":"","passwordLength":0,"error":"","submitting":false,"lastSubmitted":"","renderFault":true,"recoveryCount":1,"listValues":[{"id":"first","text":"A"},{"id":"second","text":"B"}],"listNodes":[{"id":"list-first","text":"A","rect":{"x":0,"y":230,"width":30,"height":10}},{"id":"list-second","text":"B","rect":{"x":30,"y":230,"width":30,"height":10}}],"profile":2,"packFontWidth":36,"usernameRect":{"x":12,"y":57,"width":196,"height":20},"passwordRect":{"x":12,"y":96,"width":196,"height":20},"submitRect":{"x":12,"y":124,"width":92,"height":20}}
[0710月2026 03:32:12.792] [NekoJS-Log-Flusher/INFO] [NekoJS/]: [client] [ticket48-auto] {"stage":"sample","ticks":13100,"elapsedMs":655831,"statistics":{"initialBuild":1,"layout":13,"reconcile":3,"resize":2,"paint":23546,"diagnostics":3,"cleanup":0},"disposed":false,"username":"","passwordLength":0,"error":"","submitting":false,"lastSubmitted":"","renderFault":true,"recoveryCount":1,"listValues":[{"id":"first","text":"A"},{"id":"second","text":"B"}],"listNodes":[{"id":"list-first","text":"A","rect":{"x":0,"y":230,"width":30,"height":10}},{"id":"list-second","text":"B","rect":{"x":30,"y":230,"width":30,"height":10}}],"profile":2,"packFontWidth":36,"usernameRect":{"x":12,"y":57,"width":196,"height":20},"passwordRect":{"x":12,"y":96,"width":196,"height":20},"submitRect":{"x":12,"y":124,"width":92,"height":20}}
[0710月2026 03:32:17.794] [NekoJS-Log-Flusher/INFO] [NekoJS/]: [client] [ticket48-auto] {"stage":"sample","ticks":13200,"elapsedMs":660845,"statistics":{"initialBuild":1,"layout":13,"reconcile":3,"resize":2,"paint":23696,"diagnostics":3,"cleanup":0},"disposed":false,"username":"","passwordLength":0,"error":"","submitting":false,"lastSubmitted":"","renderFault":true,"recoveryCount":1,"listValues":[{"id":"first","text":"A"},{"id":"second","text":"B"}],"listNodes":[{"id":"list-first","text":"A","rect":{"x":0,"y":230,"width":30,"height":10}},{"id":"list-second","text":"B","rect":{"x":30,"y":230,"width":30,"height":10}}],"profile":2,"packFontWidth":36,"usernameRect":{"x":12,"y":57,"width":196,"height":20},"passwordRect":{"x":12,"y":96,"width":196,"height":20},"submitRect":{"x":12,"y":124,"width":92,"height":20}}
[0710月2026 03:32:22.794] [NekoJS-Log-Flusher/INFO] [NekoJS/]: [client] [ticket48-auto] {"stage":"sample","ticks":13300,"elapsedMs":665824,"statistics":{"initialBuild":1,"layout":13,"reconcile":3,"resize":2,"paint":23845,"diagnostics":3,"cleanup":0},"disposed":false,"username":"","passwordLength":0,"error":"","submitting":false,"lastSubmitted":"","renderFault":true,"recoveryCount":1,"listValues":[{"id":"first","text":"A"},{"id":"second","text":"B"}],"listNodes":[{"id":"list-first","text":"A","rect":{"x":0,"y":230,"width":30,"height":10}},{"id":"list-second","text":"B","rect":{"x":30,"y":230,"width":30,"height":10}}],"profile":2,"packFontWidth":36,"usernameRect":{"x":12,"y":57,"width":196,"height":20},"passwordRect":{"x":12,"y":96,"width":196,"height":20},"submitRect":{"x":12,"y":124,"width":92,"height":20}}
[0710月2026 03:32:27.793] [NekoJS-Log-Flusher/INFO] [NekoJS/]: [client] [ticket48-auto] {"stage":"sample","ticks":13400,"elapsedMs":670837,"statistics":{"initialBuild":1,"layout":13,"reconcile":3,"resize":2,"paint":23995,"diagnostics":3,"cleanup":0},"disposed":false,"username":"","passwordLength":0,"error":"","submitting":false,"lastSubmitted":"","renderFault":true,"recoveryCount":1,"listValues":[{"id":"first","text":"A"},{"id":"second","text":"B"}],"listNodes":[{"id":"list-first","text":"A","rect":{"x":0,"y":230,"width":30,"height":10}},{"id":"list-second","text":"B","rect":{"x":30,"y":230,"width":30,"height":10}}],"profile":2,"packFontWidth":36,"usernameRect":{"x":12,"y":57,"width":196,"height":20},"passwordRect":{"x":12,"y":96,"width":196,"height":20},"submitRect":{"x":12,"y":124,"width":92,"height":20}}
[0710月2026 03:32:32.813] [NekoJS-Log-Flusher/INFO] [NekoJS/]: [client] [ticket48-auto] {"stage":"sample","ticks":13500,"elapsedMs":675818,"statistics":{"initialBuild":1,"layout":13,"reconcile":3,"resize":2,"paint":24144,"diagnostics":3,"cleanup":0},"disposed":false,"username":"","passwordLength":0,"error":"","submitting":false,"lastSubmitted":"","renderFault":true,"recoveryCount":1,"listValues":[{"id":"first","text":"A"},{"id":"second","text":"B"}],"listNodes":[{"id":"list-first","text":"A","rect":{"x":0,"y":230,"width":30,"height":10}},{"id":"list-second","text":"B","rect":{"x":30,"y":230,"width":30,"height":10}}],"profile":2,"packFontWidth":36,"usernameRect":{"x":12,"y":57,"width":196,"height":20},"passwordRect":{"x":12,"y":96,"width":196,"height":20},"submitRect":{"x":12,"y":124,"width":92,"height":20}}
[0710月2026 03:32:37.807] [NekoJS-Log-Flusher/INFO] [NekoJS/]: [client] [ticket48-auto] {"stage":"sample","ticks":13600,"elapsedMs":680833,"statistics":{"initialBuild":1,"layout":13,"reconcile":3,"resize":2,"paint":24294,"diagnostics":3,"cleanup":0},"disposed":false,"username":"","passwordLength":0,"error":"","submitting":false,"lastSubmitted":"","renderFault":true,"recoveryCount":1,"listValues":[{"id":"first","text":"A"},{"id":"second","text":"B"}],"listNodes":[{"id":"list-first","text":"A","rect":{"x":0,"y":230,"width":30,"height":10}},{"id":"list-second","text":"B","rect":{"x":30,"y":230,"width":30,"height":10}}],"profile":2,"packFontWidth":36,"usernameRect":{"x":12,"y":57,"width":196,"height":20},"passwordRect":{"x":12,"y":96,"width":196,"height":20},"submitRect":{"x":12,"y":124,"width":92,"height":20}}
